# ASTRAX SpaceShipTwo (VSS Unity) cabin — cockpit
# build_parts.py が作る。単位はメートル。X=前の隔壁(0)→機尾, Y=上(キールの上面が0), Z=機首を向いて左（右舷は-Z）
o Cockpit_PanelFace
v -0.8443 0.6101 -0.7909
v -0.8443 0.6101 -0.7300
v -0.8443 0.6101 -0.6692
v -0.8443 0.6101 -0.6084
v -0.8443 0.6101 -0.5475
v -0.8443 0.6101 -0.4867
v -0.8443 0.6101 -0.4259
v -0.8443 0.6101 -0.3650
v -0.8443 0.6101 -0.3042
v -0.8443 0.6101 -0.2433
v -0.8443 0.6101 -0.1825
v -0.8443 0.6101 -0.1217
v -0.8443 0.6101 -0.0608
v -0.8443 0.6101 0.0000
v -0.8443 0.6101 0.0608
v -0.8443 0.6101 0.1217
v -0.8443 0.6101 0.1825
v -0.8443 0.6101 0.2433
v -0.8443 0.6101 0.3042
v -0.8443 0.6101 0.3650
v -0.8443 0.6101 0.4259
v -0.8443 0.6101 0.4867
v -0.8443 0.6101 0.5475
v -0.8443 0.6101 0.6084
v -0.8443 0.6101 0.6692
v -0.8443 0.6101 0.7300
v -0.8443 0.6101 0.7909
v -0.8550 0.6607 -0.7909
v -0.8550 0.6607 -0.7300
v -0.8550 0.6607 -0.6692
v -0.8550 0.6607 -0.6084
v -0.8550 0.6607 -0.5475
v -0.8550 0.6607 -0.4867
v -0.8550 0.6607 -0.4259
v -0.8550 0.6607 -0.3650
v -0.8550 0.6607 -0.3042
v -0.8550 0.6607 -0.2433
v -0.8550 0.6607 -0.1825
v -0.8550 0.6607 -0.1217
v -0.8550 0.6607 -0.0608
v -0.8550 0.6607 0.0000
v -0.8550 0.6607 0.0608
v -0.8550 0.6607 0.1217
v -0.8550 0.6607 0.1825
v -0.8550 0.6607 0.2433
v -0.8550 0.6607 0.3042
v -0.8550 0.6607 0.3650
v -0.8550 0.6607 0.4259
v -0.8550 0.6607 0.4867
v -0.8550 0.6607 0.5475
v -0.8550 0.6607 0.6084
v -0.8550 0.6607 0.6692
v -0.8550 0.6607 0.7300
v -0.8550 0.6607 0.7909
v -0.8658 0.7112 -0.7909
v -0.8658 0.7112 -0.7300
v -0.8658 0.7112 -0.6692
v -0.8658 0.7112 -0.6084
v -0.8658 0.7112 -0.5475
v -0.8658 0.7112 -0.4867
v -0.8658 0.7112 -0.4259
v -0.8658 0.7112 -0.3650
v -0.8658 0.7112 -0.3042
v -0.8658 0.7112 -0.2433
v -0.8658 0.7112 -0.1825
v -0.8658 0.7112 -0.1217
v -0.8658 0.7112 -0.0608
v -0.8658 0.7112 0.0000
v -0.8658 0.7112 0.0608
v -0.8658 0.7112 0.1217
v -0.8658 0.7112 0.1825
v -0.8658 0.7112 0.2433
v -0.8658 0.7112 0.3042
v -0.8658 0.7112 0.3650
v -0.8658 0.7112 0.4259
v -0.8658 0.7112 0.4867
v -0.8658 0.7112 0.5475
v -0.8658 0.7112 0.6084
v -0.8658 0.7112 0.6692
v -0.8658 0.7112 0.7300
v -0.8658 0.7112 0.7909
v -0.8765 0.7618 -0.7909
v -0.8765 0.7618 -0.7300
v -0.8765 0.7618 -0.6692
v -0.8765 0.7618 -0.6084
v -0.8765 0.7618 -0.5475
v -0.8765 0.7618 -0.4867
v -0.8765 0.7618 -0.4259
v -0.8765 0.7618 -0.3650
v -0.8765 0.7618 -0.3042
v -0.8765 0.7618 -0.2433
v -0.8765 0.7618 -0.1825
v -0.8765 0.7618 -0.1217
v -0.8765 0.7618 -0.0608
v -0.8765 0.7618 0.0000
v -0.8765 0.7618 0.0608
v -0.8765 0.7618 0.1217
v -0.8765 0.7618 0.1825
v -0.8765 0.7618 0.2433
v -0.8765 0.7618 0.3042
v -0.8765 0.7618 0.3650
v -0.8765 0.7618 0.4259
v -0.8765 0.7618 0.4867
v -0.8765 0.7618 0.5475
v -0.8765 0.7618 0.6084
v -0.8765 0.7618 0.6692
v -0.8765 0.7618 0.7300
v -0.8765 0.7618 0.7909
v -0.8873 0.8123 -0.7909
v -0.8873 0.8123 -0.7300
v -0.8873 0.8123 -0.6692
v -0.8873 0.8123 -0.6084
v -0.8873 0.8123 -0.5475
v -0.8873 0.8123 -0.4867
v -0.8873 0.8123 -0.4259
v -0.8873 0.8123 -0.3650
v -0.8873 0.8123 -0.3042
v -0.8873 0.8123 -0.2433
v -0.8873 0.8123 -0.1825
v -0.8873 0.8123 -0.1217
v -0.8873 0.8123 -0.0608
v -0.8873 0.8123 0.0000
v -0.8873 0.8123 0.0608
v -0.8873 0.8123 0.1217
v -0.8873 0.8123 0.1825
v -0.8873 0.8123 0.2433
v -0.8873 0.8123 0.3042
v -0.8873 0.8123 0.3650
v -0.8873 0.8123 0.4259
v -0.8873 0.8123 0.4867
v -0.8873 0.8123 0.5475
v -0.8873 0.8123 0.6084
v -0.8873 0.8123 0.6692
v -0.8873 0.8123 0.7300
v -0.8873 0.8123 0.7909
v -0.8980 0.8629 -0.7909
v -0.8980 0.8629 -0.7300
v -0.8980 0.8629 -0.6692
v -0.8980 0.8629 -0.6084
v -0.8980 0.8629 -0.5475
v -0.8980 0.8629 -0.4867
v -0.8980 0.8629 -0.4259
v -0.8980 0.8629 -0.3650
v -0.8980 0.8629 -0.3042
v -0.8980 0.8629 -0.2433
v -0.8980 0.8629 -0.1825
v -0.8980 0.8629 -0.1217
v -0.8980 0.8629 -0.0608
v -0.8980 0.8629 0.0000
v -0.8980 0.8629 0.0608
v -0.8980 0.8629 0.1217
v -0.8980 0.8629 0.1825
v -0.8980 0.8629 0.2433
v -0.8980 0.8629 0.3042
v -0.8980 0.8629 0.3650
v -0.8980 0.8629 0.4259
v -0.8980 0.8629 0.4867
v -0.8980 0.8629 0.5475
v -0.8980 0.8629 0.6084
v -0.8980 0.8629 0.6692
v -0.8980 0.8629 0.7300
v -0.8980 0.8629 0.7909
v -0.9088 0.9134 -0.7909
v -0.9088 0.9134 -0.7300
v -0.9088 0.9134 -0.6692
v -0.9088 0.9134 -0.6084
v -0.9088 0.9134 -0.5475
v -0.9088 0.9134 -0.4867
v -0.9088 0.9134 -0.4259
v -0.9088 0.9134 -0.3650
v -0.9088 0.9134 -0.3042
v -0.9088 0.9134 -0.2433
v -0.9088 0.9134 -0.1825
v -0.9088 0.9134 -0.1217
v -0.9088 0.9134 -0.0608
v -0.9088 0.9134 0.0000
v -0.9088 0.9134 0.0608
v -0.9088 0.9134 0.1217
v -0.9088 0.9134 0.1825
v -0.9088 0.9134 0.2433
v -0.9088 0.9134 0.3042
v -0.9088 0.9134 0.3650
v -0.9088 0.9134 0.4259
v -0.9088 0.9134 0.4867
v -0.9088 0.9134 0.5475
v -0.9088 0.9134 0.6084
v -0.9088 0.9134 0.6692
v -0.9088 0.9134 0.7300
v -0.9088 0.9134 0.7909
v -0.9195 0.9640 -0.7909
v -0.9195 0.9640 -0.7300
v -0.9195 0.9640 -0.6692
v -0.9195 0.9640 -0.6084
v -0.9195 0.9640 -0.5475
v -0.9195 0.9640 -0.4867
v -0.9195 0.9640 -0.4259
v -0.9195 0.9640 -0.3650
v -0.9195 0.9640 -0.3042
v -0.9195 0.9640 -0.2433
v -0.9195 0.9640 -0.1825
v -0.9195 0.9640 -0.1217
v -0.9195 0.9640 -0.0608
v -0.9195 0.9640 0.0000
v -0.9195 0.9640 0.0608
v -0.9195 0.9640 0.1217
v -0.9195 0.9640 0.1825
v -0.9195 0.9640 0.2433
v -0.9195 0.9640 0.3042
v -0.9195 0.9640 0.3650
v -0.9195 0.9640 0.4259
v -0.9195 0.9640 0.4867
v -0.9195 0.9640 0.5475
v -0.9195 0.9640 0.6084
v -0.9195 0.9640 0.6692
v -0.9195 0.9640 0.7300
v -0.9195 0.9640 0.7909
v -0.9302 1.0146 -0.7909
v -0.9302 1.0146 -0.7300
v -0.9302 1.0146 -0.6692
v -0.9302 1.0146 -0.6084
v -0.9302 1.0146 -0.5475
v -0.9302 1.0146 -0.4867
v -0.9302 1.0146 -0.4259
v -0.9302 1.0146 -0.3650
v -0.9302 1.0146 -0.3042
v -0.9302 1.0146 -0.2433
v -0.9302 1.0146 -0.1825
v -0.9302 1.0146 -0.1217
v -0.9302 1.0146 -0.0608
v -0.9302 1.0146 0.0000
v -0.9302 1.0146 0.0608
v -0.9302 1.0146 0.1217
v -0.9302 1.0146 0.1825
v -0.9302 1.0146 0.2433
v -0.9302 1.0146 0.3042
v -0.9302 1.0146 0.3650
v -0.9302 1.0146 0.4259
v -0.9302 1.0146 0.4867
v -0.9302 1.0146 0.5475
v -0.9302 1.0146 0.6084
v -0.9302 1.0146 0.6692
v -0.9302 1.0146 0.7300
v -0.9302 1.0146 0.7909
v -0.9410 1.0651 -0.7909
v -0.9410 1.0651 -0.7300
v -0.9410 1.0651 -0.6692
v -0.9410 1.0651 -0.6084
v -0.9410 1.0651 -0.5475
v -0.9410 1.0651 -0.4867
v -0.9410 1.0651 -0.4259
v -0.9410 1.0651 -0.3650
v -0.9410 1.0651 -0.3042
v -0.9410 1.0651 -0.2433
v -0.9410 1.0651 -0.1825
v -0.9410 1.0651 -0.1217
v -0.9410 1.0651 -0.0608
v -0.9410 1.0651 0.0000
v -0.9410 1.0651 0.0608
v -0.9410 1.0651 0.1217
v -0.9410 1.0651 0.1825
v -0.9410 1.0651 0.2433
v -0.9410 1.0651 0.3042
v -0.9410 1.0651 0.3650
v -0.9410 1.0651 0.4259
v -0.9410 1.0651 0.4867
v -0.9410 1.0651 0.5475
v -0.9410 1.0651 0.6084
v -0.9410 1.0651 0.6692
v -0.9410 1.0651 0.7300
v -0.9410 1.0651 0.7909
v -0.9517 1.1157 -0.7909
v -0.9517 1.1157 -0.7300
v -0.9517 1.1157 -0.6692
v -0.9517 1.1157 -0.6084
v -0.9517 1.1157 -0.5475
v -0.9517 1.1157 -0.4867
v -0.9517 1.1157 -0.4259
v -0.9517 1.1157 -0.3650
v -0.9517 1.1157 -0.3042
v -0.9517 1.1157 -0.2433
v -0.9517 1.1157 -0.1825
v -0.9517 1.1157 -0.1217
v -0.9517 1.1157 -0.0608
v -0.9517 1.1157 0.0000
v -0.9517 1.1157 0.0608
v -0.9517 1.1157 0.1217
v -0.9517 1.1157 0.1825
v -0.9517 1.1157 0.2433
v -0.9517 1.1157 0.3042
v -0.9517 1.1157 0.3650
v -0.9517 1.1157 0.4259
v -0.9517 1.1157 0.4867
v -0.9517 1.1157 0.5475
v -0.9517 1.1157 0.6084
v -0.9517 1.1157 0.6692
v -0.9517 1.1157 0.7300
v -0.9517 1.1157 0.7909
v -0.9625 1.1662 -0.7909
v -0.9625 1.1662 -0.7300
v -0.9625 1.1662 -0.6692
v -0.9625 1.1662 -0.6084
v -0.9625 1.1662 -0.5475
v -0.9625 1.1662 -0.4867
v -0.9625 1.1662 -0.4259
v -0.9625 1.1662 -0.3650
v -0.9625 1.1662 -0.3042
v -0.9625 1.1662 -0.2433
v -0.9625 1.1662 -0.1825
v -0.9625 1.1662 -0.1217
v -0.9625 1.1662 -0.0608
v -0.9625 1.1662 0.0000
v -0.9625 1.1662 0.0608
v -0.9625 1.1662 0.1217
v -0.9625 1.1662 0.1825
v -0.9625 1.1662 0.2433
v -0.9625 1.1662 0.3042
v -0.9625 1.1662 0.3650
v -0.9625 1.1662 0.4259
v -0.9625 1.1662 0.4867
v -0.9625 1.1662 0.5475
v -0.9625 1.1662 0.6084
v -0.9625 1.1662 0.6692
v -0.9625 1.1662 0.7300
v -0.9625 1.1662 0.7909
v -0.9732 1.2168 -0.7909
v -0.9732 1.2168 -0.7300
v -0.9732 1.2168 -0.6692
v -0.9732 1.2168 -0.6084
v -0.9732 1.2168 -0.5475
v -0.9732 1.2168 -0.4867
v -0.9732 1.2168 -0.4259
v -0.9732 1.2168 -0.3650
v -0.9732 1.2168 -0.3042
v -0.9732 1.2168 -0.2433
v -0.9732 1.2168 -0.1825
v -0.9732 1.2168 -0.1217
v -0.9732 1.2168 -0.0608
v -0.9732 1.2168 0.0000
v -0.9732 1.2168 0.0608
v -0.9732 1.2168 0.1217
v -0.9732 1.2168 0.1825
v -0.9732 1.2168 0.2433
v -0.9732 1.2168 0.3042
v -0.9732 1.2168 0.3650
v -0.9732 1.2168 0.4259
v -0.9732 1.2168 0.4867
v -0.9732 1.2168 0.5475
v -0.9732 1.2168 0.6084
v -0.9732 1.2168 0.6692
v -0.9732 1.2168 0.7300
v -0.9732 1.2168 0.7909
v -0.9840 1.2673 -0.7909
v -0.9840 1.2673 -0.7300
v -0.9840 1.2673 -0.6692
v -0.9840 1.2673 -0.6084
v -0.9840 1.2673 -0.5475
v -0.9840 1.2673 -0.4867
v -0.9840 1.2673 -0.4259
v -0.9840 1.2673 -0.3650
v -0.9840 1.2673 -0.3042
v -0.9840 1.2673 -0.2433
v -0.9840 1.2673 -0.1825
v -0.9840 1.2673 -0.1217
v -0.9840 1.2673 -0.0608
v -0.9840 1.2673 0.0000
v -0.9840 1.2673 0.0608
v -0.9840 1.2673 0.1217
v -0.9840 1.2673 0.1825
v -0.9840 1.2673 0.2433
v -0.9840 1.2673 0.3042
v -0.9840 1.2673 0.3650
v -0.9840 1.2673 0.4259
v -0.9840 1.2673 0.4867
v -0.9840 1.2673 0.5475
v -0.9840 1.2673 0.6084
v -0.9840 1.2673 0.6692
v -0.9840 1.2673 0.7300
v -0.9840 1.2673 0.7909
v -0.9947 1.3179 -0.7909
v -0.9947 1.3179 -0.7300
v -0.9947 1.3179 -0.6692
v -0.9947 1.3179 -0.6084
v -0.9947 1.3179 -0.5475
v -0.9947 1.3179 -0.4867
v -0.9947 1.3179 -0.4259
v -0.9947 1.3179 -0.3650
v -0.9947 1.3179 -0.3042
v -0.9947 1.3179 -0.2433
v -0.9947 1.3179 -0.1825
v -0.9947 1.3179 -0.1217
v -0.9947 1.3179 -0.0608
v -0.9947 1.3179 0.0000
v -0.9947 1.3179 0.0608
v -0.9947 1.3179 0.1217
v -0.9947 1.3179 0.1825
v -0.9947 1.3179 0.2433
v -0.9947 1.3179 0.3042
v -0.9947 1.3179 0.3650
v -0.9947 1.3179 0.4259
v -0.9947 1.3179 0.4867
v -0.9947 1.3179 0.5475
v -0.9947 1.3179 0.6084
v -0.9947 1.3179 0.6692
v -0.9947 1.3179 0.7300
v -0.9947 1.3179 0.7909
vt 1.0000 0.0714
vt 0.9615 0.0714
vt 0.9615 0.0000
vt 1.0000 0.0000
vt 0.9615 0.0714
vt 0.9231 0.0714
vt 0.9231 0.0000
vt 0.9615 0.0000
vt 0.9231 0.0714
vt 0.8846 0.0714
vt 0.8846 0.0000
vt 0.9231 0.0000
vt 0.8846 0.0714
vt 0.8462 0.0714
vt 0.8462 0.0000
vt 0.8846 0.0000
vt 0.8462 0.0714
vt 0.8077 0.0714
vt 0.8077 0.0000
vt 0.8462 0.0000
vt 0.8077 0.0714
vt 0.7692 0.0714
vt 0.7692 0.0000
vt 0.8077 0.0000
vt 0.7692 0.0714
vt 0.7308 0.0714
vt 0.7308 0.0000
vt 0.7692 0.0000
vt 0.7308 0.0714
vt 0.6923 0.0714
vt 0.6923 0.0000
vt 0.7308 0.0000
vt 0.6923 0.0714
vt 0.6538 0.0714
vt 0.6538 0.0000
vt 0.6923 0.0000
vt 0.6538 0.0714
vt 0.6154 0.0714
vt 0.6154 0.0000
vt 0.6538 0.0000
vt 0.6154 0.0714
vt 0.5769 0.0714
vt 0.5769 0.0000
vt 0.6154 0.0000
vt 0.5769 0.0714
vt 0.5385 0.0714
vt 0.5385 0.0000
vt 0.5769 0.0000
vt 0.5385 0.0714
vt 0.5000 0.0714
vt 0.5000 0.0000
vt 0.5385 0.0000
vt 0.5000 0.0714
vt 0.4615 0.0714
vt 0.4615 0.0000
vt 0.5000 0.0000
vt 0.4615 0.0714
vt 0.4231 0.0714
vt 0.4231 0.0000
vt 0.4615 0.0000
vt 0.4231 0.0714
vt 0.3846 0.0714
vt 0.3846 0.0000
vt 0.4231 0.0000
vt 0.3846 0.0714
vt 0.3462 0.0714
vt 0.3462 0.0000
vt 0.3846 0.0000
vt 0.3462 0.0714
vt 0.3077 0.0714
vt 0.3077 0.0000
vt 0.3462 0.0000
vt 0.3077 0.0714
vt 0.2692 0.0714
vt 0.2692 0.0000
vt 0.3077 0.0000
vt 0.2692 0.0714
vt 0.2308 0.0714
vt 0.2308 0.0000
vt 0.2692 0.0000
vt 0.2308 0.0714
vt 0.1923 0.0714
vt 0.1923 0.0000
vt 0.2308 0.0000
vt 0.1923 0.0714
vt 0.1538 0.0714
vt 0.1538 0.0000
vt 0.1923 0.0000
vt 0.1538 0.0714
vt 0.1154 0.0714
vt 0.1154 0.0000
vt 0.1538 0.0000
vt 0.1154 0.0714
vt 0.0769 0.0714
vt 0.0769 0.0000
vt 0.1154 0.0000
vt 0.0769 0.0714
vt 0.0385 0.0714
vt 0.0385 0.0000
vt 0.0769 0.0000
vt 0.0385 0.0714
vt 0.0000 0.0714
vt 0.0000 0.0000
vt 0.0385 0.0000
vt 1.0000 0.1429
vt 0.9615 0.1429
vt 0.9615 0.0714
vt 1.0000 0.0714
vt 0.9615 0.1429
vt 0.9231 0.1429
vt 0.9231 0.0714
vt 0.9615 0.0714
vt 0.9231 0.1429
vt 0.8846 0.1429
vt 0.8846 0.0714
vt 0.9231 0.0714
vt 0.8846 0.1429
vt 0.8462 0.1429
vt 0.8462 0.0714
vt 0.8846 0.0714
vt 0.8462 0.1429
vt 0.8077 0.1429
vt 0.8077 0.0714
vt 0.8462 0.0714
vt 0.8077 0.1429
vt 0.7692 0.1429
vt 0.7692 0.0714
vt 0.8077 0.0714
vt 0.7692 0.1429
vt 0.7308 0.1429
vt 0.7308 0.0714
vt 0.7692 0.0714
vt 0.7308 0.1429
vt 0.6923 0.1429
vt 0.6923 0.0714
vt 0.7308 0.0714
vt 0.6923 0.1429
vt 0.6538 0.1429
vt 0.6538 0.0714
vt 0.6923 0.0714
vt 0.6538 0.1429
vt 0.6154 0.1429
vt 0.6154 0.0714
vt 0.6538 0.0714
vt 0.6154 0.1429
vt 0.5769 0.1429
vt 0.5769 0.0714
vt 0.6154 0.0714
vt 0.5769 0.1429
vt 0.5385 0.1429
vt 0.5385 0.0714
vt 0.5769 0.0714
vt 0.5385 0.1429
vt 0.5000 0.1429
vt 0.5000 0.0714
vt 0.5385 0.0714
vt 0.5000 0.1429
vt 0.4615 0.1429
vt 0.4615 0.0714
vt 0.5000 0.0714
vt 0.4615 0.1429
vt 0.4231 0.1429
vt 0.4231 0.0714
vt 0.4615 0.0714
vt 0.4231 0.1429
vt 0.3846 0.1429
vt 0.3846 0.0714
vt 0.4231 0.0714
vt 0.3846 0.1429
vt 0.3462 0.1429
vt 0.3462 0.0714
vt 0.3846 0.0714
vt 0.3462 0.1429
vt 0.3077 0.1429
vt 0.3077 0.0714
vt 0.3462 0.0714
vt 0.3077 0.1429
vt 0.2692 0.1429
vt 0.2692 0.0714
vt 0.3077 0.0714
vt 0.2692 0.1429
vt 0.2308 0.1429
vt 0.2308 0.0714
vt 0.2692 0.0714
vt 0.2308 0.1429
vt 0.1923 0.1429
vt 0.1923 0.0714
vt 0.2308 0.0714
vt 0.1923 0.1429
vt 0.1538 0.1429
vt 0.1538 0.0714
vt 0.1923 0.0714
vt 0.1538 0.1429
vt 0.1154 0.1429
vt 0.1154 0.0714
vt 0.1538 0.0714
vt 0.1154 0.1429
vt 0.0769 0.1429
vt 0.0769 0.0714
vt 0.1154 0.0714
vt 0.0769 0.1429
vt 0.0385 0.1429
vt 0.0385 0.0714
vt 0.0769 0.0714
vt 0.0385 0.1429
vt 0.0000 0.1429
vt 0.0000 0.0714
vt 0.0385 0.0714
vt 1.0000 0.2143
vt 0.9615 0.2143
vt 0.9615 0.1429
vt 1.0000 0.1429
vt 0.9615 0.2143
vt 0.9231 0.2143
vt 0.9231 0.1429
vt 0.9615 0.1429
vt 0.9231 0.2143
vt 0.8846 0.2143
vt 0.8846 0.1429
vt 0.9231 0.1429
vt 0.8846 0.2143
vt 0.8462 0.2143
vt 0.8462 0.1429
vt 0.8846 0.1429
vt 0.8462 0.2143
vt 0.8077 0.2143
vt 0.8077 0.1429
vt 0.8462 0.1429
vt 0.8077 0.2143
vt 0.7692 0.2143
vt 0.7692 0.1429
vt 0.8077 0.1429
vt 0.7692 0.2143
vt 0.7308 0.2143
vt 0.7308 0.1429
vt 0.7692 0.1429
vt 0.7308 0.2143
vt 0.6923 0.2143
vt 0.6923 0.1429
vt 0.7308 0.1429
vt 0.6923 0.2143
vt 0.6538 0.2143
vt 0.6538 0.1429
vt 0.6923 0.1429
vt 0.6538 0.2143
vt 0.6154 0.2143
vt 0.6154 0.1429
vt 0.6538 0.1429
vt 0.6154 0.2143
vt 0.5769 0.2143
vt 0.5769 0.1429
vt 0.6154 0.1429
vt 0.5769 0.2143
vt 0.5385 0.2143
vt 0.5385 0.1429
vt 0.5769 0.1429
vt 0.5385 0.2143
vt 0.5000 0.2143
vt 0.5000 0.1429
vt 0.5385 0.1429
vt 0.5000 0.2143
vt 0.4615 0.2143
vt 0.4615 0.1429
vt 0.5000 0.1429
vt 0.4615 0.2143
vt 0.4231 0.2143
vt 0.4231 0.1429
vt 0.4615 0.1429
vt 0.4231 0.2143
vt 0.3846 0.2143
vt 0.3846 0.1429
vt 0.4231 0.1429
vt 0.3846 0.2143
vt 0.3462 0.2143
vt 0.3462 0.1429
vt 0.3846 0.1429
vt 0.3462 0.2143
vt 0.3077 0.2143
vt 0.3077 0.1429
vt 0.3462 0.1429
vt 0.3077 0.2143
vt 0.2692 0.2143
vt 0.2692 0.1429
vt 0.3077 0.1429
vt 0.2692 0.2143
vt 0.2308 0.2143
vt 0.2308 0.1429
vt 0.2692 0.1429
vt 0.2308 0.2143
vt 0.1923 0.2143
vt 0.1923 0.1429
vt 0.2308 0.1429
vt 0.1923 0.2143
vt 0.1538 0.2143
vt 0.1538 0.1429
vt 0.1923 0.1429
vt 0.1538 0.2143
vt 0.1154 0.2143
vt 0.1154 0.1429
vt 0.1538 0.1429
vt 0.1154 0.2143
vt 0.0769 0.2143
vt 0.0769 0.1429
vt 0.1154 0.1429
vt 0.0769 0.2143
vt 0.0385 0.2143
vt 0.0385 0.1429
vt 0.0769 0.1429
vt 0.0385 0.2143
vt 0.0000 0.2143
vt 0.0000 0.1429
vt 0.0385 0.1429
vt 1.0000 0.2857
vt 0.9615 0.2857
vt 0.9615 0.2143
vt 1.0000 0.2143
vt 0.9615 0.2857
vt 0.9231 0.2857
vt 0.9231 0.2143
vt 0.9615 0.2143
vt 0.9231 0.2857
vt 0.8846 0.2857
vt 0.8846 0.2143
vt 0.9231 0.2143
vt 0.8846 0.2857
vt 0.8462 0.2857
vt 0.8462 0.2143
vt 0.8846 0.2143
vt 0.8462 0.2857
vt 0.8077 0.2857
vt 0.8077 0.2143
vt 0.8462 0.2143
vt 0.8077 0.2857
vt 0.7692 0.2857
vt 0.7692 0.2143
vt 0.8077 0.2143
vt 0.7692 0.2857
vt 0.7308 0.2857
vt 0.7308 0.2143
vt 0.7692 0.2143
vt 0.7308 0.2857
vt 0.6923 0.2857
vt 0.6923 0.2143
vt 0.7308 0.2143
vt 0.6923 0.2857
vt 0.6538 0.2857
vt 0.6538 0.2143
vt 0.6923 0.2143
vt 0.6538 0.2857
vt 0.6154 0.2857
vt 0.6154 0.2143
vt 0.6538 0.2143
vt 0.6154 0.2857
vt 0.5769 0.2857
vt 0.5769 0.2143
vt 0.6154 0.2143
vt 0.5769 0.2857
vt 0.5385 0.2857
vt 0.5385 0.2143
vt 0.5769 0.2143
vt 0.5385 0.2857
vt 0.5000 0.2857
vt 0.5000 0.2143
vt 0.5385 0.2143
vt 0.5000 0.2857
vt 0.4615 0.2857
vt 0.4615 0.2143
vt 0.5000 0.2143
vt 0.4615 0.2857
vt 0.4231 0.2857
vt 0.4231 0.2143
vt 0.4615 0.2143
vt 0.4231 0.2857
vt 0.3846 0.2857
vt 0.3846 0.2143
vt 0.4231 0.2143
vt 0.3846 0.2857
vt 0.3462 0.2857
vt 0.3462 0.2143
vt 0.3846 0.2143
vt 0.3462 0.2857
vt 0.3077 0.2857
vt 0.3077 0.2143
vt 0.3462 0.2143
vt 0.3077 0.2857
vt 0.2692 0.2857
vt 0.2692 0.2143
vt 0.3077 0.2143
vt 0.2692 0.2857
vt 0.2308 0.2857
vt 0.2308 0.2143
vt 0.2692 0.2143
vt 0.2308 0.2857
vt 0.1923 0.2857
vt 0.1923 0.2143
vt 0.2308 0.2143
vt 0.1923 0.2857
vt 0.1538 0.2857
vt 0.1538 0.2143
vt 0.1923 0.2143
vt 0.1538 0.2857
vt 0.1154 0.2857
vt 0.1154 0.2143
vt 0.1538 0.2143
vt 0.1154 0.2857
vt 0.0769 0.2857
vt 0.0769 0.2143
vt 0.1154 0.2143
vt 0.0769 0.2857
vt 0.0385 0.2857
vt 0.0385 0.2143
vt 0.0769 0.2143
vt 0.0385 0.2857
vt 0.0000 0.2857
vt 0.0000 0.2143
vt 0.0385 0.2143
vt 1.0000 0.3571
vt 0.9615 0.3571
vt 0.9615 0.2857
vt 1.0000 0.2857
vt 0.9615 0.3571
vt 0.9231 0.3571
vt 0.9231 0.2857
vt 0.9615 0.2857
vt 0.9231 0.3571
vt 0.8846 0.3571
vt 0.8846 0.2857
vt 0.9231 0.2857
vt 0.8846 0.3571
vt 0.8462 0.3571
vt 0.8462 0.2857
vt 0.8846 0.2857
vt 0.8462 0.3571
vt 0.8077 0.3571
vt 0.8077 0.2857
vt 0.8462 0.2857
vt 0.8077 0.3571
vt 0.7692 0.3571
vt 0.7692 0.2857
vt 0.8077 0.2857
vt 0.7692 0.3571
vt 0.7308 0.3571
vt 0.7308 0.2857
vt 0.7692 0.2857
vt 0.7308 0.3571
vt 0.6923 0.3571
vt 0.6923 0.2857
vt 0.7308 0.2857
vt 0.6923 0.3571
vt 0.6538 0.3571
vt 0.6538 0.2857
vt 0.6923 0.2857
vt 0.6538 0.3571
vt 0.6154 0.3571
vt 0.6154 0.2857
vt 0.6538 0.2857
vt 0.6154 0.3571
vt 0.5769 0.3571
vt 0.5769 0.2857
vt 0.6154 0.2857
vt 0.5769 0.3571
vt 0.5385 0.3571
vt 0.5385 0.2857
vt 0.5769 0.2857
vt 0.5385 0.3571
vt 0.5000 0.3571
vt 0.5000 0.2857
vt 0.5385 0.2857
vt 0.5000 0.3571
vt 0.4615 0.3571
vt 0.4615 0.2857
vt 0.5000 0.2857
vt 0.4615 0.3571
vt 0.4231 0.3571
vt 0.4231 0.2857
vt 0.4615 0.2857
vt 0.4231 0.3571
vt 0.3846 0.3571
vt 0.3846 0.2857
vt 0.4231 0.2857
vt 0.3846 0.3571
vt 0.3462 0.3571
vt 0.3462 0.2857
vt 0.3846 0.2857
vt 0.3462 0.3571
vt 0.3077 0.3571
vt 0.3077 0.2857
vt 0.3462 0.2857
vt 0.3077 0.3571
vt 0.2692 0.3571
vt 0.2692 0.2857
vt 0.3077 0.2857
vt 0.2692 0.3571
vt 0.2308 0.3571
vt 0.2308 0.2857
vt 0.2692 0.2857
vt 0.2308 0.3571
vt 0.1923 0.3571
vt 0.1923 0.2857
vt 0.2308 0.2857
vt 0.1923 0.3571
vt 0.1538 0.3571
vt 0.1538 0.2857
vt 0.1923 0.2857
vt 0.1538 0.3571
vt 0.1154 0.3571
vt 0.1154 0.2857
vt 0.1538 0.2857
vt 0.1154 0.3571
vt 0.0769 0.3571
vt 0.0769 0.2857
vt 0.1154 0.2857
vt 0.0769 0.3571
vt 0.0385 0.3571
vt 0.0385 0.2857
vt 0.0769 0.2857
vt 0.0385 0.3571
vt 0.0000 0.3571
vt 0.0000 0.2857
vt 0.0385 0.2857
vt 1.0000 0.4286
vt 0.9615 0.4286
vt 0.9615 0.3571
vt 1.0000 0.3571
vt 0.9615 0.4286
vt 0.9231 0.4286
vt 0.9231 0.3571
vt 0.9615 0.3571
vt 0.9231 0.4286
vt 0.8846 0.4286
vt 0.8846 0.3571
vt 0.9231 0.3571
vt 0.8846 0.4286
vt 0.8462 0.4286
vt 0.8462 0.3571
vt 0.8846 0.3571
vt 0.8462 0.4286
vt 0.8077 0.4286
vt 0.8077 0.3571
vt 0.8462 0.3571
vt 0.8077 0.4286
vt 0.7692 0.4286
vt 0.7692 0.3571
vt 0.8077 0.3571
vt 0.7692 0.4286
vt 0.7308 0.4286
vt 0.7308 0.3571
vt 0.7692 0.3571
vt 0.7308 0.4286
vt 0.6923 0.4286
vt 0.6923 0.3571
vt 0.7308 0.3571
vt 0.6923 0.4286
vt 0.6538 0.4286
vt 0.6538 0.3571
vt 0.6923 0.3571
vt 0.6538 0.4286
vt 0.6154 0.4286
vt 0.6154 0.3571
vt 0.6538 0.3571
vt 0.6154 0.4286
vt 0.5769 0.4286
vt 0.5769 0.3571
vt 0.6154 0.3571
vt 0.5769 0.4286
vt 0.5385 0.4286
vt 0.5385 0.3571
vt 0.5769 0.3571
vt 0.5385 0.4286
vt 0.5000 0.4286
vt 0.5000 0.3571
vt 0.5385 0.3571
vt 0.5000 0.4286
vt 0.4615 0.4286
vt 0.4615 0.3571
vt 0.5000 0.3571
vt 0.4615 0.4286
vt 0.4231 0.4286
vt 0.4231 0.3571
vt 0.4615 0.3571
vt 0.4231 0.4286
vt 0.3846 0.4286
vt 0.3846 0.3571
vt 0.4231 0.3571
vt 0.3846 0.4286
vt 0.3462 0.4286
vt 0.3462 0.3571
vt 0.3846 0.3571
vt 0.3462 0.4286
vt 0.3077 0.4286
vt 0.3077 0.3571
vt 0.3462 0.3571
vt 0.3077 0.4286
vt 0.2692 0.4286
vt 0.2692 0.3571
vt 0.3077 0.3571
vt 0.2692 0.4286
vt 0.2308 0.4286
vt 0.2308 0.3571
vt 0.2692 0.3571
vt 0.2308 0.4286
vt 0.1923 0.4286
vt 0.1923 0.3571
vt 0.2308 0.3571
vt 0.1923 0.4286
vt 0.1538 0.4286
vt 0.1538 0.3571
vt 0.1923 0.3571
vt 0.1538 0.4286
vt 0.1154 0.4286
vt 0.1154 0.3571
vt 0.1538 0.3571
vt 0.1154 0.4286
vt 0.0769 0.4286
vt 0.0769 0.3571
vt 0.1154 0.3571
vt 0.0769 0.4286
vt 0.0385 0.4286
vt 0.0385 0.3571
vt 0.0769 0.3571
vt 0.0385 0.4286
vt 0.0000 0.4286
vt 0.0000 0.3571
vt 0.0385 0.3571
vt 1.0000 0.5000
vt 0.9615 0.5000
vt 0.9615 0.4286
vt 1.0000 0.4286
vt 0.9615 0.5000
vt 0.9231 0.5000
vt 0.9231 0.4286
vt 0.9615 0.4286
vt 0.9231 0.5000
vt 0.8846 0.5000
vt 0.8846 0.4286
vt 0.9231 0.4286
vt 0.8846 0.5000
vt 0.8462 0.5000
vt 0.8462 0.4286
vt 0.8846 0.4286
vt 0.8462 0.5000
vt 0.8077 0.5000
vt 0.8077 0.4286
vt 0.8462 0.4286
vt 0.8077 0.5000
vt 0.7692 0.5000
vt 0.7692 0.4286
vt 0.8077 0.4286
vt 0.7692 0.5000
vt 0.7308 0.5000
vt 0.7308 0.4286
vt 0.7692 0.4286
vt 0.7308 0.5000
vt 0.6923 0.5000
vt 0.6923 0.4286
vt 0.7308 0.4286
vt 0.6923 0.5000
vt 0.6538 0.5000
vt 0.6538 0.4286
vt 0.6923 0.4286
vt 0.6538 0.5000
vt 0.6154 0.5000
vt 0.6154 0.4286
vt 0.6538 0.4286
vt 0.6154 0.5000
vt 0.5769 0.5000
vt 0.5769 0.4286
vt 0.6154 0.4286
vt 0.5769 0.5000
vt 0.5385 0.5000
vt 0.5385 0.4286
vt 0.5769 0.4286
vt 0.5385 0.5000
vt 0.5000 0.5000
vt 0.5000 0.4286
vt 0.5385 0.4286
vt 0.5000 0.5000
vt 0.4615 0.5000
vt 0.4615 0.4286
vt 0.5000 0.4286
vt 0.4615 0.5000
vt 0.4231 0.5000
vt 0.4231 0.4286
vt 0.4615 0.4286
vt 0.4231 0.5000
vt 0.3846 0.5000
vt 0.3846 0.4286
vt 0.4231 0.4286
vt 0.3846 0.5000
vt 0.3462 0.5000
vt 0.3462 0.4286
vt 0.3846 0.4286
vt 0.3462 0.5000
vt 0.3077 0.5000
vt 0.3077 0.4286
vt 0.3462 0.4286
vt 0.3077 0.5000
vt 0.2692 0.5000
vt 0.2692 0.4286
vt 0.3077 0.4286
vt 0.2692 0.5000
vt 0.2308 0.5000
vt 0.2308 0.4286
vt 0.2692 0.4286
vt 0.2308 0.5000
vt 0.1923 0.5000
vt 0.1923 0.4286
vt 0.2308 0.4286
vt 0.1923 0.5000
vt 0.1538 0.5000
vt 0.1538 0.4286
vt 0.1923 0.4286
vt 0.1538 0.5000
vt 0.1154 0.5000
vt 0.1154 0.4286
vt 0.1538 0.4286
vt 0.1154 0.5000
vt 0.0769 0.5000
vt 0.0769 0.4286
vt 0.1154 0.4286
vt 0.0769 0.5000
vt 0.0385 0.5000
vt 0.0385 0.4286
vt 0.0769 0.4286
vt 0.0385 0.5000
vt 0.0000 0.5000
vt 0.0000 0.4286
vt 0.0385 0.4286
vt 1.0000 0.5714
vt 0.9615 0.5714
vt 0.9615 0.5000
vt 1.0000 0.5000
vt 0.9615 0.5714
vt 0.9231 0.5714
vt 0.9231 0.5000
vt 0.9615 0.5000
vt 0.9231 0.5714
vt 0.8846 0.5714
vt 0.8846 0.5000
vt 0.9231 0.5000
vt 0.8846 0.5714
vt 0.8462 0.5714
vt 0.8462 0.5000
vt 0.8846 0.5000
vt 0.8462 0.5714
vt 0.8077 0.5714
vt 0.8077 0.5000
vt 0.8462 0.5000
vt 0.8077 0.5714
vt 0.7692 0.5714
vt 0.7692 0.5000
vt 0.8077 0.5000
vt 0.7692 0.5714
vt 0.7308 0.5714
vt 0.7308 0.5000
vt 0.7692 0.5000
vt 0.7308 0.5714
vt 0.6923 0.5714
vt 0.6923 0.5000
vt 0.7308 0.5000
vt 0.6923 0.5714
vt 0.6538 0.5714
vt 0.6538 0.5000
vt 0.6923 0.5000
vt 0.6538 0.5714
vt 0.6154 0.5714
vt 0.6154 0.5000
vt 0.6538 0.5000
vt 0.6154 0.5714
vt 0.5769 0.5714
vt 0.5769 0.5000
vt 0.6154 0.5000
vt 0.5769 0.5714
vt 0.5385 0.5714
vt 0.5385 0.5000
vt 0.5769 0.5000
vt 0.5385 0.5714
vt 0.5000 0.5714
vt 0.5000 0.5000
vt 0.5385 0.5000
vt 0.5000 0.5714
vt 0.4615 0.5714
vt 0.4615 0.5000
vt 0.5000 0.5000
vt 0.4615 0.5714
vt 0.4231 0.5714
vt 0.4231 0.5000
vt 0.4615 0.5000
vt 0.4231 0.5714
vt 0.3846 0.5714
vt 0.3846 0.5000
vt 0.4231 0.5000
vt 0.3846 0.5714
vt 0.3462 0.5714
vt 0.3462 0.5000
vt 0.3846 0.5000
vt 0.3462 0.5714
vt 0.3077 0.5714
vt 0.3077 0.5000
vt 0.3462 0.5000
vt 0.3077 0.5714
vt 0.2692 0.5714
vt 0.2692 0.5000
vt 0.3077 0.5000
vt 0.2692 0.5714
vt 0.2308 0.5714
vt 0.2308 0.5000
vt 0.2692 0.5000
vt 0.2308 0.5714
vt 0.1923 0.5714
vt 0.1923 0.5000
vt 0.2308 0.5000
vt 0.1923 0.5714
vt 0.1538 0.5714
vt 0.1538 0.5000
vt 0.1923 0.5000
vt 0.1538 0.5714
vt 0.1154 0.5714
vt 0.1154 0.5000
vt 0.1538 0.5000
vt 0.1154 0.5714
vt 0.0769 0.5714
vt 0.0769 0.5000
vt 0.1154 0.5000
vt 0.0769 0.5714
vt 0.0385 0.5714
vt 0.0385 0.5000
vt 0.0769 0.5000
vt 0.0385 0.5714
vt 0.0000 0.5714
vt 0.0000 0.5000
vt 0.0385 0.5000
vt 1.0000 0.6429
vt 0.9615 0.6429
vt 0.9615 0.5714
vt 1.0000 0.5714
vt 0.9615 0.6429
vt 0.9231 0.6429
vt 0.9231 0.5714
vt 0.9615 0.5714
vt 0.9231 0.6429
vt 0.8846 0.6429
vt 0.8846 0.5714
vt 0.9231 0.5714
vt 0.8846 0.6429
vt 0.8462 0.6429
vt 0.8462 0.5714
vt 0.8846 0.5714
vt 0.8462 0.6429
vt 0.8077 0.6429
vt 0.8077 0.5714
vt 0.8462 0.5714
vt 0.8077 0.6429
vt 0.7692 0.6429
vt 0.7692 0.5714
vt 0.8077 0.5714
vt 0.7692 0.6429
vt 0.7308 0.6429
vt 0.7308 0.5714
vt 0.7692 0.5714
vt 0.7308 0.6429
vt 0.6923 0.6429
vt 0.6923 0.5714
vt 0.7308 0.5714
vt 0.6923 0.6429
vt 0.6538 0.6429
vt 0.6538 0.5714
vt 0.6923 0.5714
vt 0.6538 0.6429
vt 0.6154 0.6429
vt 0.6154 0.5714
vt 0.6538 0.5714
vt 0.6154 0.6429
vt 0.5769 0.6429
vt 0.5769 0.5714
vt 0.6154 0.5714
vt 0.5769 0.6429
vt 0.5385 0.6429
vt 0.5385 0.5714
vt 0.5769 0.5714
vt 0.5385 0.6429
vt 0.5000 0.6429
vt 0.5000 0.5714
vt 0.5385 0.5714
vt 0.5000 0.6429
vt 0.4615 0.6429
vt 0.4615 0.5714
vt 0.5000 0.5714
vt 0.4615 0.6429
vt 0.4231 0.6429
vt 0.4231 0.5714
vt 0.4615 0.5714
vt 0.4231 0.6429
vt 0.3846 0.6429
vt 0.3846 0.5714
vt 0.4231 0.5714
vt 0.3846 0.6429
vt 0.3462 0.6429
vt 0.3462 0.5714
vt 0.3846 0.5714
vt 0.3462 0.6429
vt 0.3077 0.6429
vt 0.3077 0.5714
vt 0.3462 0.5714
vt 0.3077 0.6429
vt 0.2692 0.6429
vt 0.2692 0.5714
vt 0.3077 0.5714
vt 0.2692 0.6429
vt 0.2308 0.6429
vt 0.2308 0.5714
vt 0.2692 0.5714
vt 0.2308 0.6429
vt 0.1923 0.6429
vt 0.1923 0.5714
vt 0.2308 0.5714
vt 0.1923 0.6429
vt 0.1538 0.6429
vt 0.1538 0.5714
vt 0.1923 0.5714
vt 0.1538 0.6429
vt 0.1154 0.6429
vt 0.1154 0.5714
vt 0.1538 0.5714
vt 0.1154 0.6429
vt 0.0769 0.6429
vt 0.0769 0.5714
vt 0.1154 0.5714
vt 0.0769 0.6429
vt 0.0385 0.6429
vt 0.0385 0.5714
vt 0.0769 0.5714
vt 0.0385 0.6429
vt 0.0000 0.6429
vt 0.0000 0.5714
vt 0.0385 0.5714
vt 0.9615 0.7143
vt 0.9231 0.7143
vt 0.9231 0.6429
vt 0.9615 0.6429
vt 0.9231 0.7143
vt 0.8846 0.7143
vt 0.8846 0.6429
vt 0.9231 0.6429
vt 0.8846 0.7143
vt 0.8462 0.7143
vt 0.8462 0.6429
vt 0.8846 0.6429
vt 0.8462 0.7143
vt 0.8077 0.7143
vt 0.8077 0.6429
vt 0.8462 0.6429
vt 0.8077 0.7143
vt 0.7692 0.7143
vt 0.7692 0.6429
vt 0.8077 0.6429
vt 0.7692 0.7143
vt 0.7308 0.7143
vt 0.7308 0.6429
vt 0.7692 0.6429
vt 0.7308 0.7143
vt 0.6923 0.7143
vt 0.6923 0.6429
vt 0.7308 0.6429
vt 0.6923 0.7143
vt 0.6538 0.7143
vt 0.6538 0.6429
vt 0.6923 0.6429
vt 0.6538 0.7143
vt 0.6154 0.7143
vt 0.6154 0.6429
vt 0.6538 0.6429
vt 0.6154 0.7143
vt 0.5769 0.7143
vt 0.5769 0.6429
vt 0.6154 0.6429
vt 0.5769 0.7143
vt 0.5385 0.7143
vt 0.5385 0.6429
vt 0.5769 0.6429
vt 0.5385 0.7143
vt 0.5000 0.7143
vt 0.5000 0.6429
vt 0.5385 0.6429
vt 0.5000 0.7143
vt 0.4615 0.7143
vt 0.4615 0.6429
vt 0.5000 0.6429
vt 0.4615 0.7143
vt 0.4231 0.7143
vt 0.4231 0.6429
vt 0.4615 0.6429
vt 0.4231 0.7143
vt 0.3846 0.7143
vt 0.3846 0.6429
vt 0.4231 0.6429
vt 0.3846 0.7143
vt 0.3462 0.7143
vt 0.3462 0.6429
vt 0.3846 0.6429
vt 0.3462 0.7143
vt 0.3077 0.7143
vt 0.3077 0.6429
vt 0.3462 0.6429
vt 0.3077 0.7143
vt 0.2692 0.7143
vt 0.2692 0.6429
vt 0.3077 0.6429
vt 0.2692 0.7143
vt 0.2308 0.7143
vt 0.2308 0.6429
vt 0.2692 0.6429
vt 0.2308 0.7143
vt 0.1923 0.7143
vt 0.1923 0.6429
vt 0.2308 0.6429
vt 0.1923 0.7143
vt 0.1538 0.7143
vt 0.1538 0.6429
vt 0.1923 0.6429
vt 0.1538 0.7143
vt 0.1154 0.7143
vt 0.1154 0.6429
vt 0.1538 0.6429
vt 0.1154 0.7143
vt 0.0769 0.7143
vt 0.0769 0.6429
vt 0.1154 0.6429
vt 0.0769 0.7143
vt 0.0385 0.7143
vt 0.0385 0.6429
vt 0.0769 0.6429
vt 0.9231 0.7857
vt 0.8846 0.7857
vt 0.8846 0.7143
vt 0.9231 0.7143
vt 0.8846 0.7857
vt 0.8462 0.7857
vt 0.8462 0.7143
vt 0.8846 0.7143
vt 0.8462 0.7857
vt 0.8077 0.7857
vt 0.8077 0.7143
vt 0.8462 0.7143
vt 0.8077 0.7857
vt 0.7692 0.7857
vt 0.7692 0.7143
vt 0.8077 0.7143
vt 0.7692 0.7857
vt 0.7308 0.7857
vt 0.7308 0.7143
vt 0.7692 0.7143
vt 0.7308 0.7857
vt 0.6923 0.7857
vt 0.6923 0.7143
vt 0.7308 0.7143
vt 0.6923 0.7857
vt 0.6538 0.7857
vt 0.6538 0.7143
vt 0.6923 0.7143
vt 0.6538 0.7857
vt 0.6154 0.7857
vt 0.6154 0.7143
vt 0.6538 0.7143
vt 0.6154 0.7857
vt 0.5769 0.7857
vt 0.5769 0.7143
vt 0.6154 0.7143
vt 0.5769 0.7857
vt 0.5385 0.7857
vt 0.5385 0.7143
vt 0.5769 0.7143
vt 0.5385 0.7857
vt 0.5000 0.7857
vt 0.5000 0.7143
vt 0.5385 0.7143
vt 0.5000 0.7857
vt 0.4615 0.7857
vt 0.4615 0.7143
vt 0.5000 0.7143
vt 0.4615 0.7857
vt 0.4231 0.7857
vt 0.4231 0.7143
vt 0.4615 0.7143
vt 0.4231 0.7857
vt 0.3846 0.7857
vt 0.3846 0.7143
vt 0.4231 0.7143
vt 0.3846 0.7857
vt 0.3462 0.7857
vt 0.3462 0.7143
vt 0.3846 0.7143
vt 0.3462 0.7857
vt 0.3077 0.7857
vt 0.3077 0.7143
vt 0.3462 0.7143
vt 0.3077 0.7857
vt 0.2692 0.7857
vt 0.2692 0.7143
vt 0.3077 0.7143
vt 0.2692 0.7857
vt 0.2308 0.7857
vt 0.2308 0.7143
vt 0.2692 0.7143
vt 0.2308 0.7857
vt 0.1923 0.7857
vt 0.1923 0.7143
vt 0.2308 0.7143
vt 0.1923 0.7857
vt 0.1538 0.7857
vt 0.1538 0.7143
vt 0.1923 0.7143
vt 0.1538 0.7857
vt 0.1154 0.7857
vt 0.1154 0.7143
vt 0.1538 0.7143
vt 0.1154 0.7857
vt 0.0769 0.7857
vt 0.0769 0.7143
vt 0.1154 0.7143
vt 0.8846 0.8571
vt 0.8462 0.8571
vt 0.8462 0.7857
vt 0.8846 0.7857
vt 0.8462 0.8571
vt 0.8077 0.8571
vt 0.8077 0.7857
vt 0.8462 0.7857
vt 0.8077 0.8571
vt 0.7692 0.8571
vt 0.7692 0.7857
vt 0.8077 0.7857
vt 0.7692 0.8571
vt 0.7308 0.8571
vt 0.7308 0.7857
vt 0.7692 0.7857
vt 0.7308 0.8571
vt 0.6923 0.8571
vt 0.6923 0.7857
vt 0.7308 0.7857
vt 0.6923 0.8571
vt 0.6538 0.8571
vt 0.6538 0.7857
vt 0.6923 0.7857
vt 0.6538 0.8571
vt 0.6154 0.8571
vt 0.6154 0.7857
vt 0.6538 0.7857
vt 0.6154 0.8571
vt 0.5769 0.8571
vt 0.5769 0.7857
vt 0.6154 0.7857
vt 0.5769 0.8571
vt 0.5385 0.8571
vt 0.5385 0.7857
vt 0.5769 0.7857
vt 0.5385 0.8571
vt 0.5000 0.8571
vt 0.5000 0.7857
vt 0.5385 0.7857
vt 0.5000 0.8571
vt 0.4615 0.8571
vt 0.4615 0.7857
vt 0.5000 0.7857
vt 0.4615 0.8571
vt 0.4231 0.8571
vt 0.4231 0.7857
vt 0.4615 0.7857
vt 0.4231 0.8571
vt 0.3846 0.8571
vt 0.3846 0.7857
vt 0.4231 0.7857
vt 0.3846 0.8571
vt 0.3462 0.8571
vt 0.3462 0.7857
vt 0.3846 0.7857
vt 0.3462 0.8571
vt 0.3077 0.8571
vt 0.3077 0.7857
vt 0.3462 0.7857
vt 0.3077 0.8571
vt 0.2692 0.8571
vt 0.2692 0.7857
vt 0.3077 0.7857
vt 0.2692 0.8571
vt 0.2308 0.8571
vt 0.2308 0.7857
vt 0.2692 0.7857
vt 0.2308 0.8571
vt 0.1923 0.8571
vt 0.1923 0.7857
vt 0.2308 0.7857
vt 0.1923 0.8571
vt 0.1538 0.8571
vt 0.1538 0.7857
vt 0.1923 0.7857
vt 0.1538 0.8571
vt 0.1154 0.8571
vt 0.1154 0.7857
vt 0.1538 0.7857
vt 0.8462 0.9286
vt 0.8077 0.9286
vt 0.8077 0.8571
vt 0.8462 0.8571
vt 0.8077 0.9286
vt 0.7692 0.9286
vt 0.7692 0.8571
vt 0.8077 0.8571
vt 0.7692 0.9286
vt 0.7308 0.9286
vt 0.7308 0.8571
vt 0.7692 0.8571
vt 0.7308 0.9286
vt 0.6923 0.9286
vt 0.6923 0.8571
vt 0.7308 0.8571
vt 0.6923 0.9286
vt 0.6538 0.9286
vt 0.6538 0.8571
vt 0.6923 0.8571
vt 0.6538 0.9286
vt 0.6154 0.9286
vt 0.6154 0.8571
vt 0.6538 0.8571
vt 0.6154 0.9286
vt 0.5769 0.9286
vt 0.5769 0.8571
vt 0.6154 0.8571
vt 0.5769 0.9286
vt 0.5385 0.9286
vt 0.5385 0.8571
vt 0.5769 0.8571
vt 0.5385 0.9286
vt 0.5000 0.9286
vt 0.5000 0.8571
vt 0.5385 0.8571
vt 0.5000 0.9286
vt 0.4615 0.9286
vt 0.4615 0.8571
vt 0.5000 0.8571
vt 0.4615 0.9286
vt 0.4231 0.9286
vt 0.4231 0.8571
vt 0.4615 0.8571
vt 0.4231 0.9286
vt 0.3846 0.9286
vt 0.3846 0.8571
vt 0.4231 0.8571
vt 0.3846 0.9286
vt 0.3462 0.9286
vt 0.3462 0.8571
vt 0.3846 0.8571
vt 0.3462 0.9286
vt 0.3077 0.9286
vt 0.3077 0.8571
vt 0.3462 0.8571
vt 0.3077 0.9286
vt 0.2692 0.9286
vt 0.2692 0.8571
vt 0.3077 0.8571
vt 0.2692 0.9286
vt 0.2308 0.9286
vt 0.2308 0.8571
vt 0.2692 0.8571
vt 0.2308 0.9286
vt 0.1923 0.9286
vt 0.1923 0.8571
vt 0.2308 0.8571
vt 0.1923 0.9286
vt 0.1538 0.9286
vt 0.1538 0.8571
vt 0.1923 0.8571
vt 0.7692 1.0000
vt 0.7308 1.0000
vt 0.7308 0.9286
vt 0.7692 0.9286
vt 0.7308 1.0000
vt 0.6923 1.0000
vt 0.6923 0.9286
vt 0.7308 0.9286
vt 0.6923 1.0000
vt 0.6538 1.0000
vt 0.6538 0.9286
vt 0.6923 0.9286
vt 0.6538 1.0000
vt 0.6154 1.0000
vt 0.6154 0.9286
vt 0.6538 0.9286
vt 0.6154 1.0000
vt 0.5769 1.0000
vt 0.5769 0.9286
vt 0.6154 0.9286
vt 0.5769 1.0000
vt 0.5385 1.0000
vt 0.5385 0.9286
vt 0.5769 0.9286
vt 0.5385 1.0000
vt 0.5000 1.0000
vt 0.5000 0.9286
vt 0.5385 0.9286
vt 0.5000 1.0000
vt 0.4615 1.0000
vt 0.4615 0.9286
vt 0.5000 0.9286
vt 0.4615 1.0000
vt 0.4231 1.0000
vt 0.4231 0.9286
vt 0.4615 0.9286
vt 0.4231 1.0000
vt 0.3846 1.0000
vt 0.3846 0.9286
vt 0.4231 0.9286
vt 0.3846 1.0000
vt 0.3462 1.0000
vt 0.3462 0.9286
vt 0.3846 0.9286
vt 0.3462 1.0000
vt 0.3077 1.0000
vt 0.3077 0.9286
vt 0.3462 0.9286
vt 0.3077 1.0000
vt 0.2692 1.0000
vt 0.2692 0.9286
vt 0.3077 0.9286
vt 0.2692 1.0000
vt 0.2308 1.0000
vt 0.2308 0.9286
vt 0.2692 0.9286
f 28/1 29/2 2/3 1/4
f 29/5 30/6 3/7 2/8
f 30/9 31/10 4/11 3/12
f 31/13 32/14 5/15 4/16
f 32/17 33/18 6/19 5/20
f 33/21 34/22 7/23 6/24
f 34/25 35/26 8/27 7/28
f 35/29 36/30 9/31 8/32
f 36/33 37/34 10/35 9/36
f 37/37 38/38 11/39 10/40
f 38/41 39/42 12/43 11/44
f 39/45 40/46 13/47 12/48
f 40/49 41/50 14/51 13/52
f 41/53 42/54 15/55 14/56
f 42/57 43/58 16/59 15/60
f 43/61 44/62 17/63 16/64
f 44/65 45/66 18/67 17/68
f 45/69 46/70 19/71 18/72
f 46/73 47/74 20/75 19/76
f 47/77 48/78 21/79 20/80
f 48/81 49/82 22/83 21/84
f 49/85 50/86 23/87 22/88
f 50/89 51/90 24/91 23/92
f 51/93 52/94 25/95 24/96
f 52/97 53/98 26/99 25/100
f 53/101 54/102 27/103 26/104
f 55/105 56/106 29/107 28/108
f 56/109 57/110 30/111 29/112
f 57/113 58/114 31/115 30/116
f 58/117 59/118 32/119 31/120
f 59/121 60/122 33/123 32/124
f 60/125 61/126 34/127 33/128
f 61/129 62/130 35/131 34/132
f 62/133 63/134 36/135 35/136
f 63/137 64/138 37/139 36/140
f 64/141 65/142 38/143 37/144
f 65/145 66/146 39/147 38/148
f 66/149 67/150 40/151 39/152
f 67/153 68/154 41/155 40/156
f 68/157 69/158 42/159 41/160
f 69/161 70/162 43/163 42/164
f 70/165 71/166 44/167 43/168
f 71/169 72/170 45/171 44/172
f 72/173 73/174 46/175 45/176
f 73/177 74/178 47/179 46/180
f 74/181 75/182 48/183 47/184
f 75/185 76/186 49/187 48/188
f 76/189 77/190 50/191 49/192
f 77/193 78/194 51/195 50/196
f 78/197 79/198 52/199 51/200
f 79/201 80/202 53/203 52/204
f 80/205 81/206 54/207 53/208
f 82/209 83/210 56/211 55/212
f 83/213 84/214 57/215 56/216
f 84/217 85/218 58/219 57/220
f 85/221 86/222 59/223 58/224
f 86/225 87/226 60/227 59/228
f 87/229 88/230 61/231 60/232
f 88/233 89/234 62/235 61/236
f 89/237 90/238 63/239 62/240
f 90/241 91/242 64/243 63/244
f 91/245 92/246 65/247 64/248
f 92/249 93/250 66/251 65/252
f 93/253 94/254 67/255 66/256
f 94/257 95/258 68/259 67/260
f 95/261 96/262 69/263 68/264
f 96/265 97/266 70/267 69/268
f 97/269 98/270 71/271 70/272
f 98/273 99/274 72/275 71/276
f 99/277 100/278 73/279 72/280
f 100/281 101/282 74/283 73/284
f 101/285 102/286 75/287 74/288
f 102/289 103/290 76/291 75/292
f 103/293 104/294 77/295 76/296
f 104/297 105/298 78/299 77/300
f 105/301 106/302 79/303 78/304
f 106/305 107/306 80/307 79/308
f 107/309 108/310 81/311 80/312
f 109/313 110/314 83/315 82/316
f 110/317 111/318 84/319 83/320
f 111/321 112/322 85/323 84/324
f 112/325 113/326 86/327 85/328
f 113/329 114/330 87/331 86/332
f 114/333 115/334 88/335 87/336
f 115/337 116/338 89/339 88/340
f 116/341 117/342 90/343 89/344
f 117/345 118/346 91/347 90/348
f 118/349 119/350 92/351 91/352
f 119/353 120/354 93/355 92/356
f 120/357 121/358 94/359 93/360
f 121/361 122/362 95/363 94/364
f 122/365 123/366 96/367 95/368
f 123/369 124/370 97/371 96/372
f 124/373 125/374 98/375 97/376
f 125/377 126/378 99/379 98/380
f 126/381 127/382 100/383 99/384
f 127/385 128/386 101/387 100/388
f 128/389 129/390 102/391 101/392
f 129/393 130/394 103/395 102/396
f 130/397 131/398 104/399 103/400
f 131/401 132/402 105/403 104/404
f 132/405 133/406 106/407 105/408
f 133/409 134/410 107/411 106/412
f 134/413 135/414 108/415 107/416
f 136/417 137/418 110/419 109/420
f 137/421 138/422 111/423 110/424
f 138/425 139/426 112/427 111/428
f 139/429 140/430 113/431 112/432
f 140/433 141/434 114/435 113/436
f 141/437 142/438 115/439 114/440
f 142/441 143/442 116/443 115/444
f 143/445 144/446 117/447 116/448
f 144/449 145/450 118/451 117/452
f 145/453 146/454 119/455 118/456
f 146/457 147/458 120/459 119/460
f 147/461 148/462 121/463 120/464
f 148/465 149/466 122/467 121/468
f 149/469 150/470 123/471 122/472
f 150/473 151/474 124/475 123/476
f 151/477 152/478 125/479 124/480
f 152/481 153/482 126/483 125/484
f 153/485 154/486 127/487 126/488
f 154/489 155/490 128/491 127/492
f 155/493 156/494 129/495 128/496
f 156/497 157/498 130/499 129/500
f 157/501 158/502 131/503 130/504
f 158/505 159/506 132/507 131/508
f 159/509 160/510 133/511 132/512
f 160/513 161/514 134/515 133/516
f 161/517 162/518 135/519 134/520
f 163/521 164/522 137/523 136/524
f 164/525 165/526 138/527 137/528
f 165/529 166/530 139/531 138/532
f 166/533 167/534 140/535 139/536
f 167/537 168/538 141/539 140/540
f 168/541 169/542 142/543 141/544
f 169/545 170/546 143/547 142/548
f 170/549 171/550 144/551 143/552
f 171/553 172/554 145/555 144/556
f 172/557 173/558 146/559 145/560
f 173/561 174/562 147/563 146/564
f 174/565 175/566 148/567 147/568
f 175/569 176/570 149/571 148/572
f 176/573 177/574 150/575 149/576
f 177/577 178/578 151/579 150/580
f 178/581 179/582 152/583 151/584
f 179/585 180/586 153/587 152/588
f 180/589 181/590 154/591 153/592
f 181/593 182/594 155/595 154/596
f 182/597 183/598 156/599 155/600
f 183/601 184/602 157/603 156/604
f 184/605 185/606 158/607 157/608
f 185/609 186/610 159/611 158/612
f 186/613 187/614 160/615 159/616
f 187/617 188/618 161/619 160/620
f 188/621 189/622 162/623 161/624
f 190/625 191/626 164/627 163/628
f 191/629 192/630 165/631 164/632
f 192/633 193/634 166/635 165/636
f 193/637 194/638 167/639 166/640
f 194/641 195/642 168/643 167/644
f 195/645 196/646 169/647 168/648
f 196/649 197/650 170/651 169/652
f 197/653 198/654 171/655 170/656
f 198/657 199/658 172/659 171/660
f 199/661 200/662 173/663 172/664
f 200/665 201/666 174/667 173/668
f 201/669 202/670 175/671 174/672
f 202/673 203/674 176/675 175/676
f 203/677 204/678 177/679 176/680
f 204/681 205/682 178/683 177/684
f 205/685 206/686 179/687 178/688
f 206/689 207/690 180/691 179/692
f 207/693 208/694 181/695 180/696
f 208/697 209/698 182/699 181/700
f 209/701 210/702 183/703 182/704
f 210/705 211/706 184/707 183/708
f 211/709 212/710 185/711 184/712
f 212/713 213/714 186/715 185/716
f 213/717 214/718 187/719 186/720
f 214/721 215/722 188/723 187/724
f 215/725 216/726 189/727 188/728
f 217/729 218/730 191/731 190/732
f 218/733 219/734 192/735 191/736
f 219/737 220/738 193/739 192/740
f 220/741 221/742 194/743 193/744
f 221/745 222/746 195/747 194/748
f 222/749 223/750 196/751 195/752
f 223/753 224/754 197/755 196/756
f 224/757 225/758 198/759 197/760
f 225/761 226/762 199/763 198/764
f 226/765 227/766 200/767 199/768
f 227/769 228/770 201/771 200/772
f 228/773 229/774 202/775 201/776
f 229/777 230/778 203/779 202/780
f 230/781 231/782 204/783 203/784
f 231/785 232/786 205/787 204/788
f 232/789 233/790 206/791 205/792
f 233/793 234/794 207/795 206/796
f 234/797 235/798 208/799 207/800
f 235/801 236/802 209/803 208/804
f 236/805 237/806 210/807 209/808
f 237/809 238/810 211/811 210/812
f 238/813 239/814 212/815 211/816
f 239/817 240/818 213/819 212/820
f 240/821 241/822 214/823 213/824
f 241/825 242/826 215/827 214/828
f 242/829 243/830 216/831 215/832
f 244/833 245/834 218/835 217/836
f 245/837 246/838 219/839 218/840
f 246/841 247/842 220/843 219/844
f 247/845 248/846 221/847 220/848
f 248/849 249/850 222/851 221/852
f 249/853 250/854 223/855 222/856
f 250/857 251/858 224/859 223/860
f 251/861 252/862 225/863 224/864
f 252/865 253/866 226/867 225/868
f 253/869 254/870 227/871 226/872
f 254/873 255/874 228/875 227/876
f 255/877 256/878 229/879 228/880
f 256/881 257/882 230/883 229/884
f 257/885 258/886 231/887 230/888
f 258/889 259/890 232/891 231/892
f 259/893 260/894 233/895 232/896
f 260/897 261/898 234/899 233/900
f 261/901 262/902 235/903 234/904
f 262/905 263/906 236/907 235/908
f 263/909 264/910 237/911 236/912
f 264/913 265/914 238/915 237/916
f 265/917 266/918 239/919 238/920
f 266/921 267/922 240/923 239/924
f 267/925 268/926 241/927 240/928
f 268/929 269/930 242/931 241/932
f 269/933 270/934 243/935 242/936
f 272/937 273/938 246/939 245/940
f 273/941 274/942 247/943 246/944
f 274/945 275/946 248/947 247/948
f 275/949 276/950 249/951 248/952
f 276/953 277/954 250/955 249/956
f 277/957 278/958 251/959 250/960
f 278/961 279/962 252/963 251/964
f 279/965 280/966 253/967 252/968
f 280/969 281/970 254/971 253/972
f 281/973 282/974 255/975 254/976
f 282/977 283/978 256/979 255/980
f 283/981 284/982 257/983 256/984
f 284/985 285/986 258/987 257/988
f 285/989 286/990 259/991 258/992
f 286/993 287/994 260/995 259/996
f 287/997 288/998 261/999 260/1000
f 288/1001 289/1002 262/1003 261/1004
f 289/1005 290/1006 263/1007 262/1008
f 290/1009 291/1010 264/1011 263/1012
f 291/1013 292/1014 265/1015 264/1016
f 292/1017 293/1018 266/1019 265/1020
f 293/1021 294/1022 267/1023 266/1024
f 294/1025 295/1026 268/1027 267/1028
f 295/1029 296/1030 269/1031 268/1032
f 300/1033 301/1034 274/1035 273/1036
f 301/1037 302/1038 275/1039 274/1040
f 302/1041 303/1042 276/1043 275/1044
f 303/1045 304/1046 277/1047 276/1048
f 304/1049 305/1050 278/1051 277/1052
f 305/1053 306/1054 279/1055 278/1056
f 306/1057 307/1058 280/1059 279/1060
f 307/1061 308/1062 281/1063 280/1064
f 308/1065 309/1066 282/1067 281/1068
f 309/1069 310/1070 283/1071 282/1072
f 310/1073 311/1074 284/1075 283/1076
f 311/1077 312/1078 285/1079 284/1080
f 312/1081 313/1082 286/1083 285/1084
f 313/1085 314/1086 287/1087 286/1088
f 314/1089 315/1090 288/1091 287/1092
f 315/1093 316/1094 289/1095 288/1096
f 316/1097 317/1098 290/1099 289/1100
f 317/1101 318/1102 291/1103 290/1104
f 318/1105 319/1106 292/1107 291/1108
f 319/1109 320/1110 293/1111 292/1112
f 320/1113 321/1114 294/1115 293/1116
f 321/1117 322/1118 295/1119 294/1120
f 328/1121 329/1122 302/1123 301/1124
f 329/1125 330/1126 303/1127 302/1128
f 330/1129 331/1130 304/1131 303/1132
f 331/1133 332/1134 305/1135 304/1136
f 332/1137 333/1138 306/1139 305/1140
f 333/1141 334/1142 307/1143 306/1144
f 334/1145 335/1146 308/1147 307/1148
f 335/1149 336/1150 309/1151 308/1152
f 336/1153 337/1154 310/1155 309/1156
f 337/1157 338/1158 311/1159 310/1160
f 338/1161 339/1162 312/1163 311/1164
f 339/1165 340/1166 313/1167 312/1168
f 340/1169 341/1170 314/1171 313/1172
f 341/1173 342/1174 315/1175 314/1176
f 342/1177 343/1178 316/1179 315/1180
f 343/1181 344/1182 317/1183 316/1184
f 344/1185 345/1186 318/1187 317/1188
f 345/1189 346/1190 319/1191 318/1192
f 346/1193 347/1194 320/1195 319/1196
f 347/1197 348/1198 321/1199 320/1200
f 356/1201 357/1202 330/1203 329/1204
f 357/1205 358/1206 331/1207 330/1208
f 358/1209 359/1210 332/1211 331/1212
f 359/1213 360/1214 333/1215 332/1216
f 360/1217 361/1218 334/1219 333/1220
f 361/1221 362/1222 335/1223 334/1224
f 362/1225 363/1226 336/1227 335/1228
f 363/1229 364/1230 337/1231 336/1232
f 364/1233 365/1234 338/1235 337/1236
f 365/1237 366/1238 339/1239 338/1240
f 366/1241 367/1242 340/1243 339/1244
f 367/1245 368/1246 341/1247 340/1248
f 368/1249 369/1250 342/1251 341/1252
f 369/1253 370/1254 343/1255 342/1256
f 370/1257 371/1258 344/1259 343/1260
f 371/1261 372/1262 345/1263 344/1264
f 372/1265 373/1266 346/1267 345/1268
f 373/1269 374/1270 347/1271 346/1272
f 385/1273 386/1274 359/1275 358/1276
f 386/1277 387/1278 360/1279 359/1280
f 387/1281 388/1282 361/1283 360/1284
f 388/1285 389/1286 362/1287 361/1288
f 389/1289 390/1290 363/1291 362/1292
f 390/1293 391/1294 364/1295 363/1296
f 391/1297 392/1298 365/1299 364/1300
f 392/1301 393/1302 366/1303 365/1304
f 393/1305 394/1306 367/1307 366/1308
f 394/1309 395/1310 368/1311 367/1312
f 395/1313 396/1314 369/1315 368/1316
f 396/1317 397/1318 370/1319 369/1320
f 397/1321 398/1322 371/1323 370/1324
f 398/1325 399/1326 372/1327 371/1328
o Cockpit_PanelBack
v -0.8503 0.6101 -0.7909
v -0.8503 0.6101 -0.7300
v -0.8503 0.6101 -0.6692
v -0.8503 0.6101 -0.6084
v -0.8503 0.6101 -0.5475
v -0.8503 0.6101 -0.4867
v -0.8503 0.6101 -0.4259
v -0.8503 0.6101 -0.3650
v -0.8503 0.6101 -0.3042
v -0.8503 0.6101 -0.2433
v -0.8503 0.6101 -0.1825
v -0.8503 0.6101 -0.1217
v -0.8503 0.6101 -0.0608
v -0.8503 0.6101 0.0000
v -0.8503 0.6101 0.0608
v -0.8503 0.6101 0.1217
v -0.8503 0.6101 0.1825
v -0.8503 0.6101 0.2433
v -0.8503 0.6101 0.3042
v -0.8503 0.6101 0.3650
v -0.8503 0.6101 0.4259
v -0.8503 0.6101 0.4867
v -0.8503 0.6101 0.5475
v -0.8503 0.6101 0.6084
v -0.8503 0.6101 0.6692
v -0.8503 0.6101 0.7300
v -0.8503 0.6101 0.7909
v -0.8610 0.6607 -0.7909
v -0.8610 0.6607 -0.7300
v -0.8610 0.6607 -0.6692
v -0.8610 0.6607 -0.6084
v -0.8610 0.6607 -0.5475
v -0.8610 0.6607 -0.4867
v -0.8610 0.6607 -0.4259
v -0.8610 0.6607 -0.3650
v -0.8610 0.6607 -0.3042
v -0.8610 0.6607 -0.2433
v -0.8610 0.6607 -0.1825
v -0.8610 0.6607 -0.1217
v -0.8610 0.6607 -0.0608
v -0.8610 0.6607 0.0000
v -0.8610 0.6607 0.0608
v -0.8610 0.6607 0.1217
v -0.8610 0.6607 0.1825
v -0.8610 0.6607 0.2433
v -0.8610 0.6607 0.3042
v -0.8610 0.6607 0.3650
v -0.8610 0.6607 0.4259
v -0.8610 0.6607 0.4867
v -0.8610 0.6607 0.5475
v -0.8610 0.6607 0.6084
v -0.8610 0.6607 0.6692
v -0.8610 0.6607 0.7300
v -0.8610 0.6607 0.7909
v -0.8718 0.7112 -0.7909
v -0.8718 0.7112 -0.7300
v -0.8718 0.7112 -0.6692
v -0.8718 0.7112 -0.6084
v -0.8718 0.7112 -0.5475
v -0.8718 0.7112 -0.4867
v -0.8718 0.7112 -0.4259
v -0.8718 0.7112 -0.3650
v -0.8718 0.7112 -0.3042
v -0.8718 0.7112 -0.2433
v -0.8718 0.7112 -0.1825
v -0.8718 0.7112 -0.1217
v -0.8718 0.7112 -0.0608
v -0.8718 0.7112 0.0000
v -0.8718 0.7112 0.0608
v -0.8718 0.7112 0.1217
v -0.8718 0.7112 0.1825
v -0.8718 0.7112 0.2433
v -0.8718 0.7112 0.3042
v -0.8718 0.7112 0.3650
v -0.8718 0.7112 0.4259
v -0.8718 0.7112 0.4867
v -0.8718 0.7112 0.5475
v -0.8718 0.7112 0.6084
v -0.8718 0.7112 0.6692
v -0.8718 0.7112 0.7300
v -0.8718 0.7112 0.7909
v -0.8825 0.7618 -0.7909
v -0.8825 0.7618 -0.7300
v -0.8825 0.7618 -0.6692
v -0.8825 0.7618 -0.6084
v -0.8825 0.7618 -0.5475
v -0.8825 0.7618 -0.4867
v -0.8825 0.7618 -0.4259
v -0.8825 0.7618 -0.3650
v -0.8825 0.7618 -0.3042
v -0.8825 0.7618 -0.2433
v -0.8825 0.7618 -0.1825
v -0.8825 0.7618 -0.1217
v -0.8825 0.7618 -0.0608
v -0.8825 0.7618 0.0000
v -0.8825 0.7618 0.0608
v -0.8825 0.7618 0.1217
v -0.8825 0.7618 0.1825
v -0.8825 0.7618 0.2433
v -0.8825 0.7618 0.3042
v -0.8825 0.7618 0.3650
v -0.8825 0.7618 0.4259
v -0.8825 0.7618 0.4867
v -0.8825 0.7618 0.5475
v -0.8825 0.7618 0.6084
v -0.8825 0.7618 0.6692
v -0.8825 0.7618 0.7300
v -0.8825 0.7618 0.7909
v -0.8933 0.8123 -0.7909
v -0.8933 0.8123 -0.7300
v -0.8933 0.8123 -0.6692
v -0.8933 0.8123 -0.6084
v -0.8933 0.8123 -0.5475
v -0.8933 0.8123 -0.4867
v -0.8933 0.8123 -0.4259
v -0.8933 0.8123 -0.3650
v -0.8933 0.8123 -0.3042
v -0.8933 0.8123 -0.2433
v -0.8933 0.8123 -0.1825
v -0.8933 0.8123 -0.1217
v -0.8933 0.8123 -0.0608
v -0.8933 0.8123 0.0000
v -0.8933 0.8123 0.0608
v -0.8933 0.8123 0.1217
v -0.8933 0.8123 0.1825
v -0.8933 0.8123 0.2433
v -0.8933 0.8123 0.3042
v -0.8933 0.8123 0.3650
v -0.8933 0.8123 0.4259
v -0.8933 0.8123 0.4867
v -0.8933 0.8123 0.5475
v -0.8933 0.8123 0.6084
v -0.8933 0.8123 0.6692
v -0.8933 0.8123 0.7300
v -0.8933 0.8123 0.7909
v -0.9040 0.8629 -0.7909
v -0.9040 0.8629 -0.7300
v -0.9040 0.8629 -0.6692
v -0.9040 0.8629 -0.6084
v -0.9040 0.8629 -0.5475
v -0.9040 0.8629 -0.4867
v -0.9040 0.8629 -0.4259
v -0.9040 0.8629 -0.3650
v -0.9040 0.8629 -0.3042
v -0.9040 0.8629 -0.2433
v -0.9040 0.8629 -0.1825
v -0.9040 0.8629 -0.1217
v -0.9040 0.8629 -0.0608
v -0.9040 0.8629 0.0000
v -0.9040 0.8629 0.0608
v -0.9040 0.8629 0.1217
v -0.9040 0.8629 0.1825
v -0.9040 0.8629 0.2433
v -0.9040 0.8629 0.3042
v -0.9040 0.8629 0.3650
v -0.9040 0.8629 0.4259
v -0.9040 0.8629 0.4867
v -0.9040 0.8629 0.5475
v -0.9040 0.8629 0.6084
v -0.9040 0.8629 0.6692
v -0.9040 0.8629 0.7300
v -0.9040 0.8629 0.7909
v -0.9148 0.9134 -0.7909
v -0.9148 0.9134 -0.7300
v -0.9148 0.9134 -0.6692
v -0.9148 0.9134 -0.6084
v -0.9148 0.9134 -0.5475
v -0.9148 0.9134 -0.4867
v -0.9148 0.9134 -0.4259
v -0.9148 0.9134 -0.3650
v -0.9148 0.9134 -0.3042
v -0.9148 0.9134 -0.2433
v -0.9148 0.9134 -0.1825
v -0.9148 0.9134 -0.1217
v -0.9148 0.9134 -0.0608
v -0.9148 0.9134 0.0000
v -0.9148 0.9134 0.0608
v -0.9148 0.9134 0.1217
v -0.9148 0.9134 0.1825
v -0.9148 0.9134 0.2433
v -0.9148 0.9134 0.3042
v -0.9148 0.9134 0.3650
v -0.9148 0.9134 0.4259
v -0.9148 0.9134 0.4867
v -0.9148 0.9134 0.5475
v -0.9148 0.9134 0.6084
v -0.9148 0.9134 0.6692
v -0.9148 0.9134 0.7300
v -0.9148 0.9134 0.7909
v -0.9255 0.9640 -0.7909
v -0.9255 0.9640 -0.7300
v -0.9255 0.9640 -0.6692
v -0.9255 0.9640 -0.6084
v -0.9255 0.9640 -0.5475
v -0.9255 0.9640 -0.4867
v -0.9255 0.9640 -0.4259
v -0.9255 0.9640 -0.3650
v -0.9255 0.9640 -0.3042
v -0.9255 0.9640 -0.2433
v -0.9255 0.9640 -0.1825
v -0.9255 0.9640 -0.1217
v -0.9255 0.9640 -0.0608
v -0.9255 0.9640 0.0000
v -0.9255 0.9640 0.0608
v -0.9255 0.9640 0.1217
v -0.9255 0.9640 0.1825
v -0.9255 0.9640 0.2433
v -0.9255 0.9640 0.3042
v -0.9255 0.9640 0.3650
v -0.9255 0.9640 0.4259
v -0.9255 0.9640 0.4867
v -0.9255 0.9640 0.5475
v -0.9255 0.9640 0.6084
v -0.9255 0.9640 0.6692
v -0.9255 0.9640 0.7300
v -0.9255 0.9640 0.7909
v -0.9362 1.0146 -0.7909
v -0.9362 1.0146 -0.7300
v -0.9362 1.0146 -0.6692
v -0.9362 1.0146 -0.6084
v -0.9362 1.0146 -0.5475
v -0.9362 1.0146 -0.4867
v -0.9362 1.0146 -0.4259
v -0.9362 1.0146 -0.3650
v -0.9362 1.0146 -0.3042
v -0.9362 1.0146 -0.2433
v -0.9362 1.0146 -0.1825
v -0.9362 1.0146 -0.1217
v -0.9362 1.0146 -0.0608
v -0.9362 1.0146 0.0000
v -0.9362 1.0146 0.0608
v -0.9362 1.0146 0.1217
v -0.9362 1.0146 0.1825
v -0.9362 1.0146 0.2433
v -0.9362 1.0146 0.3042
v -0.9362 1.0146 0.3650
v -0.9362 1.0146 0.4259
v -0.9362 1.0146 0.4867
v -0.9362 1.0146 0.5475
v -0.9362 1.0146 0.6084
v -0.9362 1.0146 0.6692
v -0.9362 1.0146 0.7300
v -0.9362 1.0146 0.7909
v -0.9470 1.0651 -0.7909
v -0.9470 1.0651 -0.7300
v -0.9470 1.0651 -0.6692
v -0.9470 1.0651 -0.6084
v -0.9470 1.0651 -0.5475
v -0.9470 1.0651 -0.4867
v -0.9470 1.0651 -0.4259
v -0.9470 1.0651 -0.3650
v -0.9470 1.0651 -0.3042
v -0.9470 1.0651 -0.2433
v -0.9470 1.0651 -0.1825
v -0.9470 1.0651 -0.1217
v -0.9470 1.0651 -0.0608
v -0.9470 1.0651 0.0000
v -0.9470 1.0651 0.0608
v -0.9470 1.0651 0.1217
v -0.9470 1.0651 0.1825
v -0.9470 1.0651 0.2433
v -0.9470 1.0651 0.3042
v -0.9470 1.0651 0.3650
v -0.9470 1.0651 0.4259
v -0.9470 1.0651 0.4867
v -0.9470 1.0651 0.5475
v -0.9470 1.0651 0.6084
v -0.9470 1.0651 0.6692
v -0.9470 1.0651 0.7300
v -0.9470 1.0651 0.7909
v -0.9577 1.1157 -0.7909
v -0.9577 1.1157 -0.7300
v -0.9577 1.1157 -0.6692
v -0.9577 1.1157 -0.6084
v -0.9577 1.1157 -0.5475
v -0.9577 1.1157 -0.4867
v -0.9577 1.1157 -0.4259
v -0.9577 1.1157 -0.3650
v -0.9577 1.1157 -0.3042
v -0.9577 1.1157 -0.2433
v -0.9577 1.1157 -0.1825
v -0.9577 1.1157 -0.1217
v -0.9577 1.1157 -0.0608
v -0.9577 1.1157 0.0000
v -0.9577 1.1157 0.0608
v -0.9577 1.1157 0.1217
v -0.9577 1.1157 0.1825
v -0.9577 1.1157 0.2433
v -0.9577 1.1157 0.3042
v -0.9577 1.1157 0.3650
v -0.9577 1.1157 0.4259
v -0.9577 1.1157 0.4867
v -0.9577 1.1157 0.5475
v -0.9577 1.1157 0.6084
v -0.9577 1.1157 0.6692
v -0.9577 1.1157 0.7300
v -0.9577 1.1157 0.7909
v -0.9685 1.1662 -0.7909
v -0.9685 1.1662 -0.7300
v -0.9685 1.1662 -0.6692
v -0.9685 1.1662 -0.6084
v -0.9685 1.1662 -0.5475
v -0.9685 1.1662 -0.4867
v -0.9685 1.1662 -0.4259
v -0.9685 1.1662 -0.3650
v -0.9685 1.1662 -0.3042
v -0.9685 1.1662 -0.2433
v -0.9685 1.1662 -0.1825
v -0.9685 1.1662 -0.1217
v -0.9685 1.1662 -0.0608
v -0.9685 1.1662 0.0000
v -0.9685 1.1662 0.0608
v -0.9685 1.1662 0.1217
v -0.9685 1.1662 0.1825
v -0.9685 1.1662 0.2433
v -0.9685 1.1662 0.3042
v -0.9685 1.1662 0.3650
v -0.9685 1.1662 0.4259
v -0.9685 1.1662 0.4867
v -0.9685 1.1662 0.5475
v -0.9685 1.1662 0.6084
v -0.9685 1.1662 0.6692
v -0.9685 1.1662 0.7300
v -0.9685 1.1662 0.7909
v -0.9792 1.2168 -0.7909
v -0.9792 1.2168 -0.7300
v -0.9792 1.2168 -0.6692
v -0.9792 1.2168 -0.6084
v -0.9792 1.2168 -0.5475
v -0.9792 1.2168 -0.4867
v -0.9792 1.2168 -0.4259
v -0.9792 1.2168 -0.3650
v -0.9792 1.2168 -0.3042
v -0.9792 1.2168 -0.2433
v -0.9792 1.2168 -0.1825
v -0.9792 1.2168 -0.1217
v -0.9792 1.2168 -0.0608
v -0.9792 1.2168 0.0000
v -0.9792 1.2168 0.0608
v -0.9792 1.2168 0.1217
v -0.9792 1.2168 0.1825
v -0.9792 1.2168 0.2433
v -0.9792 1.2168 0.3042
v -0.9792 1.2168 0.3650
v -0.9792 1.2168 0.4259
v -0.9792 1.2168 0.4867
v -0.9792 1.2168 0.5475
v -0.9792 1.2168 0.6084
v -0.9792 1.2168 0.6692
v -0.9792 1.2168 0.7300
v -0.9792 1.2168 0.7909
v -0.9900 1.2673 -0.7909
v -0.9900 1.2673 -0.7300
v -0.9900 1.2673 -0.6692
v -0.9900 1.2673 -0.6084
v -0.9900 1.2673 -0.5475
v -0.9900 1.2673 -0.4867
v -0.9900 1.2673 -0.4259
v -0.9900 1.2673 -0.3650
v -0.9900 1.2673 -0.3042
v -0.9900 1.2673 -0.2433
v -0.9900 1.2673 -0.1825
v -0.9900 1.2673 -0.1217
v -0.9900 1.2673 -0.0608
v -0.9900 1.2673 0.0000
v -0.9900 1.2673 0.0608
v -0.9900 1.2673 0.1217
v -0.9900 1.2673 0.1825
v -0.9900 1.2673 0.2433
v -0.9900 1.2673 0.3042
v -0.9900 1.2673 0.3650
v -0.9900 1.2673 0.4259
v -0.9900 1.2673 0.4867
v -0.9900 1.2673 0.5475
v -0.9900 1.2673 0.6084
v -0.9900 1.2673 0.6692
v -0.9900 1.2673 0.7300
v -0.9900 1.2673 0.7909
v -1.0007 1.3179 -0.7909
v -1.0007 1.3179 -0.7300
v -1.0007 1.3179 -0.6692
v -1.0007 1.3179 -0.6084
v -1.0007 1.3179 -0.5475
v -1.0007 1.3179 -0.4867
v -1.0007 1.3179 -0.4259
v -1.0007 1.3179 -0.3650
v -1.0007 1.3179 -0.3042
v -1.0007 1.3179 -0.2433
v -1.0007 1.3179 -0.1825
v -1.0007 1.3179 -0.1217
v -1.0007 1.3179 -0.0608
v -1.0007 1.3179 0.0000
v -1.0007 1.3179 0.0608
v -1.0007 1.3179 0.1217
v -1.0007 1.3179 0.1825
v -1.0007 1.3179 0.2433
v -1.0007 1.3179 0.3042
v -1.0007 1.3179 0.3650
v -1.0007 1.3179 0.4259
v -1.0007 1.3179 0.4867
v -1.0007 1.3179 0.5475
v -1.0007 1.3179 0.6084
v -1.0007 1.3179 0.6692
v -1.0007 1.3179 0.7300
v -1.0007 1.3179 0.7909
vt -0.7909 0.6101
vt -0.7300 0.6101
vt -0.7300 0.6607
vt -0.7909 0.6607
vt -0.7300 0.6101
vt -0.6692 0.6101
vt -0.6692 0.6607
vt -0.7300 0.6607
vt -0.6692 0.6101
vt -0.6084 0.6101
vt -0.6084 0.6607
vt -0.6692 0.6607
vt -0.6084 0.6101
vt -0.5475 0.6101
vt -0.5475 0.6607
vt -0.6084 0.6607
vt -0.5475 0.6101
vt -0.4867 0.6101
vt -0.4867 0.6607
vt -0.5475 0.6607
vt -0.4867 0.6101
vt -0.4259 0.6101
vt -0.4259 0.6607
vt -0.4867 0.6607
vt -0.4259 0.6101
vt -0.3650 0.6101
vt -0.3650 0.6607
vt -0.4259 0.6607
vt -0.3650 0.6101
vt -0.3042 0.6101
vt -0.3042 0.6607
vt -0.3650 0.6607
vt -0.3042 0.6101
vt -0.2433 0.6101
vt -0.2433 0.6607
vt -0.3042 0.6607
vt -0.2433 0.6101
vt -0.1825 0.6101
vt -0.1825 0.6607
vt -0.2433 0.6607
vt -0.1825 0.6101
vt -0.1217 0.6101
vt -0.1217 0.6607
vt -0.1825 0.6607
vt -0.1217 0.6101
vt -0.0608 0.6101
vt -0.0608 0.6607
vt -0.1217 0.6607
vt -0.0608 0.6101
vt 0.0000 0.6101
vt 0.0000 0.6607
vt -0.0608 0.6607
vt 0.0000 0.6101
vt 0.0608 0.6101
vt 0.0608 0.6607
vt 0.0000 0.6607
vt 0.0608 0.6101
vt 0.1217 0.6101
vt 0.1217 0.6607
vt 0.0608 0.6607
vt 0.1217 0.6101
vt 0.1825 0.6101
vt 0.1825 0.6607
vt 0.1217 0.6607
vt 0.1825 0.6101
vt 0.2433 0.6101
vt 0.2433 0.6607
vt 0.1825 0.6607
vt 0.2433 0.6101
vt 0.3042 0.6101
vt 0.3042 0.6607
vt 0.2433 0.6607
vt 0.3042 0.6101
vt 0.3650 0.6101
vt 0.3650 0.6607
vt 0.3042 0.6607
vt 0.3650 0.6101
vt 0.4259 0.6101
vt 0.4259 0.6607
vt 0.3650 0.6607
vt 0.4259 0.6101
vt 0.4867 0.6101
vt 0.4867 0.6607
vt 0.4259 0.6607
vt 0.4867 0.6101
vt 0.5475 0.6101
vt 0.5475 0.6607
vt 0.4867 0.6607
vt 0.5475 0.6101
vt 0.6084 0.6101
vt 0.6084 0.6607
vt 0.5475 0.6607
vt 0.6084 0.6101
vt 0.6692 0.6101
vt 0.6692 0.6607
vt 0.6084 0.6607
vt 0.6692 0.6101
vt 0.7300 0.6101
vt 0.7300 0.6607
vt 0.6692 0.6607
vt 0.7300 0.6101
vt 0.7909 0.6101
vt 0.7909 0.6607
vt 0.7300 0.6607
vt -0.7909 0.6607
vt -0.7300 0.6607
vt -0.7300 0.7112
vt -0.7909 0.7112
vt -0.7300 0.6607
vt -0.6692 0.6607
vt -0.6692 0.7112
vt -0.7300 0.7112
vt -0.6692 0.6607
vt -0.6084 0.6607
vt -0.6084 0.7112
vt -0.6692 0.7112
vt -0.6084 0.6607
vt -0.5475 0.6607
vt -0.5475 0.7112
vt -0.6084 0.7112
vt -0.5475 0.6607
vt -0.4867 0.6607
vt -0.4867 0.7112
vt -0.5475 0.7112
vt -0.4867 0.6607
vt -0.4259 0.6607
vt -0.4259 0.7112
vt -0.4867 0.7112
vt -0.4259 0.6607
vt -0.3650 0.6607
vt -0.3650 0.7112
vt -0.4259 0.7112
vt -0.3650 0.6607
vt -0.3042 0.6607
vt -0.3042 0.7112
vt -0.3650 0.7112
vt -0.3042 0.6607
vt -0.2433 0.6607
vt -0.2433 0.7112
vt -0.3042 0.7112
vt -0.2433 0.6607
vt -0.1825 0.6607
vt -0.1825 0.7112
vt -0.2433 0.7112
vt -0.1825 0.6607
vt -0.1217 0.6607
vt -0.1217 0.7112
vt -0.1825 0.7112
vt -0.1217 0.6607
vt -0.0608 0.6607
vt -0.0608 0.7112
vt -0.1217 0.7112
vt -0.0608 0.6607
vt 0.0000 0.6607
vt 0.0000 0.7112
vt -0.0608 0.7112
vt 0.0000 0.6607
vt 0.0608 0.6607
vt 0.0608 0.7112
vt 0.0000 0.7112
vt 0.0608 0.6607
vt 0.1217 0.6607
vt 0.1217 0.7112
vt 0.0608 0.7112
vt 0.1217 0.6607
vt 0.1825 0.6607
vt 0.1825 0.7112
vt 0.1217 0.7112
vt 0.1825 0.6607
vt 0.2433 0.6607
vt 0.2433 0.7112
vt 0.1825 0.7112
vt 0.2433 0.6607
vt 0.3042 0.6607
vt 0.3042 0.7112
vt 0.2433 0.7112
vt 0.3042 0.6607
vt 0.3650 0.6607
vt 0.3650 0.7112
vt 0.3042 0.7112
vt 0.3650 0.6607
vt 0.4259 0.6607
vt 0.4259 0.7112
vt 0.3650 0.7112
vt 0.4259 0.6607
vt 0.4867 0.6607
vt 0.4867 0.7112
vt 0.4259 0.7112
vt 0.4867 0.6607
vt 0.5475 0.6607
vt 0.5475 0.7112
vt 0.4867 0.7112
vt 0.5475 0.6607
vt 0.6084 0.6607
vt 0.6084 0.7112
vt 0.5475 0.7112
vt 0.6084 0.6607
vt 0.6692 0.6607
vt 0.6692 0.7112
vt 0.6084 0.7112
vt 0.6692 0.6607
vt 0.7300 0.6607
vt 0.7300 0.7112
vt 0.6692 0.7112
vt 0.7300 0.6607
vt 0.7909 0.6607
vt 0.7909 0.7112
vt 0.7300 0.7112
vt -0.7909 0.7112
vt -0.7300 0.7112
vt -0.7300 0.7618
vt -0.7909 0.7618
vt -0.7300 0.7112
vt -0.6692 0.7112
vt -0.6692 0.7618
vt -0.7300 0.7618
vt -0.6692 0.7112
vt -0.6084 0.7112
vt -0.6084 0.7618
vt -0.6692 0.7618
vt -0.6084 0.7112
vt -0.5475 0.7112
vt -0.5475 0.7618
vt -0.6084 0.7618
vt -0.5475 0.7112
vt -0.4867 0.7112
vt -0.4867 0.7618
vt -0.5475 0.7618
vt -0.4867 0.7112
vt -0.4259 0.7112
vt -0.4259 0.7618
vt -0.4867 0.7618
vt -0.4259 0.7112
vt -0.3650 0.7112
vt -0.3650 0.7618
vt -0.4259 0.7618
vt -0.3650 0.7112
vt -0.3042 0.7112
vt -0.3042 0.7618
vt -0.3650 0.7618
vt -0.3042 0.7112
vt -0.2433 0.7112
vt -0.2433 0.7618
vt -0.3042 0.7618
vt -0.2433 0.7112
vt -0.1825 0.7112
vt -0.1825 0.7618
vt -0.2433 0.7618
vt -0.1825 0.7112
vt -0.1217 0.7112
vt -0.1217 0.7618
vt -0.1825 0.7618
vt -0.1217 0.7112
vt -0.0608 0.7112
vt -0.0608 0.7618
vt -0.1217 0.7618
vt -0.0608 0.7112
vt 0.0000 0.7112
vt 0.0000 0.7618
vt -0.0608 0.7618
vt 0.0000 0.7112
vt 0.0608 0.7112
vt 0.0608 0.7618
vt 0.0000 0.7618
vt 0.0608 0.7112
vt 0.1217 0.7112
vt 0.1217 0.7618
vt 0.0608 0.7618
vt 0.1217 0.7112
vt 0.1825 0.7112
vt 0.1825 0.7618
vt 0.1217 0.7618
vt 0.1825 0.7112
vt 0.2433 0.7112
vt 0.2433 0.7618
vt 0.1825 0.7618
vt 0.2433 0.7112
vt 0.3042 0.7112
vt 0.3042 0.7618
vt 0.2433 0.7618
vt 0.3042 0.7112
vt 0.3650 0.7112
vt 0.3650 0.7618
vt 0.3042 0.7618
vt 0.3650 0.7112
vt 0.4259 0.7112
vt 0.4259 0.7618
vt 0.3650 0.7618
vt 0.4259 0.7112
vt 0.4867 0.7112
vt 0.4867 0.7618
vt 0.4259 0.7618
vt 0.4867 0.7112
vt 0.5475 0.7112
vt 0.5475 0.7618
vt 0.4867 0.7618
vt 0.5475 0.7112
vt 0.6084 0.7112
vt 0.6084 0.7618
vt 0.5475 0.7618
vt 0.6084 0.7112
vt 0.6692 0.7112
vt 0.6692 0.7618
vt 0.6084 0.7618
vt 0.6692 0.7112
vt 0.7300 0.7112
vt 0.7300 0.7618
vt 0.6692 0.7618
vt 0.7300 0.7112
vt 0.7909 0.7112
vt 0.7909 0.7618
vt 0.7300 0.7618
vt -0.7909 0.7618
vt -0.7300 0.7618
vt -0.7300 0.8123
vt -0.7909 0.8123
vt -0.7300 0.7618
vt -0.6692 0.7618
vt -0.6692 0.8123
vt -0.7300 0.8123
vt -0.6692 0.7618
vt -0.6084 0.7618
vt -0.6084 0.8123
vt -0.6692 0.8123
vt -0.6084 0.7618
vt -0.5475 0.7618
vt -0.5475 0.8123
vt -0.6084 0.8123
vt -0.5475 0.7618
vt -0.4867 0.7618
vt -0.4867 0.8123
vt -0.5475 0.8123
vt -0.4867 0.7618
vt -0.4259 0.7618
vt -0.4259 0.8123
vt -0.4867 0.8123
vt -0.4259 0.7618
vt -0.3650 0.7618
vt -0.3650 0.8123
vt -0.4259 0.8123
vt -0.3650 0.7618
vt -0.3042 0.7618
vt -0.3042 0.8123
vt -0.3650 0.8123
vt -0.3042 0.7618
vt -0.2433 0.7618
vt -0.2433 0.8123
vt -0.3042 0.8123
vt -0.2433 0.7618
vt -0.1825 0.7618
vt -0.1825 0.8123
vt -0.2433 0.8123
vt -0.1825 0.7618
vt -0.1217 0.7618
vt -0.1217 0.8123
vt -0.1825 0.8123
vt -0.1217 0.7618
vt -0.0608 0.7618
vt -0.0608 0.8123
vt -0.1217 0.8123
vt -0.0608 0.7618
vt 0.0000 0.7618
vt 0.0000 0.8123
vt -0.0608 0.8123
vt 0.0000 0.7618
vt 0.0608 0.7618
vt 0.0608 0.8123
vt 0.0000 0.8123
vt 0.0608 0.7618
vt 0.1217 0.7618
vt 0.1217 0.8123
vt 0.0608 0.8123
vt 0.1217 0.7618
vt 0.1825 0.7618
vt 0.1825 0.8123
vt 0.1217 0.8123
vt 0.1825 0.7618
vt 0.2433 0.7618
vt 0.2433 0.8123
vt 0.1825 0.8123
vt 0.2433 0.7618
vt 0.3042 0.7618
vt 0.3042 0.8123
vt 0.2433 0.8123
vt 0.3042 0.7618
vt 0.3650 0.7618
vt 0.3650 0.8123
vt 0.3042 0.8123
vt 0.3650 0.7618
vt 0.4259 0.7618
vt 0.4259 0.8123
vt 0.3650 0.8123
vt 0.4259 0.7618
vt 0.4867 0.7618
vt 0.4867 0.8123
vt 0.4259 0.8123
vt 0.4867 0.7618
vt 0.5475 0.7618
vt 0.5475 0.8123
vt 0.4867 0.8123
vt 0.5475 0.7618
vt 0.6084 0.7618
vt 0.6084 0.8123
vt 0.5475 0.8123
vt 0.6084 0.7618
vt 0.6692 0.7618
vt 0.6692 0.8123
vt 0.6084 0.8123
vt 0.6692 0.7618
vt 0.7300 0.7618
vt 0.7300 0.8123
vt 0.6692 0.8123
vt 0.7300 0.7618
vt 0.7909 0.7618
vt 0.7909 0.8123
vt 0.7300 0.8123
vt -0.7909 0.8123
vt -0.7300 0.8123
vt -0.7300 0.8629
vt -0.7909 0.8629
vt -0.7300 0.8123
vt -0.6692 0.8123
vt -0.6692 0.8629
vt -0.7300 0.8629
vt -0.6692 0.8123
vt -0.6084 0.8123
vt -0.6084 0.8629
vt -0.6692 0.8629
vt -0.6084 0.8123
vt -0.5475 0.8123
vt -0.5475 0.8629
vt -0.6084 0.8629
vt -0.5475 0.8123
vt -0.4867 0.8123
vt -0.4867 0.8629
vt -0.5475 0.8629
vt -0.4867 0.8123
vt -0.4259 0.8123
vt -0.4259 0.8629
vt -0.4867 0.8629
vt -0.4259 0.8123
vt -0.3650 0.8123
vt -0.3650 0.8629
vt -0.4259 0.8629
vt -0.3650 0.8123
vt -0.3042 0.8123
vt -0.3042 0.8629
vt -0.3650 0.8629
vt -0.3042 0.8123
vt -0.2433 0.8123
vt -0.2433 0.8629
vt -0.3042 0.8629
vt -0.2433 0.8123
vt -0.1825 0.8123
vt -0.1825 0.8629
vt -0.2433 0.8629
vt -0.1825 0.8123
vt -0.1217 0.8123
vt -0.1217 0.8629
vt -0.1825 0.8629
vt -0.1217 0.8123
vt -0.0608 0.8123
vt -0.0608 0.8629
vt -0.1217 0.8629
vt -0.0608 0.8123
vt 0.0000 0.8123
vt 0.0000 0.8629
vt -0.0608 0.8629
vt 0.0000 0.8123
vt 0.0608 0.8123
vt 0.0608 0.8629
vt 0.0000 0.8629
vt 0.0608 0.8123
vt 0.1217 0.8123
vt 0.1217 0.8629
vt 0.0608 0.8629
vt 0.1217 0.8123
vt 0.1825 0.8123
vt 0.1825 0.8629
vt 0.1217 0.8629
vt 0.1825 0.8123
vt 0.2433 0.8123
vt 0.2433 0.8629
vt 0.1825 0.8629
vt 0.2433 0.8123
vt 0.3042 0.8123
vt 0.3042 0.8629
vt 0.2433 0.8629
vt 0.3042 0.8123
vt 0.3650 0.8123
vt 0.3650 0.8629
vt 0.3042 0.8629
vt 0.3650 0.8123
vt 0.4259 0.8123
vt 0.4259 0.8629
vt 0.3650 0.8629
vt 0.4259 0.8123
vt 0.4867 0.8123
vt 0.4867 0.8629
vt 0.4259 0.8629
vt 0.4867 0.8123
vt 0.5475 0.8123
vt 0.5475 0.8629
vt 0.4867 0.8629
vt 0.5475 0.8123
vt 0.6084 0.8123
vt 0.6084 0.8629
vt 0.5475 0.8629
vt 0.6084 0.8123
vt 0.6692 0.8123
vt 0.6692 0.8629
vt 0.6084 0.8629
vt 0.6692 0.8123
vt 0.7300 0.8123
vt 0.7300 0.8629
vt 0.6692 0.8629
vt 0.7300 0.8123
vt 0.7909 0.8123
vt 0.7909 0.8629
vt 0.7300 0.8629
vt -0.7909 0.8629
vt -0.7300 0.8629
vt -0.7300 0.9134
vt -0.7909 0.9134
vt -0.7300 0.8629
vt -0.6692 0.8629
vt -0.6692 0.9134
vt -0.7300 0.9134
vt -0.6692 0.8629
vt -0.6084 0.8629
vt -0.6084 0.9134
vt -0.6692 0.9134
vt -0.6084 0.8629
vt -0.5475 0.8629
vt -0.5475 0.9134
vt -0.6084 0.9134
vt -0.5475 0.8629
vt -0.4867 0.8629
vt -0.4867 0.9134
vt -0.5475 0.9134
vt -0.4867 0.8629
vt -0.4259 0.8629
vt -0.4259 0.9134
vt -0.4867 0.9134
vt -0.4259 0.8629
vt -0.3650 0.8629
vt -0.3650 0.9134
vt -0.4259 0.9134
vt -0.3650 0.8629
vt -0.3042 0.8629
vt -0.3042 0.9134
vt -0.3650 0.9134
vt -0.3042 0.8629
vt -0.2433 0.8629
vt -0.2433 0.9134
vt -0.3042 0.9134
vt -0.2433 0.8629
vt -0.1825 0.8629
vt -0.1825 0.9134
vt -0.2433 0.9134
vt -0.1825 0.8629
vt -0.1217 0.8629
vt -0.1217 0.9134
vt -0.1825 0.9134
vt -0.1217 0.8629
vt -0.0608 0.8629
vt -0.0608 0.9134
vt -0.1217 0.9134
vt -0.0608 0.8629
vt 0.0000 0.8629
vt 0.0000 0.9134
vt -0.0608 0.9134
vt 0.0000 0.8629
vt 0.0608 0.8629
vt 0.0608 0.9134
vt 0.0000 0.9134
vt 0.0608 0.8629
vt 0.1217 0.8629
vt 0.1217 0.9134
vt 0.0608 0.9134
vt 0.1217 0.8629
vt 0.1825 0.8629
vt 0.1825 0.9134
vt 0.1217 0.9134
vt 0.1825 0.8629
vt 0.2433 0.8629
vt 0.2433 0.9134
vt 0.1825 0.9134
vt 0.2433 0.8629
vt 0.3042 0.8629
vt 0.3042 0.9134
vt 0.2433 0.9134
vt 0.3042 0.8629
vt 0.3650 0.8629
vt 0.3650 0.9134
vt 0.3042 0.9134
vt 0.3650 0.8629
vt 0.4259 0.8629
vt 0.4259 0.9134
vt 0.3650 0.9134
vt 0.4259 0.8629
vt 0.4867 0.8629
vt 0.4867 0.9134
vt 0.4259 0.9134
vt 0.4867 0.8629
vt 0.5475 0.8629
vt 0.5475 0.9134
vt 0.4867 0.9134
vt 0.5475 0.8629
vt 0.6084 0.8629
vt 0.6084 0.9134
vt 0.5475 0.9134
vt 0.6084 0.8629
vt 0.6692 0.8629
vt 0.6692 0.9134
vt 0.6084 0.9134
vt 0.6692 0.8629
vt 0.7300 0.8629
vt 0.7300 0.9134
vt 0.6692 0.9134
vt 0.7300 0.8629
vt 0.7909 0.8629
vt 0.7909 0.9134
vt 0.7300 0.9134
vt -0.7909 0.9134
vt -0.7300 0.9134
vt -0.7300 0.9640
vt -0.7909 0.9640
vt -0.7300 0.9134
vt -0.6692 0.9134
vt -0.6692 0.9640
vt -0.7300 0.9640
vt -0.6692 0.9134
vt -0.6084 0.9134
vt -0.6084 0.9640
vt -0.6692 0.9640
vt -0.6084 0.9134
vt -0.5475 0.9134
vt -0.5475 0.9640
vt -0.6084 0.9640
vt -0.5475 0.9134
vt -0.4867 0.9134
vt -0.4867 0.9640
vt -0.5475 0.9640
vt -0.4867 0.9134
vt -0.4259 0.9134
vt -0.4259 0.9640
vt -0.4867 0.9640
vt -0.4259 0.9134
vt -0.3650 0.9134
vt -0.3650 0.9640
vt -0.4259 0.9640
vt -0.3650 0.9134
vt -0.3042 0.9134
vt -0.3042 0.9640
vt -0.3650 0.9640
vt -0.3042 0.9134
vt -0.2433 0.9134
vt -0.2433 0.9640
vt -0.3042 0.9640
vt -0.2433 0.9134
vt -0.1825 0.9134
vt -0.1825 0.9640
vt -0.2433 0.9640
vt -0.1825 0.9134
vt -0.1217 0.9134
vt -0.1217 0.9640
vt -0.1825 0.9640
vt -0.1217 0.9134
vt -0.0608 0.9134
vt -0.0608 0.9640
vt -0.1217 0.9640
vt -0.0608 0.9134
vt 0.0000 0.9134
vt 0.0000 0.9640
vt -0.0608 0.9640
vt 0.0000 0.9134
vt 0.0608 0.9134
vt 0.0608 0.9640
vt 0.0000 0.9640
vt 0.0608 0.9134
vt 0.1217 0.9134
vt 0.1217 0.9640
vt 0.0608 0.9640
vt 0.1217 0.9134
vt 0.1825 0.9134
vt 0.1825 0.9640
vt 0.1217 0.9640
vt 0.1825 0.9134
vt 0.2433 0.9134
vt 0.2433 0.9640
vt 0.1825 0.9640
vt 0.2433 0.9134
vt 0.3042 0.9134
vt 0.3042 0.9640
vt 0.2433 0.9640
vt 0.3042 0.9134
vt 0.3650 0.9134
vt 0.3650 0.9640
vt 0.3042 0.9640
vt 0.3650 0.9134
vt 0.4259 0.9134
vt 0.4259 0.9640
vt 0.3650 0.9640
vt 0.4259 0.9134
vt 0.4867 0.9134
vt 0.4867 0.9640
vt 0.4259 0.9640
vt 0.4867 0.9134
vt 0.5475 0.9134
vt 0.5475 0.9640
vt 0.4867 0.9640
vt 0.5475 0.9134
vt 0.6084 0.9134
vt 0.6084 0.9640
vt 0.5475 0.9640
vt 0.6084 0.9134
vt 0.6692 0.9134
vt 0.6692 0.9640
vt 0.6084 0.9640
vt 0.6692 0.9134
vt 0.7300 0.9134
vt 0.7300 0.9640
vt 0.6692 0.9640
vt 0.7300 0.9134
vt 0.7909 0.9134
vt 0.7909 0.9640
vt 0.7300 0.9640
vt -0.7909 0.9640
vt -0.7300 0.9640
vt -0.7300 1.0146
vt -0.7909 1.0146
vt -0.7300 0.9640
vt -0.6692 0.9640
vt -0.6692 1.0146
vt -0.7300 1.0146
vt -0.6692 0.9640
vt -0.6084 0.9640
vt -0.6084 1.0146
vt -0.6692 1.0146
vt -0.6084 0.9640
vt -0.5475 0.9640
vt -0.5475 1.0146
vt -0.6084 1.0146
vt -0.5475 0.9640
vt -0.4867 0.9640
vt -0.4867 1.0146
vt -0.5475 1.0146
vt -0.4867 0.9640
vt -0.4259 0.9640
vt -0.4259 1.0146
vt -0.4867 1.0146
vt -0.4259 0.9640
vt -0.3650 0.9640
vt -0.3650 1.0146
vt -0.4259 1.0146
vt -0.3650 0.9640
vt -0.3042 0.9640
vt -0.3042 1.0146
vt -0.3650 1.0146
vt -0.3042 0.9640
vt -0.2433 0.9640
vt -0.2433 1.0146
vt -0.3042 1.0146
vt -0.2433 0.9640
vt -0.1825 0.9640
vt -0.1825 1.0146
vt -0.2433 1.0146
vt -0.1825 0.9640
vt -0.1217 0.9640
vt -0.1217 1.0146
vt -0.1825 1.0146
vt -0.1217 0.9640
vt -0.0608 0.9640
vt -0.0608 1.0146
vt -0.1217 1.0146
vt -0.0608 0.9640
vt 0.0000 0.9640
vt 0.0000 1.0146
vt -0.0608 1.0146
vt 0.0000 0.9640
vt 0.0608 0.9640
vt 0.0608 1.0146
vt 0.0000 1.0146
vt 0.0608 0.9640
vt 0.1217 0.9640
vt 0.1217 1.0146
vt 0.0608 1.0146
vt 0.1217 0.9640
vt 0.1825 0.9640
vt 0.1825 1.0146
vt 0.1217 1.0146
vt 0.1825 0.9640
vt 0.2433 0.9640
vt 0.2433 1.0146
vt 0.1825 1.0146
vt 0.2433 0.9640
vt 0.3042 0.9640
vt 0.3042 1.0146
vt 0.2433 1.0146
vt 0.3042 0.9640
vt 0.3650 0.9640
vt 0.3650 1.0146
vt 0.3042 1.0146
vt 0.3650 0.9640
vt 0.4259 0.9640
vt 0.4259 1.0146
vt 0.3650 1.0146
vt 0.4259 0.9640
vt 0.4867 0.9640
vt 0.4867 1.0146
vt 0.4259 1.0146
vt 0.4867 0.9640
vt 0.5475 0.9640
vt 0.5475 1.0146
vt 0.4867 1.0146
vt 0.5475 0.9640
vt 0.6084 0.9640
vt 0.6084 1.0146
vt 0.5475 1.0146
vt 0.6084 0.9640
vt 0.6692 0.9640
vt 0.6692 1.0146
vt 0.6084 1.0146
vt 0.6692 0.9640
vt 0.7300 0.9640
vt 0.7300 1.0146
vt 0.6692 1.0146
vt 0.7300 0.9640
vt 0.7909 0.9640
vt 0.7909 1.0146
vt 0.7300 1.0146
vt -0.7909 1.0146
vt -0.7300 1.0146
vt -0.7300 1.0651
vt -0.7909 1.0651
vt -0.7300 1.0146
vt -0.6692 1.0146
vt -0.6692 1.0651
vt -0.7300 1.0651
vt -0.6692 1.0146
vt -0.6084 1.0146
vt -0.6084 1.0651
vt -0.6692 1.0651
vt -0.6084 1.0146
vt -0.5475 1.0146
vt -0.5475 1.0651
vt -0.6084 1.0651
vt -0.5475 1.0146
vt -0.4867 1.0146
vt -0.4867 1.0651
vt -0.5475 1.0651
vt -0.4867 1.0146
vt -0.4259 1.0146
vt -0.4259 1.0651
vt -0.4867 1.0651
vt -0.4259 1.0146
vt -0.3650 1.0146
vt -0.3650 1.0651
vt -0.4259 1.0651
vt -0.3650 1.0146
vt -0.3042 1.0146
vt -0.3042 1.0651
vt -0.3650 1.0651
vt -0.3042 1.0146
vt -0.2433 1.0146
vt -0.2433 1.0651
vt -0.3042 1.0651
vt -0.2433 1.0146
vt -0.1825 1.0146
vt -0.1825 1.0651
vt -0.2433 1.0651
vt -0.1825 1.0146
vt -0.1217 1.0146
vt -0.1217 1.0651
vt -0.1825 1.0651
vt -0.1217 1.0146
vt -0.0608 1.0146
vt -0.0608 1.0651
vt -0.1217 1.0651
vt -0.0608 1.0146
vt 0.0000 1.0146
vt 0.0000 1.0651
vt -0.0608 1.0651
vt 0.0000 1.0146
vt 0.0608 1.0146
vt 0.0608 1.0651
vt 0.0000 1.0651
vt 0.0608 1.0146
vt 0.1217 1.0146
vt 0.1217 1.0651
vt 0.0608 1.0651
vt 0.1217 1.0146
vt 0.1825 1.0146
vt 0.1825 1.0651
vt 0.1217 1.0651
vt 0.1825 1.0146
vt 0.2433 1.0146
vt 0.2433 1.0651
vt 0.1825 1.0651
vt 0.2433 1.0146
vt 0.3042 1.0146
vt 0.3042 1.0651
vt 0.2433 1.0651
vt 0.3042 1.0146
vt 0.3650 1.0146
vt 0.3650 1.0651
vt 0.3042 1.0651
vt 0.3650 1.0146
vt 0.4259 1.0146
vt 0.4259 1.0651
vt 0.3650 1.0651
vt 0.4259 1.0146
vt 0.4867 1.0146
vt 0.4867 1.0651
vt 0.4259 1.0651
vt 0.4867 1.0146
vt 0.5475 1.0146
vt 0.5475 1.0651
vt 0.4867 1.0651
vt 0.5475 1.0146
vt 0.6084 1.0146
vt 0.6084 1.0651
vt 0.5475 1.0651
vt 0.6084 1.0146
vt 0.6692 1.0146
vt 0.6692 1.0651
vt 0.6084 1.0651
vt 0.6692 1.0146
vt 0.7300 1.0146
vt 0.7300 1.0651
vt 0.6692 1.0651
vt 0.7300 1.0146
vt 0.7909 1.0146
vt 0.7909 1.0651
vt 0.7300 1.0651
vt -0.7300 1.0651
vt -0.6692 1.0651
vt -0.6692 1.1157
vt -0.7300 1.1157
vt -0.6692 1.0651
vt -0.6084 1.0651
vt -0.6084 1.1157
vt -0.6692 1.1157
vt -0.6084 1.0651
vt -0.5475 1.0651
vt -0.5475 1.1157
vt -0.6084 1.1157
vt -0.5475 1.0651
vt -0.4867 1.0651
vt -0.4867 1.1157
vt -0.5475 1.1157
vt -0.4867 1.0651
vt -0.4259 1.0651
vt -0.4259 1.1157
vt -0.4867 1.1157
vt -0.4259 1.0651
vt -0.3650 1.0651
vt -0.3650 1.1157
vt -0.4259 1.1157
vt -0.3650 1.0651
vt -0.3042 1.0651
vt -0.3042 1.1157
vt -0.3650 1.1157
vt -0.3042 1.0651
vt -0.2433 1.0651
vt -0.2433 1.1157
vt -0.3042 1.1157
vt -0.2433 1.0651
vt -0.1825 1.0651
vt -0.1825 1.1157
vt -0.2433 1.1157
vt -0.1825 1.0651
vt -0.1217 1.0651
vt -0.1217 1.1157
vt -0.1825 1.1157
vt -0.1217 1.0651
vt -0.0608 1.0651
vt -0.0608 1.1157
vt -0.1217 1.1157
vt -0.0608 1.0651
vt 0.0000 1.0651
vt 0.0000 1.1157
vt -0.0608 1.1157
vt 0.0000 1.0651
vt 0.0608 1.0651
vt 0.0608 1.1157
vt 0.0000 1.1157
vt 0.0608 1.0651
vt 0.1217 1.0651
vt 0.1217 1.1157
vt 0.0608 1.1157
vt 0.1217 1.0651
vt 0.1825 1.0651
vt 0.1825 1.1157
vt 0.1217 1.1157
vt 0.1825 1.0651
vt 0.2433 1.0651
vt 0.2433 1.1157
vt 0.1825 1.1157
vt 0.2433 1.0651
vt 0.3042 1.0651
vt 0.3042 1.1157
vt 0.2433 1.1157
vt 0.3042 1.0651
vt 0.3650 1.0651
vt 0.3650 1.1157
vt 0.3042 1.1157
vt 0.3650 1.0651
vt 0.4259 1.0651
vt 0.4259 1.1157
vt 0.3650 1.1157
vt 0.4259 1.0651
vt 0.4867 1.0651
vt 0.4867 1.1157
vt 0.4259 1.1157
vt 0.4867 1.0651
vt 0.5475 1.0651
vt 0.5475 1.1157
vt 0.4867 1.1157
vt 0.5475 1.0651
vt 0.6084 1.0651
vt 0.6084 1.1157
vt 0.5475 1.1157
vt 0.6084 1.0651
vt 0.6692 1.0651
vt 0.6692 1.1157
vt 0.6084 1.1157
vt 0.6692 1.0651
vt 0.7300 1.0651
vt 0.7300 1.1157
vt 0.6692 1.1157
vt -0.6692 1.1157
vt -0.6084 1.1157
vt -0.6084 1.1662
vt -0.6692 1.1662
vt -0.6084 1.1157
vt -0.5475 1.1157
vt -0.5475 1.1662
vt -0.6084 1.1662
vt -0.5475 1.1157
vt -0.4867 1.1157
vt -0.4867 1.1662
vt -0.5475 1.1662
vt -0.4867 1.1157
vt -0.4259 1.1157
vt -0.4259 1.1662
vt -0.4867 1.1662
vt -0.4259 1.1157
vt -0.3650 1.1157
vt -0.3650 1.1662
vt -0.4259 1.1662
vt -0.3650 1.1157
vt -0.3042 1.1157
vt -0.3042 1.1662
vt -0.3650 1.1662
vt -0.3042 1.1157
vt -0.2433 1.1157
vt -0.2433 1.1662
vt -0.3042 1.1662
vt -0.2433 1.1157
vt -0.1825 1.1157
vt -0.1825 1.1662
vt -0.2433 1.1662
vt -0.1825 1.1157
vt -0.1217 1.1157
vt -0.1217 1.1662
vt -0.1825 1.1662
vt -0.1217 1.1157
vt -0.0608 1.1157
vt -0.0608 1.1662
vt -0.1217 1.1662
vt -0.0608 1.1157
vt 0.0000 1.1157
vt 0.0000 1.1662
vt -0.0608 1.1662
vt 0.0000 1.1157
vt 0.0608 1.1157
vt 0.0608 1.1662
vt 0.0000 1.1662
vt 0.0608 1.1157
vt 0.1217 1.1157
vt 0.1217 1.1662
vt 0.0608 1.1662
vt 0.1217 1.1157
vt 0.1825 1.1157
vt 0.1825 1.1662
vt 0.1217 1.1662
vt 0.1825 1.1157
vt 0.2433 1.1157
vt 0.2433 1.1662
vt 0.1825 1.1662
vt 0.2433 1.1157
vt 0.3042 1.1157
vt 0.3042 1.1662
vt 0.2433 1.1662
vt 0.3042 1.1157
vt 0.3650 1.1157
vt 0.3650 1.1662
vt 0.3042 1.1662
vt 0.3650 1.1157
vt 0.4259 1.1157
vt 0.4259 1.1662
vt 0.3650 1.1662
vt 0.4259 1.1157
vt 0.4867 1.1157
vt 0.4867 1.1662
vt 0.4259 1.1662
vt 0.4867 1.1157
vt 0.5475 1.1157
vt 0.5475 1.1662
vt 0.4867 1.1662
vt 0.5475 1.1157
vt 0.6084 1.1157
vt 0.6084 1.1662
vt 0.5475 1.1662
vt 0.6084 1.1157
vt 0.6692 1.1157
vt 0.6692 1.1662
vt 0.6084 1.1662
vt -0.6084 1.1662
vt -0.5475 1.1662
vt -0.5475 1.2168
vt -0.6084 1.2168
vt -0.5475 1.1662
vt -0.4867 1.1662
vt -0.4867 1.2168
vt -0.5475 1.2168
vt -0.4867 1.1662
vt -0.4259 1.1662
vt -0.4259 1.2168
vt -0.4867 1.2168
vt -0.4259 1.1662
vt -0.3650 1.1662
vt -0.3650 1.2168
vt -0.4259 1.2168
vt -0.3650 1.1662
vt -0.3042 1.1662
vt -0.3042 1.2168
vt -0.3650 1.2168
vt -0.3042 1.1662
vt -0.2433 1.1662
vt -0.2433 1.2168
vt -0.3042 1.2168
vt -0.2433 1.1662
vt -0.1825 1.1662
vt -0.1825 1.2168
vt -0.2433 1.2168
vt -0.1825 1.1662
vt -0.1217 1.1662
vt -0.1217 1.2168
vt -0.1825 1.2168
vt -0.1217 1.1662
vt -0.0608 1.1662
vt -0.0608 1.2168
vt -0.1217 1.2168
vt -0.0608 1.1662
vt 0.0000 1.1662
vt 0.0000 1.2168
vt -0.0608 1.2168
vt 0.0000 1.1662
vt 0.0608 1.1662
vt 0.0608 1.2168
vt 0.0000 1.2168
vt 0.0608 1.1662
vt 0.1217 1.1662
vt 0.1217 1.2168
vt 0.0608 1.2168
vt 0.1217 1.1662
vt 0.1825 1.1662
vt 0.1825 1.2168
vt 0.1217 1.2168
vt 0.1825 1.1662
vt 0.2433 1.1662
vt 0.2433 1.2168
vt 0.1825 1.2168
vt 0.2433 1.1662
vt 0.3042 1.1662
vt 0.3042 1.2168
vt 0.2433 1.2168
vt 0.3042 1.1662
vt 0.3650 1.1662
vt 0.3650 1.2168
vt 0.3042 1.2168
vt 0.3650 1.1662
vt 0.4259 1.1662
vt 0.4259 1.2168
vt 0.3650 1.2168
vt 0.4259 1.1662
vt 0.4867 1.1662
vt 0.4867 1.2168
vt 0.4259 1.2168
vt 0.4867 1.1662
vt 0.5475 1.1662
vt 0.5475 1.2168
vt 0.4867 1.2168
vt 0.5475 1.1662
vt 0.6084 1.1662
vt 0.6084 1.2168
vt 0.5475 1.2168
vt -0.5475 1.2168
vt -0.4867 1.2168
vt -0.4867 1.2673
vt -0.5475 1.2673
vt -0.4867 1.2168
vt -0.4259 1.2168
vt -0.4259 1.2673
vt -0.4867 1.2673
vt -0.4259 1.2168
vt -0.3650 1.2168
vt -0.3650 1.2673
vt -0.4259 1.2673
vt -0.3650 1.2168
vt -0.3042 1.2168
vt -0.3042 1.2673
vt -0.3650 1.2673
vt -0.3042 1.2168
vt -0.2433 1.2168
vt -0.2433 1.2673
vt -0.3042 1.2673
vt -0.2433 1.2168
vt -0.1825 1.2168
vt -0.1825 1.2673
vt -0.2433 1.2673
vt -0.1825 1.2168
vt -0.1217 1.2168
vt -0.1217 1.2673
vt -0.1825 1.2673
vt -0.1217 1.2168
vt -0.0608 1.2168
vt -0.0608 1.2673
vt -0.1217 1.2673
vt -0.0608 1.2168
vt 0.0000 1.2168
vt 0.0000 1.2673
vt -0.0608 1.2673
vt 0.0000 1.2168
vt 0.0608 1.2168
vt 0.0608 1.2673
vt 0.0000 1.2673
vt 0.0608 1.2168
vt 0.1217 1.2168
vt 0.1217 1.2673
vt 0.0608 1.2673
vt 0.1217 1.2168
vt 0.1825 1.2168
vt 0.1825 1.2673
vt 0.1217 1.2673
vt 0.1825 1.2168
vt 0.2433 1.2168
vt 0.2433 1.2673
vt 0.1825 1.2673
vt 0.2433 1.2168
vt 0.3042 1.2168
vt 0.3042 1.2673
vt 0.2433 1.2673
vt 0.3042 1.2168
vt 0.3650 1.2168
vt 0.3650 1.2673
vt 0.3042 1.2673
vt 0.3650 1.2168
vt 0.4259 1.2168
vt 0.4259 1.2673
vt 0.3650 1.2673
vt 0.4259 1.2168
vt 0.4867 1.2168
vt 0.4867 1.2673
vt 0.4259 1.2673
vt 0.4867 1.2168
vt 0.5475 1.2168
vt 0.5475 1.2673
vt 0.4867 1.2673
vt -0.4259 1.2673
vt -0.3650 1.2673
vt -0.3650 1.3179
vt -0.4259 1.3179
vt -0.3650 1.2673
vt -0.3042 1.2673
vt -0.3042 1.3179
vt -0.3650 1.3179
vt -0.3042 1.2673
vt -0.2433 1.2673
vt -0.2433 1.3179
vt -0.3042 1.3179
vt -0.2433 1.2673
vt -0.1825 1.2673
vt -0.1825 1.3179
vt -0.2433 1.3179
vt -0.1825 1.2673
vt -0.1217 1.2673
vt -0.1217 1.3179
vt -0.1825 1.3179
vt -0.1217 1.2673
vt -0.0608 1.2673
vt -0.0608 1.3179
vt -0.1217 1.3179
vt -0.0608 1.2673
vt 0.0000 1.2673
vt 0.0000 1.3179
vt -0.0608 1.3179
vt 0.0000 1.2673
vt 0.0608 1.2673
vt 0.0608 1.3179
vt 0.0000 1.3179
vt 0.0608 1.2673
vt 0.1217 1.2673
vt 0.1217 1.3179
vt 0.0608 1.3179
vt 0.1217 1.2673
vt 0.1825 1.2673
vt 0.1825 1.3179
vt 0.1217 1.3179
vt 0.1825 1.2673
vt 0.2433 1.2673
vt 0.2433 1.3179
vt 0.1825 1.3179
vt 0.2433 1.2673
vt 0.3042 1.2673
vt 0.3042 1.3179
vt 0.2433 1.3179
vt 0.3042 1.2673
vt 0.3650 1.2673
vt 0.3650 1.3179
vt 0.3042 1.3179
vt 0.3650 1.2673
vt 0.4259 1.2673
vt 0.4259 1.3179
vt 0.3650 1.3179
f 406/1329 407/1330 434/1331 433/1332
f 407/1333 408/1334 435/1335 434/1336
f 408/1337 409/1338 436/1339 435/1340
f 409/1341 410/1342 437/1343 436/1344
f 410/1345 411/1346 438/1347 437/1348
f 411/1349 412/1350 439/1351 438/1352
f 412/1353 413/1354 440/1355 439/1356
f 413/1357 414/1358 441/1359 440/1360
f 414/1361 415/1362 442/1363 441/1364
f 415/1365 416/1366 443/1367 442/1368
f 416/1369 417/1370 444/1371 443/1372
f 417/1373 418/1374 445/1375 444/1376
f 418/1377 419/1378 446/1379 445/1380
f 419/1381 420/1382 447/1383 446/1384
f 420/1385 421/1386 448/1387 447/1388
f 421/1389 422/1390 449/1391 448/1392
f 422/1393 423/1394 450/1395 449/1396
f 423/1397 424/1398 451/1399 450/1400
f 424/1401 425/1402 452/1403 451/1404
f 425/1405 426/1406 453/1407 452/1408
f 426/1409 427/1410 454/1411 453/1412
f 427/1413 428/1414 455/1415 454/1416
f 428/1417 429/1418 456/1419 455/1420
f 429/1421 430/1422 457/1423 456/1424
f 430/1425 431/1426 458/1427 457/1428
f 431/1429 432/1430 459/1431 458/1432
f 433/1433 434/1434 461/1435 460/1436
f 434/1437 435/1438 462/1439 461/1440
f 435/1441 436/1442 463/1443 462/1444
f 436/1445 437/1446 464/1447 463/1448
f 437/1449 438/1450 465/1451 464/1452
f 438/1453 439/1454 466/1455 465/1456
f 439/1457 440/1458 467/1459 466/1460
f 440/1461 441/1462 468/1463 467/1464
f 441/1465 442/1466 469/1467 468/1468
f 442/1469 443/1470 470/1471 469/1472
f 443/1473 444/1474 471/1475 470/1476
f 444/1477 445/1478 472/1479 471/1480
f 445/1481 446/1482 473/1483 472/1484
f 446/1485 447/1486 474/1487 473/1488
f 447/1489 448/1490 475/1491 474/1492
f 448/1493 449/1494 476/1495 475/1496
f 449/1497 450/1498 477/1499 476/1500
f 450/1501 451/1502 478/1503 477/1504
f 451/1505 452/1506 479/1507 478/1508
f 452/1509 453/1510 480/1511 479/1512
f 453/1513 454/1514 481/1515 480/1516
f 454/1517 455/1518 482/1519 481/1520
f 455/1521 456/1522 483/1523 482/1524
f 456/1525 457/1526 484/1527 483/1528
f 457/1529 458/1530 485/1531 484/1532
f 458/1533 459/1534 486/1535 485/1536
f 460/1537 461/1538 488/1539 487/1540
f 461/1541 462/1542 489/1543 488/1544
f 462/1545 463/1546 490/1547 489/1548
f 463/1549 464/1550 491/1551 490/1552
f 464/1553 465/1554 492/1555 491/1556
f 465/1557 466/1558 493/1559 492/1560
f 466/1561 467/1562 494/1563 493/1564
f 467/1565 468/1566 495/1567 494/1568
f 468/1569 469/1570 496/1571 495/1572
f 469/1573 470/1574 497/1575 496/1576
f 470/1577 471/1578 498/1579 497/1580
f 471/1581 472/1582 499/1583 498/1584
f 472/1585 473/1586 500/1587 499/1588
f 473/1589 474/1590 501/1591 500/1592
f 474/1593 475/1594 502/1595 501/1596
f 475/1597 476/1598 503/1599 502/1600
f 476/1601 477/1602 504/1603 503/1604
f 477/1605 478/1606 505/1607 504/1608
f 478/1609 479/1610 506/1611 505/1612
f 479/1613 480/1614 507/1615 506/1616
f 480/1617 481/1618 508/1619 507/1620
f 481/1621 482/1622 509/1623 508/1624
f 482/1625 483/1626 510/1627 509/1628
f 483/1629 484/1630 511/1631 510/1632
f 484/1633 485/1634 512/1635 511/1636
f 485/1637 486/1638 513/1639 512/1640
f 487/1641 488/1642 515/1643 514/1644
f 488/1645 489/1646 516/1647 515/1648
f 489/1649 490/1650 517/1651 516/1652
f 490/1653 491/1654 518/1655 517/1656
f 491/1657 492/1658 519/1659 518/1660
f 492/1661 493/1662 520/1663 519/1664
f 493/1665 494/1666 521/1667 520/1668
f 494/1669 495/1670 522/1671 521/1672
f 495/1673 496/1674 523/1675 522/1676
f 496/1677 497/1678 524/1679 523/1680
f 497/1681 498/1682 525/1683 524/1684
f 498/1685 499/1686 526/1687 525/1688
f 499/1689 500/1690 527/1691 526/1692
f 500/1693 501/1694 528/1695 527/1696
f 501/1697 502/1698 529/1699 528/1700
f 502/1701 503/1702 530/1703 529/1704
f 503/1705 504/1706 531/1707 530/1708
f 504/1709 505/1710 532/1711 531/1712
f 505/1713 506/1714 533/1715 532/1716
f 506/1717 507/1718 534/1719 533/1720
f 507/1721 508/1722 535/1723 534/1724
f 508/1725 509/1726 536/1727 535/1728
f 509/1729 510/1730 537/1731 536/1732
f 510/1733 511/1734 538/1735 537/1736
f 511/1737 512/1738 539/1739 538/1740
f 512/1741 513/1742 540/1743 539/1744
f 514/1745 515/1746 542/1747 541/1748
f 515/1749 516/1750 543/1751 542/1752
f 516/1753 517/1754 544/1755 543/1756
f 517/1757 518/1758 545/1759 544/1760
f 518/1761 519/1762 546/1763 545/1764
f 519/1765 520/1766 547/1767 546/1768
f 520/1769 521/1770 548/1771 547/1772
f 521/1773 522/1774 549/1775 548/1776
f 522/1777 523/1778 550/1779 549/1780
f 523/1781 524/1782 551/1783 550/1784
f 524/1785 525/1786 552/1787 551/1788
f 525/1789 526/1790 553/1791 552/1792
f 526/1793 527/1794 554/1795 553/1796
f 527/1797 528/1798 555/1799 554/1800
f 528/1801 529/1802 556/1803 555/1804
f 529/1805 530/1806 557/1807 556/1808
f 530/1809 531/1810 558/1811 557/1812
f 531/1813 532/1814 559/1815 558/1816
f 532/1817 533/1818 560/1819 559/1820
f 533/1821 534/1822 561/1823 560/1824
f 534/1825 535/1826 562/1827 561/1828
f 535/1829 536/1830 563/1831 562/1832
f 536/1833 537/1834 564/1835 563/1836
f 537/1837 538/1838 565/1839 564/1840
f 538/1841 539/1842 566/1843 565/1844
f 539/1845 540/1846 567/1847 566/1848
f 541/1849 542/1850 569/1851 568/1852
f 542/1853 543/1854 570/1855 569/1856
f 543/1857 544/1858 571/1859 570/1860
f 544/1861 545/1862 572/1863 571/1864
f 545/1865 546/1866 573/1867 572/1868
f 546/1869 547/1870 574/1871 573/1872
f 547/1873 548/1874 575/1875 574/1876
f 548/1877 549/1878 576/1879 575/1880
f 549/1881 550/1882 577/1883 576/1884
f 550/1885 551/1886 578/1887 577/1888
f 551/1889 552/1890 579/1891 578/1892
f 552/1893 553/1894 580/1895 579/1896
f 553/1897 554/1898 581/1899 580/1900
f 554/1901 555/1902 582/1903 581/1904
f 555/1905 556/1906 583/1907 582/1908
f 556/1909 557/1910 584/1911 583/1912
f 557/1913 558/1914 585/1915 584/1916
f 558/1917 559/1918 586/1919 585/1920
f 559/1921 560/1922 587/1923 586/1924
f 560/1925 561/1926 588/1927 587/1928
f 561/1929 562/1930 589/1931 588/1932
f 562/1933 563/1934 590/1935 589/1936
f 563/1937 564/1938 591/1939 590/1940
f 564/1941 565/1942 592/1943 591/1944
f 565/1945 566/1946 593/1947 592/1948
f 566/1949 567/1950 594/1951 593/1952
f 568/1953 569/1954 596/1955 595/1956
f 569/1957 570/1958 597/1959 596/1960
f 570/1961 571/1962 598/1963 597/1964
f 571/1965 572/1966 599/1967 598/1968
f 572/1969 573/1970 600/1971 599/1972
f 573/1973 574/1974 601/1975 600/1976
f 574/1977 575/1978 602/1979 601/1980
f 575/1981 576/1982 603/1983 602/1984
f 576/1985 577/1986 604/1987 603/1988
f 577/1989 578/1990 605/1991 604/1992
f 578/1993 579/1994 606/1995 605/1996
f 579/1997 580/1998 607/1999 606/2000
f 580/2001 581/2002 608/2003 607/2004
f 581/2005 582/2006 609/2007 608/2008
f 582/2009 583/2010 610/2011 609/2012
f 583/2013 584/2014 611/2015 610/2016
f 584/2017 585/2018 612/2019 611/2020
f 585/2021 586/2022 613/2023 612/2024
f 586/2025 587/2026 614/2027 613/2028
f 587/2029 588/2030 615/2031 614/2032
f 588/2033 589/2034 616/2035 615/2036
f 589/2037 590/2038 617/2039 616/2040
f 590/2041 591/2042 618/2043 617/2044
f 591/2045 592/2046 619/2047 618/2048
f 592/2049 593/2050 620/2051 619/2052
f 593/2053 594/2054 621/2055 620/2056
f 595/2057 596/2058 623/2059 622/2060
f 596/2061 597/2062 624/2063 623/2064
f 597/2065 598/2066 625/2067 624/2068
f 598/2069 599/2070 626/2071 625/2072
f 599/2073 600/2074 627/2075 626/2076
f 600/2077 601/2078 628/2079 627/2080
f 601/2081 602/2082 629/2083 628/2084
f 602/2085 603/2086 630/2087 629/2088
f 603/2089 604/2090 631/2091 630/2092
f 604/2093 605/2094 632/2095 631/2096
f 605/2097 606/2098 633/2099 632/2100
f 606/2101 607/2102 634/2103 633/2104
f 607/2105 608/2106 635/2107 634/2108
f 608/2109 609/2110 636/2111 635/2112
f 609/2113 610/2114 637/2115 636/2116
f 610/2117 611/2118 638/2119 637/2120
f 611/2121 612/2122 639/2123 638/2124
f 612/2125 613/2126 640/2127 639/2128
f 613/2129 614/2130 641/2131 640/2132
f 614/2133 615/2134 642/2135 641/2136
f 615/2137 616/2138 643/2139 642/2140
f 616/2141 617/2142 644/2143 643/2144
f 617/2145 618/2146 645/2147 644/2148
f 618/2149 619/2150 646/2151 645/2152
f 619/2153 620/2154 647/2155 646/2156
f 620/2157 621/2158 648/2159 647/2160
f 622/2161 623/2162 650/2163 649/2164
f 623/2165 624/2166 651/2167 650/2168
f 624/2169 625/2170 652/2171 651/2172
f 625/2173 626/2174 653/2175 652/2176
f 626/2177 627/2178 654/2179 653/2180
f 627/2181 628/2182 655/2183 654/2184
f 628/2185 629/2186 656/2187 655/2188
f 629/2189 630/2190 657/2191 656/2192
f 630/2193 631/2194 658/2195 657/2196
f 631/2197 632/2198 659/2199 658/2200
f 632/2201 633/2202 660/2203 659/2204
f 633/2205 634/2206 661/2207 660/2208
f 634/2209 635/2210 662/2211 661/2212
f 635/2213 636/2214 663/2215 662/2216
f 636/2217 637/2218 664/2219 663/2220
f 637/2221 638/2222 665/2223 664/2224
f 638/2225 639/2226 666/2227 665/2228
f 639/2229 640/2230 667/2231 666/2232
f 640/2233 641/2234 668/2235 667/2236
f 641/2237 642/2238 669/2239 668/2240
f 642/2241 643/2242 670/2243 669/2244
f 643/2245 644/2246 671/2247 670/2248
f 644/2249 645/2250 672/2251 671/2252
f 645/2253 646/2254 673/2255 672/2256
f 646/2257 647/2258 674/2259 673/2260
f 647/2261 648/2262 675/2263 674/2264
f 650/2265 651/2266 678/2267 677/2268
f 651/2269 652/2270 679/2271 678/2272
f 652/2273 653/2274 680/2275 679/2276
f 653/2277 654/2278 681/2279 680/2280
f 654/2281 655/2282 682/2283 681/2284
f 655/2285 656/2286 683/2287 682/2288
f 656/2289 657/2290 684/2291 683/2292
f 657/2293 658/2294 685/2295 684/2296
f 658/2297 659/2298 686/2299 685/2300
f 659/2301 660/2302 687/2303 686/2304
f 660/2305 661/2306 688/2307 687/2308
f 661/2309 662/2310 689/2311 688/2312
f 662/2313 663/2314 690/2315 689/2316
f 663/2317 664/2318 691/2319 690/2320
f 664/2321 665/2322 692/2323 691/2324
f 665/2325 666/2326 693/2327 692/2328
f 666/2329 667/2330 694/2331 693/2332
f 667/2333 668/2334 695/2335 694/2336
f 668/2337 669/2338 696/2339 695/2340
f 669/2341 670/2342 697/2343 696/2344
f 670/2345 671/2346 698/2347 697/2348
f 671/2349 672/2350 699/2351 698/2352
f 672/2353 673/2354 700/2355 699/2356
f 673/2357 674/2358 701/2359 700/2360
f 678/2361 679/2362 706/2363 705/2364
f 679/2365 680/2366 707/2367 706/2368
f 680/2369 681/2370 708/2371 707/2372
f 681/2373 682/2374 709/2375 708/2376
f 682/2377 683/2378 710/2379 709/2380
f 683/2381 684/2382 711/2383 710/2384
f 684/2385 685/2386 712/2387 711/2388
f 685/2389 686/2390 713/2391 712/2392
f 686/2393 687/2394 714/2395 713/2396
f 687/2397 688/2398 715/2399 714/2400
f 688/2401 689/2402 716/2403 715/2404
f 689/2405 690/2406 717/2407 716/2408
f 690/2409 691/2410 718/2411 717/2412
f 691/2413 692/2414 719/2415 718/2416
f 692/2417 693/2418 720/2419 719/2420
f 693/2421 694/2422 721/2423 720/2424
f 694/2425 695/2426 722/2427 721/2428
f 695/2429 696/2430 723/2431 722/2432
f 696/2433 697/2434 724/2435 723/2436
f 697/2437 698/2438 725/2439 724/2440
f 698/2441 699/2442 726/2443 725/2444
f 699/2445 700/2446 727/2447 726/2448
f 706/2449 707/2450 734/2451 733/2452
f 707/2453 708/2454 735/2455 734/2456
f 708/2457 709/2458 736/2459 735/2460
f 709/2461 710/2462 737/2463 736/2464
f 710/2465 711/2466 738/2467 737/2468
f 711/2469 712/2470 739/2471 738/2472
f 712/2473 713/2474 740/2475 739/2476
f 713/2477 714/2478 741/2479 740/2480
f 714/2481 715/2482 742/2483 741/2484
f 715/2485 716/2486 743/2487 742/2488
f 716/2489 717/2490 744/2491 743/2492
f 717/2493 718/2494 745/2495 744/2496
f 718/2497 719/2498 746/2499 745/2500
f 719/2501 720/2502 747/2503 746/2504
f 720/2505 721/2506 748/2507 747/2508
f 721/2509 722/2510 749/2511 748/2512
f 722/2513 723/2514 750/2515 749/2516
f 723/2517 724/2518 751/2519 750/2520
f 724/2521 725/2522 752/2523 751/2524
f 725/2525 726/2526 753/2527 752/2528
f 734/2529 735/2530 762/2531 761/2532
f 735/2533 736/2534 763/2535 762/2536
f 736/2537 737/2538 764/2539 763/2540
f 737/2541 738/2542 765/2543 764/2544
f 738/2545 739/2546 766/2547 765/2548
f 739/2549 740/2550 767/2551 766/2552
f 740/2553 741/2554 768/2555 767/2556
f 741/2557 742/2558 769/2559 768/2560
f 742/2561 743/2562 770/2563 769/2564
f 743/2565 744/2566 771/2567 770/2568
f 744/2569 745/2570 772/2571 771/2572
f 745/2573 746/2574 773/2575 772/2576
f 746/2577 747/2578 774/2579 773/2580
f 747/2581 748/2582 775/2583 774/2584
f 748/2585 749/2586 776/2587 775/2588
f 749/2589 750/2590 777/2591 776/2592
f 750/2593 751/2594 778/2595 777/2596
f 751/2597 752/2598 779/2599 778/2600
f 763/2601 764/2602 791/2603 790/2604
f 764/2605 765/2606 792/2607 791/2608
f 765/2609 766/2610 793/2611 792/2612
f 766/2613 767/2614 794/2615 793/2616
f 767/2617 768/2618 795/2619 794/2620
f 768/2621 769/2622 796/2623 795/2624
f 769/2625 770/2626 797/2627 796/2628
f 770/2629 771/2630 798/2631 797/2632
f 771/2633 772/2634 799/2635 798/2636
f 772/2637 773/2638 800/2639 799/2640
f 773/2641 774/2642 801/2643 800/2644
f 774/2645 775/2646 802/2647 801/2648
f 775/2649 776/2650 803/2651 802/2652
f 776/2653 777/2654 804/2655 803/2656
o Cockpit_Column_L
v -0.9595 0.2339 -0.5030
v -0.9743 0.2412 -0.4979
v -0.9835 0.2462 -0.4841
v -0.9835 0.2469 -0.4668
v -0.9743 0.2430 -0.4527
v -0.9595 0.2361 -0.4470
v -0.9447 0.2288 -0.4521
v -0.9355 0.2238 -0.4659
v -0.9355 0.2231 -0.4832
v -0.9447 0.2270 -0.4973
v -0.8995 0.3589 -0.5080
v -0.9141 0.3667 -0.5029
v -0.9231 0.3720 -0.4891
v -0.9231 0.3727 -0.4718
v -0.9141 0.3685 -0.4577
v -0.8995 0.3611 -0.4520
v -0.8849 0.3533 -0.4571
v -0.8759 0.3480 -0.4709
v -0.8759 0.3473 -0.4882
v -0.8849 0.3515 -0.5023
v -0.7895 0.5589 -0.5160
v -0.8036 0.5676 -0.5110
v -0.8123 0.5733 -0.4972
v -0.8123 0.5740 -0.4799
v -0.8036 0.5694 -0.4657
v -0.7895 0.5611 -0.4600
v -0.7754 0.5524 -0.4650
v -0.7667 0.5467 -0.4788
v -0.7667 0.5460 -0.4961
v -0.7754 0.5506 -0.5103
v -0.7195 0.6589 -0.5200
v -0.7330 0.6685 -0.5150
v -0.7413 0.6749 -0.5013
v -0.7413 0.6756 -0.4840
v -0.7330 0.6703 -0.4697
v -0.7195 0.6611 -0.4640
v -0.7060 0.6515 -0.4690
v -0.6977 0.6451 -0.4827
v -0.6977 0.6444 -0.5000
v -0.7060 0.6497 -0.5143
vt -0.9595 0.2339
vt -0.9743 0.2412
vt -0.9141 0.3667
vt -0.8995 0.3589
vt -0.4979 0.2412
vt -0.4841 0.2462
vt -0.4891 0.3720
vt -0.5029 0.3667
vt -0.4841 0.2462
vt -0.4668 0.2469
vt -0.4718 0.3727
vt -0.4891 0.3720
vt -0.4668 0.2469
vt -0.4527 0.2430
vt -0.4577 0.3685
vt -0.4718 0.3727
vt -0.9743 0.2430
vt -0.9595 0.2361
vt -0.8995 0.3611
vt -0.9141 0.3685
vt -0.9595 0.2361
vt -0.9447 0.2288
vt -0.8849 0.3533
vt -0.8995 0.3611
vt -0.4521 0.2288
vt -0.4659 0.2238
vt -0.4709 0.3480
vt -0.4571 0.3533
vt -0.4659 0.2238
vt -0.4832 0.2231
vt -0.4882 0.3473
vt -0.4709 0.3480
vt -0.4832 0.2231
vt -0.4973 0.2270
vt -0.5023 0.3515
vt -0.4882 0.3473
vt -0.9447 0.2270
vt -0.9595 0.2339
vt -0.8995 0.3589
vt -0.8849 0.3515
vt -0.8995 0.3589
vt -0.9141 0.3667
vt -0.8036 0.5676
vt -0.7895 0.5589
vt -0.5029 0.3667
vt -0.4891 0.3720
vt -0.4972 0.5733
vt -0.5110 0.5676
vt -0.4891 0.3720
vt -0.4718 0.3727
vt -0.4799 0.5740
vt -0.4972 0.5733
vt -0.4718 0.3727
vt -0.4577 0.3685
vt -0.4657 0.5694
vt -0.4799 0.5740
vt -0.9141 0.3685
vt -0.8995 0.3611
vt -0.7895 0.5611
vt -0.8036 0.5694
vt -0.8995 0.3611
vt -0.8849 0.3533
vt -0.7754 0.5524
vt -0.7895 0.5611
vt -0.4571 0.3533
vt -0.4709 0.3480
vt -0.4788 0.5467
vt -0.4650 0.5524
vt -0.4709 0.3480
vt -0.4882 0.3473
vt -0.4961 0.5460
vt -0.4788 0.5467
vt -0.4882 0.3473
vt -0.5023 0.3515
vt -0.5103 0.5506
vt -0.4961 0.5460
vt -0.8849 0.3515
vt -0.8995 0.3589
vt -0.7895 0.5589
vt -0.7754 0.5506
vt -0.7895 0.5589
vt -0.8036 0.5676
vt -0.7330 0.6685
vt -0.7195 0.6589
vt -0.5110 0.5676
vt -0.4972 0.5733
vt -0.5013 0.6749
vt -0.5150 0.6685
vt -0.4972 0.5733
vt -0.4799 0.5740
vt -0.4840 0.6756
vt -0.5013 0.6749
vt -0.4799 0.5740
vt -0.4657 0.5694
vt -0.4697 0.6703
vt -0.4840 0.6756
vt -0.8036 0.5694
vt -0.7895 0.5611
vt -0.7195 0.6611
vt -0.7330 0.6703
vt -0.7895 0.5611
vt -0.7754 0.5524
vt -0.7060 0.6515
vt -0.7195 0.6611
vt -0.4650 0.5524
vt -0.4788 0.5467
vt -0.4827 0.6451
vt -0.4690 0.6515
vt -0.4788 0.5467
vt -0.4961 0.5460
vt -0.5000 0.6444
vt -0.4827 0.6451
vt -0.4961 0.5460
vt -0.5103 0.5506
vt -0.5143 0.6497
vt -0.5000 0.6444
vt -0.7754 0.5506
vt -0.7895 0.5589
vt -0.7195 0.6589
vt -0.7060 0.6497
vt -0.9447 -0.4973
vt -0.9355 -0.4832
vt -0.9355 -0.4659
vt -0.9447 -0.4521
vt -0.9595 -0.4470
vt -0.9743 -0.4527
vt -0.9835 -0.4668
vt -0.9835 -0.4841
vt -0.9743 -0.4979
vt -0.9595 -0.5030
vt -0.7195 -0.5200
vt -0.7330 -0.5150
vt -0.7413 -0.5013
vt -0.7413 -0.4840
vt -0.7330 -0.4697
vt -0.7195 -0.4640
vt -0.7060 -0.4690
vt -0.6977 -0.4827
vt -0.6977 -0.5000
vt -0.7060 -0.5143
f 811/2657 812/2658 822/2659 821/2660
f 812/2661 813/2662 823/2663 822/2664
f 813/2665 814/2666 824/2667 823/2668
f 814/2669 815/2670 825/2671 824/2672
f 815/2673 816/2674 826/2675 825/2676
f 816/2677 817/2678 827/2679 826/2680
f 817/2681 818/2682 828/2683 827/2684
f 818/2685 819/2686 829/2687 828/2688
f 819/2689 820/2690 830/2691 829/2692
f 820/2693 811/2694 821/2695 830/2696
f 821/2697 822/2698 832/2699 831/2700
f 822/2701 823/2702 833/2703 832/2704
f 823/2705 824/2706 834/2707 833/2708
f 824/2709 825/2710 835/2711 834/2712
f 825/2713 826/2714 836/2715 835/2716
f 826/2717 827/2718 837/2719 836/2720
f 827/2721 828/2722 838/2723 837/2724
f 828/2725 829/2726 839/2727 838/2728
f 829/2729 830/2730 840/2731 839/2732
f 830/2733 821/2734 831/2735 840/2736
f 831/2737 832/2738 842/2739 841/2740
f 832/2741 833/2742 843/2743 842/2744
f 833/2745 834/2746 844/2747 843/2748
f 834/2749 835/2750 845/2751 844/2752
f 835/2753 836/2754 846/2755 845/2756
f 836/2757 837/2758 847/2759 846/2760
f 837/2761 838/2762 848/2763 847/2764
f 838/2765 839/2766 849/2767 848/2768
f 839/2769 840/2770 850/2771 849/2772
f 840/2773 831/2774 841/2775 850/2776
f 820/2777 819/2778 818/2779 817/2780 816/2781 815/2782 814/2783 813/2784 812/2785 811/2786
f 841/2787 842/2788 843/2789 844/2790 845/2791 846/2792 847/2793 848/2794 849/2795 850/2796
o Cockpit_ColumnArm_LL
v -0.7195 0.6401 -0.5055
v -0.7325 0.6470 -0.5074
v -0.7405 0.6588 -0.5035
v -0.7405 0.6711 -0.4952
v -0.7325 0.6791 -0.4856
v -0.7195 0.6799 -0.4785
v -0.7065 0.6730 -0.4766
v -0.6985 0.6612 -0.4805
v -0.6985 0.6489 -0.4888
v -0.7065 0.6409 -0.4984
v -0.6895 0.6795 -0.5635
v -0.7024 0.6864 -0.5659
v -0.7104 0.6984 -0.5626
v -0.7104 0.7111 -0.5549
v -0.7024 0.7195 -0.5457
v -0.6895 0.7205 -0.5385
v -0.6766 0.7136 -0.5361
v -0.6686 0.7016 -0.5394
v -0.6686 0.6889 -0.5471
v -0.6766 0.6805 -0.5563
v -0.6595 0.7109 -0.6214
v -0.6724 0.7177 -0.6243
v -0.6803 0.7299 -0.6217
v -0.6803 0.7430 -0.6147
v -0.6724 0.7518 -0.6058
v -0.6595 0.7531 -0.5986
v -0.6466 0.7463 -0.5957
v -0.6387 0.7341 -0.5983
v -0.6387 0.7210 -0.6053
v -0.6466 0.7122 -0.6142
vt -0.7195 -0.5055
vt -0.7325 -0.5074
vt -0.7024 -0.5659
vt -0.6895 -0.5635
vt -0.5074 0.6470
vt -0.5035 0.6588
vt -0.5626 0.6984
vt -0.5659 0.6864
vt -0.5035 0.6588
vt -0.4952 0.6711
vt -0.5549 0.7111
vt -0.5626 0.6984
vt -0.4952 0.6711
vt -0.4856 0.6791
vt -0.5457 0.7195
vt -0.5549 0.7111
vt -0.7325 -0.4856
vt -0.7195 -0.4785
vt -0.6895 -0.5385
vt -0.7024 -0.5457
vt -0.7195 -0.4785
vt -0.7065 -0.4766
vt -0.6766 -0.5361
vt -0.6895 -0.5385
vt -0.4766 0.6730
vt -0.4805 0.6612
vt -0.5394 0.7016
vt -0.5361 0.7136
vt -0.4805 0.6612
vt -0.4888 0.6489
vt -0.5471 0.6889
vt -0.5394 0.7016
vt -0.4888 0.6489
vt -0.4984 0.6409
vt -0.5563 0.6805
vt -0.5471 0.6889
vt -0.7065 -0.4984
vt -0.7195 -0.5055
vt -0.6895 -0.5635
vt -0.6766 -0.5563
vt -0.6895 -0.5635
vt -0.7024 -0.5659
vt -0.6724 -0.6243
vt -0.6595 -0.6214
vt -0.5659 0.6864
vt -0.5626 0.6984
vt -0.6217 0.7299
vt -0.6243 0.7177
vt -0.5626 0.6984
vt -0.5549 0.7111
vt -0.6147 0.7430
vt -0.6217 0.7299
vt -0.5549 0.7111
vt -0.5457 0.7195
vt -0.6058 0.7518
vt -0.6147 0.7430
vt -0.7024 -0.5457
vt -0.6895 -0.5385
vt -0.6595 -0.5986
vt -0.6724 -0.6058
vt -0.6895 -0.5385
vt -0.6766 -0.5361
vt -0.6466 -0.5957
vt -0.6595 -0.5986
vt -0.5361 0.7136
vt -0.5394 0.7016
vt -0.5983 0.7341
vt -0.5957 0.7463
vt -0.5394 0.7016
vt -0.5471 0.6889
vt -0.6053 0.7210
vt -0.5983 0.7341
vt -0.5471 0.6889
vt -0.5563 0.6805
vt -0.6142 0.7122
vt -0.6053 0.7210
vt -0.6766 -0.5563
vt -0.6895 -0.5635
vt -0.6595 -0.6214
vt -0.6466 -0.6142
vt -0.7065 0.6409
vt -0.6985 0.6489
vt -0.6985 0.6612
vt -0.7065 0.6730
vt -0.7195 0.6799
vt -0.7325 0.6791
vt -0.7405 0.6711
vt -0.7405 0.6588
vt -0.7325 0.6470
vt -0.7195 0.6401
vt -0.6595 0.7109
vt -0.6724 0.7177
vt -0.6803 0.7299
vt -0.6803 0.7430
vt -0.6724 0.7518
vt -0.6595 0.7531
vt -0.6466 0.7463
vt -0.6387 0.7341
vt -0.6387 0.7210
vt -0.6466 0.7122
f 851/2797 852/2798 862/2799 861/2800
f 852/2801 853/2802 863/2803 862/2804
f 853/2805 854/2806 864/2807 863/2808
f 854/2809 855/2810 865/2811 864/2812
f 855/2813 856/2814 866/2815 865/2816
f 856/2817 857/2818 867/2819 866/2820
f 857/2821 858/2822 868/2823 867/2824
f 858/2825 859/2826 869/2827 868/2828
f 859/2829 860/2830 870/2831 869/2832
f 860/2833 851/2834 861/2835 870/2836
f 861/2837 862/2838 872/2839 871/2840
f 862/2841 863/2842 873/2843 872/2844
f 863/2845 864/2846 874/2847 873/2848
f 864/2849 865/2850 875/2851 874/2852
f 865/2853 866/2854 876/2855 875/2856
f 866/2857 867/2858 877/2859 876/2860
f 867/2861 868/2862 878/2863 877/2864
f 868/2865 869/2866 879/2867 878/2868
f 869/2869 870/2870 880/2871 879/2872
f 870/2873 861/2874 871/2875 880/2876
f 860/2877 859/2878 858/2879 857/2880 856/2881 855/2882 854/2883 853/2884 852/2885 851/2886
f 871/2887 872/2888 873/2889 874/2890 875/2891 876/2892 877/2893 878/2894 879/2895 880/2896
o Cockpit_ColumnGrip_LL
v -0.6575 0.7205 -0.6380
v -0.6738 0.7230 -0.6327
v -0.6839 0.7251 -0.6188
v -0.6839 0.7261 -0.6016
v -0.6738 0.7255 -0.5875
v -0.6575 0.7235 -0.5820
v -0.6412 0.7210 -0.5873
v -0.6311 0.7189 -0.6012
v -0.6311 0.7179 -0.6184
v -0.6412 0.7185 -0.6325
v -0.6475 0.7938 -0.6420
v -0.6639 0.7959 -0.6367
v -0.6740 0.7976 -0.6228
v -0.6740 0.7984 -0.6055
v -0.6639 0.7978 -0.5914
v -0.6475 0.7962 -0.5860
v -0.6311 0.7941 -0.5913
v -0.6210 0.7924 -0.6052
v -0.6210 0.7916 -0.6225
v -0.6311 0.7922 -0.6366
v -0.6415 0.8612 -0.6440
v -0.6579 0.8628 -0.6387
v -0.6680 0.8641 -0.6247
v -0.6680 0.8646 -0.6074
v -0.6579 0.8641 -0.5934
v -0.6415 0.8628 -0.5880
v -0.6251 0.8612 -0.5933
v -0.6150 0.8599 -0.6073
v -0.6150 0.8594 -0.6246
v -0.6251 0.8599 -0.6386
vt -0.6575 0.7205
vt -0.6738 0.7230
vt -0.6639 0.7959
vt -0.6475 0.7938
vt -0.6327 0.7230
vt -0.6188 0.7251
vt -0.6228 0.7976
vt -0.6367 0.7959
vt -0.6188 0.7251
vt -0.6016 0.7261
vt -0.6055 0.7984
vt -0.6228 0.7976
vt -0.6016 0.7261
vt -0.5875 0.7255
vt -0.5914 0.7978
vt -0.6055 0.7984
vt -0.6738 0.7255
vt -0.6575 0.7235
vt -0.6475 0.7962
vt -0.6639 0.7978
vt -0.6575 0.7235
vt -0.6412 0.7210
vt -0.6311 0.7941
vt -0.6475 0.7962
vt -0.5873 0.7210
vt -0.6012 0.7189
vt -0.6052 0.7924
vt -0.5913 0.7941
vt -0.6012 0.7189
vt -0.6184 0.7179
vt -0.6225 0.7916
vt -0.6052 0.7924
vt -0.6184 0.7179
vt -0.6325 0.7185
vt -0.6366 0.7922
vt -0.6225 0.7916
vt -0.6412 0.7185
vt -0.6575 0.7205
vt -0.6475 0.7938
vt -0.6311 0.7922
vt -0.6475 0.7938
vt -0.6639 0.7959
vt -0.6579 0.8628
vt -0.6415 0.8612
vt -0.6367 0.7959
vt -0.6228 0.7976
vt -0.6247 0.8641
vt -0.6387 0.8628
vt -0.6228 0.7976
vt -0.6055 0.7984
vt -0.6074 0.8646
vt -0.6247 0.8641
vt -0.6055 0.7984
vt -0.5914 0.7978
vt -0.5934 0.8641
vt -0.6074 0.8646
vt -0.6639 0.7978
vt -0.6475 0.7962
vt -0.6415 0.8628
vt -0.6579 0.8641
vt -0.6475 0.7962
vt -0.6311 0.7941
vt -0.6251 0.8612
vt -0.6415 0.8628
vt -0.5913 0.7941
vt -0.6052 0.7924
vt -0.6073 0.8599
vt -0.5933 0.8612
vt -0.6052 0.7924
vt -0.6225 0.7916
vt -0.6246 0.8594
vt -0.6073 0.8599
vt -0.6225 0.7916
vt -0.6366 0.7922
vt -0.6386 0.8599
vt -0.6246 0.8594
vt -0.6311 0.7922
vt -0.6475 0.7938
vt -0.6415 0.8612
vt -0.6251 0.8599
vt -0.6412 -0.6325
vt -0.6311 -0.6184
vt -0.6311 -0.6012
vt -0.6412 -0.5873
vt -0.6575 -0.5820
vt -0.6738 -0.5875
vt -0.6839 -0.6016
vt -0.6839 -0.6188
vt -0.6738 -0.6327
vt -0.6575 -0.6380
vt -0.6415 -0.6440
vt -0.6579 -0.6387
vt -0.6680 -0.6247
vt -0.6680 -0.6074
vt -0.6579 -0.5934
vt -0.6415 -0.5880
vt -0.6251 -0.5933
vt -0.6150 -0.6073
vt -0.6150 -0.6246
vt -0.6251 -0.6386
f 881/2897 882/2898 892/2899 891/2900
f 882/2901 883/2902 893/2903 892/2904
f 883/2905 884/2906 894/2907 893/2908
f 884/2909 885/2910 895/2911 894/2912
f 885/2913 886/2914 896/2915 895/2916
f 886/2917 887/2918 897/2919 896/2920
f 887/2921 888/2922 898/2923 897/2924
f 888/2925 889/2926 899/2927 898/2928
f 889/2929 890/2930 900/2931 899/2932
f 890/2933 881/2934 891/2935 900/2936
f 891/2937 892/2938 902/2939 901/2940
f 892/2941 893/2942 903/2943 902/2944
f 893/2945 894/2946 904/2947 903/2948
f 894/2949 895/2950 905/2951 904/2952
f 895/2953 896/2954 906/2955 905/2956
f 896/2957 897/2958 907/2959 906/2960
f 897/2961 898/2962 908/2963 907/2964
f 898/2965 899/2966 909/2967 908/2968
f 899/2969 900/2970 910/2971 909/2972
f 900/2973 891/2974 901/2975 910/2976
f 890/2977 889/2978 888/2979 887/2980 886/2981 885/2982 884/2983 883/2984 882/2985 881/2986
f 901/2987 902/2988 903/2989 904/2990 905/2991 906/2992 907/2993 908/2994 909/2995 910/2996
o Cockpit_ColumnPommel_LL
v -0.6415 0.8567 -0.6490
v -0.6608 0.8585 -0.6427
v -0.6728 0.8600 -0.6263
v -0.6728 0.8608 -0.6059
v -0.6608 0.8605 -0.5894
v -0.6415 0.8593 -0.5830
v -0.6222 0.8575 -0.5893
v -0.6102 0.8560 -0.6057
v -0.6102 0.8552 -0.6261
v -0.6222 0.8555 -0.6426
v -0.6395 0.8827 -0.6500
v -0.6588 0.8845 -0.6437
v -0.6708 0.8860 -0.6273
v -0.6708 0.8868 -0.6069
v -0.6588 0.8865 -0.5904
v -0.6395 0.8853 -0.5840
v -0.6202 0.8835 -0.5903
v -0.6082 0.8820 -0.6067
v -0.6082 0.8812 -0.6271
v -0.6202 0.8815 -0.6436
vt -0.6415 0.8567
vt -0.6608 0.8585
vt -0.6588 0.8845
vt -0.6395 0.8827
vt -0.6427 0.8585
vt -0.6263 0.8600
vt -0.6273 0.8860
vt -0.6437 0.8845
vt -0.6263 0.8600
vt -0.6059 0.8608
vt -0.6069 0.8868
vt -0.6273 0.8860
vt -0.6059 0.8608
vt -0.5894 0.8605
vt -0.5904 0.8865
vt -0.6069 0.8868
vt -0.6608 0.8605
vt -0.6415 0.8593
vt -0.6395 0.8853
vt -0.6588 0.8865
vt -0.6415 0.8593
vt -0.6222 0.8575
vt -0.6202 0.8835
vt -0.6395 0.8853
vt -0.5893 0.8575
vt -0.6057 0.8560
vt -0.6067 0.8820
vt -0.5903 0.8835
vt -0.6057 0.8560
vt -0.6261 0.8552
vt -0.6271 0.8812
vt -0.6067 0.8820
vt -0.6261 0.8552
vt -0.6426 0.8555
vt -0.6436 0.8815
vt -0.6271 0.8812
vt -0.6222 0.8555
vt -0.6415 0.8567
vt -0.6395 0.8827
vt -0.6202 0.8815
vt -0.6222 -0.6426
vt -0.6102 -0.6261
vt -0.6102 -0.6057
vt -0.6222 -0.5893
vt -0.6415 -0.5830
vt -0.6608 -0.5894
vt -0.6728 -0.6059
vt -0.6728 -0.6263
vt -0.6608 -0.6427
vt -0.6415 -0.6490
vt -0.6395 -0.6500
vt -0.6588 -0.6437
vt -0.6708 -0.6273
vt -0.6708 -0.6069
vt -0.6588 -0.5904
vt -0.6395 -0.5840
vt -0.6202 -0.5903
vt -0.6082 -0.6067
vt -0.6082 -0.6271
vt -0.6202 -0.6436
f 911/2997 912/2998 922/2999 921/3000
f 912/3001 913/3002 923/3003 922/3004
f 913/3005 914/3006 924/3007 923/3008
f 914/3009 915/3010 925/3011 924/3012
f 915/3013 916/3014 926/3015 925/3016
f 916/3017 917/3018 927/3019 926/3020
f 917/3021 918/3022 928/3023 927/3024
f 918/3025 919/3026 929/3027 928/3028
f 919/3029 920/3030 930/3031 929/3032
f 920/3033 911/3034 921/3035 930/3036
f 920/3037 919/3038 918/3039 917/3040 916/3041 915/3042 914/3043 913/3044 912/3045 911/3046
f 921/3047 922/3048 923/3049 924/3050 925/3051 926/3052 927/3053 928/3054 929/3055 930/3056
o Cockpit_ColumnButton_LL
v -0.6195 0.8330 -0.6100
v -0.6035 0.8330 -0.6100
v -0.6195 0.8315 -0.6045
v -0.6035 0.8315 -0.6045
v -0.6195 0.8275 -0.6005
v -0.6035 0.8275 -0.6005
v -0.6195 0.8220 -0.5990
v -0.6035 0.8220 -0.5990
v -0.6195 0.8165 -0.6005
v -0.6035 0.8165 -0.6005
v -0.6195 0.8125 -0.6045
v -0.6035 0.8125 -0.6045
v -0.6195 0.8110 -0.6100
v -0.6035 0.8110 -0.6100
v -0.6195 0.8125 -0.6155
v -0.6035 0.8125 -0.6155
v -0.6195 0.8165 -0.6195
v -0.6035 0.8165 -0.6195
v -0.6195 0.8220 -0.6210
v -0.6035 0.8220 -0.6210
v -0.6195 0.8275 -0.6195
v -0.6035 0.8275 -0.6195
v -0.6195 0.8315 -0.6155
v -0.6035 0.8315 -0.6155
vt -0.6195 -0.6100
vt -0.6195 -0.6045
vt -0.6035 -0.6045
vt -0.6035 -0.6100
vt -0.6195 -0.6045
vt -0.6195 -0.6005
vt -0.6035 -0.6005
vt -0.6035 -0.6045
vt -0.6195 0.8275
vt -0.6195 0.8220
vt -0.6035 0.8220
vt -0.6035 0.8275
vt -0.6195 0.8220
vt -0.6195 0.8165
vt -0.6035 0.8165
vt -0.6035 0.8220
vt -0.6195 -0.6005
vt -0.6195 -0.6045
vt -0.6035 -0.6045
vt -0.6035 -0.6005
vt -0.6195 -0.6045
vt -0.6195 -0.6100
vt -0.6035 -0.6100
vt -0.6035 -0.6045
vt -0.6195 -0.6100
vt -0.6195 -0.6155
vt -0.6035 -0.6155
vt -0.6035 -0.6100
vt -0.6195 -0.6155
vt -0.6195 -0.6195
vt -0.6035 -0.6195
vt -0.6035 -0.6155
vt -0.6195 0.8165
vt -0.6195 0.8220
vt -0.6035 0.8220
vt -0.6035 0.8165
vt -0.6195 0.8220
vt -0.6195 0.8275
vt -0.6035 0.8275
vt -0.6035 0.8220
vt -0.6195 -0.6195
vt -0.6195 -0.6155
vt -0.6035 -0.6155
vt -0.6035 -0.6195
vt -0.6195 -0.6155
vt -0.6195 -0.6100
vt -0.6035 -0.6100
vt -0.6035 -0.6155
vt -0.6100 0.8330
vt -0.6045 0.8315
vt -0.6005 0.8275
vt -0.5990 0.8220
vt -0.6005 0.8165
vt -0.6045 0.8125
vt -0.6100 0.8110
vt -0.6155 0.8125
vt -0.6195 0.8165
vt -0.6210 0.8220
vt -0.6195 0.8275
vt -0.6155 0.8315
vt -0.6155 0.8315
vt -0.6195 0.8275
vt -0.6210 0.8220
vt -0.6195 0.8165
vt -0.6155 0.8125
vt -0.6100 0.8110
vt -0.6045 0.8125
vt -0.6005 0.8165
vt -0.5990 0.8220
vt -0.6005 0.8275
vt -0.6045 0.8315
vt -0.6100 0.8330
f 931/3057 933/3058 934/3059 932/3060
f 933/3061 935/3062 936/3063 934/3064
f 935/3065 937/3066 938/3067 936/3068
f 937/3069 939/3070 940/3071 938/3072
f 939/3073 941/3074 942/3075 940/3076
f 941/3077 943/3078 944/3079 942/3080
f 943/3081 945/3082 946/3083 944/3084
f 945/3085 947/3086 948/3087 946/3088
f 947/3089 949/3090 950/3091 948/3092
f 949/3093 951/3094 952/3095 950/3096
f 951/3097 953/3098 954/3099 952/3100
f 953/3101 931/3102 932/3103 954/3104
f 932/3105 934/3106 936/3107 938/3108 940/3109 942/3110 944/3111 946/3112 948/3113 950/3114 952/3115 954/3116
f 953/3117 951/3118 949/3119 947/3120 945/3121 943/3122 941/3123 939/3124 937/3125 935/3126 933/3127 931/3128
o Cockpit_ColumnArm_LR
v -0.7195 0.6812 -0.5032
v -0.7328 0.6793 -0.4969
v -0.7410 0.6701 -0.4888
v -0.7410 0.6569 -0.4819
v -0.7328 0.6450 -0.4788
v -0.7195 0.6388 -0.4808
v -0.7062 0.6407 -0.4871
v -0.6980 0.6499 -0.4952
v -0.6980 0.6631 -0.5021
v -0.7062 0.6750 -0.5052
v -0.6895 0.7217 -0.4263
v -0.7028 0.7196 -0.4200
v -0.7110 0.7100 -0.4122
v -0.7110 0.6966 -0.4059
v -0.7028 0.6845 -0.4034
v -0.6895 0.6783 -0.4057
v -0.6762 0.6804 -0.4120
v -0.6680 0.6900 -0.4198
v -0.6680 0.7034 -0.4261
v -0.6762 0.7155 -0.4286
v -0.6595 0.7541 -0.3493
v -0.6728 0.7518 -0.3431
v -0.6809 0.7419 -0.3357
v -0.6809 0.7282 -0.3299
v -0.6728 0.7160 -0.3280
v -0.6595 0.7099 -0.3307
v -0.6462 0.7122 -0.3369
v -0.6381 0.7221 -0.3443
v -0.6381 0.7358 -0.3501
v -0.6462 0.7480 -0.3520
vt -0.7195 -0.5032
vt -0.7328 -0.4969
vt -0.7028 -0.4200
vt -0.6895 -0.4263
vt -0.4969 0.6793
vt -0.4888 0.6701
vt -0.4122 0.7100
vt -0.4200 0.7196
vt -0.4888 0.6701
vt -0.4819 0.6569
vt -0.4059 0.6966
vt -0.4122 0.7100
vt -0.4819 0.6569
vt -0.4788 0.6450
vt -0.4034 0.6845
vt -0.4059 0.6966
vt -0.7328 -0.4788
vt -0.7195 -0.4808
vt -0.6895 -0.4057
vt -0.7028 -0.4034
vt -0.7195 -0.4808
vt -0.7062 -0.4871
vt -0.6762 -0.4120
vt -0.6895 -0.4057
vt -0.4871 0.6407
vt -0.4952 0.6499
vt -0.4198 0.6900
vt -0.4120 0.6804
vt -0.4952 0.6499
vt -0.5021 0.6631
vt -0.4261 0.7034
vt -0.4198 0.6900
vt -0.5021 0.6631
vt -0.5052 0.6750
vt -0.4286 0.7155
vt -0.4261 0.7034
vt -0.7062 -0.5052
vt -0.7195 -0.5032
vt -0.6895 -0.4263
vt -0.6762 -0.4286
vt -0.6895 -0.4263
vt -0.7028 -0.4200
vt -0.6728 -0.3431
vt -0.6595 -0.3493
vt -0.4200 0.7196
vt -0.4122 0.7100
vt -0.3357 0.7419
vt -0.3431 0.7518
vt -0.4122 0.7100
vt -0.4059 0.6966
vt -0.3299 0.7282
vt -0.3357 0.7419
vt -0.4059 0.6966
vt -0.4034 0.6845
vt -0.3280 0.7160
vt -0.3299 0.7282
vt -0.7028 -0.4034
vt -0.6895 -0.4057
vt -0.6595 -0.3307
vt -0.6728 -0.3280
vt -0.6895 -0.4057
vt -0.6762 -0.4120
vt -0.6462 -0.3369
vt -0.6595 -0.3307
vt -0.4120 0.6804
vt -0.4198 0.6900
vt -0.3443 0.7221
vt -0.3369 0.7122
vt -0.4198 0.6900
vt -0.4261 0.7034
vt -0.3501 0.7358
vt -0.3443 0.7221
vt -0.4261 0.7034
vt -0.4286 0.7155
vt -0.3520 0.7480
vt -0.3501 0.7358
vt -0.6762 -0.4286
vt -0.6895 -0.4263
vt -0.6595 -0.3493
vt -0.6462 -0.3520
vt -0.7062 0.6750
vt -0.6980 0.6631
vt -0.6980 0.6499
vt -0.7062 0.6407
vt -0.7195 0.6388
vt -0.7328 0.6450
vt -0.7410 0.6569
vt -0.7410 0.6701
vt -0.7328 0.6793
vt -0.7195 0.6812
vt -0.6595 0.7541
vt -0.6728 0.7518
vt -0.6809 0.7419
vt -0.6809 0.7282
vt -0.6728 0.7160
vt -0.6595 0.7099
vt -0.6462 0.7122
vt -0.6381 0.7221
vt -0.6381 0.7358
vt -0.6462 0.7480
f 955/3129 956/3130 966/3131 965/3132
f 956/3133 957/3134 967/3135 966/3136
f 957/3137 958/3138 968/3139 967/3140
f 958/3141 959/3142 969/3143 968/3144
f 959/3145 960/3146 970/3147 969/3148
f 960/3149 961/3150 971/3151 970/3152
f 961/3153 962/3154 972/3155 971/3156
f 962/3157 963/3158 973/3159 972/3160
f 963/3161 964/3162 974/3163 973/3164
f 964/3165 955/3166 965/3167 974/3168
f 965/3169 966/3170 976/3171 975/3172
f 966/3173 967/3174 977/3175 976/3176
f 967/3177 968/3178 978/3179 977/3180
f 968/3181 969/3182 979/3183 978/3184
f 969/3185 970/3186 980/3187 979/3188
f 970/3189 971/3190 981/3191 980/3192
f 971/3193 972/3194 982/3195 981/3196
f 972/3197 973/3198 983/3199 982/3200
f 973/3201 974/3202 984/3203 983/3204
f 974/3205 965/3206 975/3207 984/3208
f 964/3209 963/3210 962/3211 961/3212 960/3213 959/3214 958/3215 957/3216 956/3217 955/3218
f 975/3219 976/3220 977/3221 978/3222 979/3223 980/3224 981/3225 982/3226 983/3227 984/3228
o Cockpit_ColumnGrip_LR
v -0.6575 0.7235 -0.3680
v -0.6738 0.7255 -0.3625
v -0.6839 0.7261 -0.3484
v -0.6839 0.7251 -0.3312
v -0.6738 0.7230 -0.3173
v -0.6575 0.7205 -0.3120
v -0.6412 0.7185 -0.3175
v -0.6311 0.7179 -0.3316
v -0.6311 0.7189 -0.3488
v -0.6412 0.7210 -0.3627
v -0.6475 0.7962 -0.3640
v -0.6639 0.7978 -0.3586
v -0.6740 0.7984 -0.3445
v -0.6740 0.7976 -0.3272
v -0.6639 0.7959 -0.3133
v -0.6475 0.7938 -0.3080
v -0.6311 0.7922 -0.3134
v -0.6210 0.7916 -0.3275
v -0.6210 0.7924 -0.3448
v -0.6311 0.7941 -0.3587
v -0.6415 0.8628 -0.3620
v -0.6579 0.8641 -0.3566
v -0.6680 0.8646 -0.3426
v -0.6680 0.8641 -0.3253
v -0.6579 0.8628 -0.3113
v -0.6415 0.8612 -0.3060
v -0.6251 0.8599 -0.3114
v -0.6150 0.8594 -0.3254
v -0.6150 0.8599 -0.3427
v -0.6251 0.8612 -0.3567
vt -0.6575 0.7235
vt -0.6738 0.7255
vt -0.6639 0.7978
vt -0.6475 0.7962
vt -0.3625 0.7255
vt -0.3484 0.7261
vt -0.3445 0.7984
vt -0.3586 0.7978
vt -0.3484 0.7261
vt -0.3312 0.7251
vt -0.3272 0.7976
vt -0.3445 0.7984
vt -0.3312 0.7251
vt -0.3173 0.7230
vt -0.3133 0.7959
vt -0.3272 0.7976
vt -0.6738 0.7230
vt -0.6575 0.7205
vt -0.6475 0.7938
vt -0.6639 0.7959
vt -0.6575 0.7205
vt -0.6412 0.7185
vt -0.6311 0.7922
vt -0.6475 0.7938
vt -0.3175 0.7185
vt -0.3316 0.7179
vt -0.3275 0.7916
vt -0.3134 0.7922
vt -0.3316 0.7179
vt -0.3488 0.7189
vt -0.3448 0.7924
vt -0.3275 0.7916
vt -0.3488 0.7189
vt -0.3627 0.7210
vt -0.3587 0.7941
vt -0.3448 0.7924
vt -0.6412 0.7210
vt -0.6575 0.7235
vt -0.6475 0.7962
vt -0.6311 0.7941
vt -0.6475 0.7962
vt -0.6639 0.7978
vt -0.6579 0.8641
vt -0.6415 0.8628
vt -0.3586 0.7978
vt -0.3445 0.7984
vt -0.3426 0.8646
vt -0.3566 0.8641
vt -0.3445 0.7984
vt -0.3272 0.7976
vt -0.3253 0.8641
vt -0.3426 0.8646
vt -0.3272 0.7976
vt -0.3133 0.7959
vt -0.3113 0.8628
vt -0.3253 0.8641
vt -0.6639 0.7959
vt -0.6475 0.7938
vt -0.6415 0.8612
vt -0.6579 0.8628
vt -0.6475 0.7938
vt -0.6311 0.7922
vt -0.6251 0.8599
vt -0.6415 0.8612
vt -0.3134 0.7922
vt -0.3275 0.7916
vt -0.3254 0.8594
vt -0.3114 0.8599
vt -0.3275 0.7916
vt -0.3448 0.7924
vt -0.3427 0.8599
vt -0.3254 0.8594
vt -0.3448 0.7924
vt -0.3587 0.7941
vt -0.3567 0.8612
vt -0.3427 0.8599
vt -0.6311 0.7941
vt -0.6475 0.7962
vt -0.6415 0.8628
vt -0.6251 0.8612
vt -0.6412 -0.3627
vt -0.6311 -0.3488
vt -0.6311 -0.3316
vt -0.6412 -0.3175
vt -0.6575 -0.3120
vt -0.6738 -0.3173
vt -0.6839 -0.3312
vt -0.6839 -0.3484
vt -0.6738 -0.3625
vt -0.6575 -0.3680
vt -0.6415 -0.3620
vt -0.6579 -0.3566
vt -0.6680 -0.3426
vt -0.6680 -0.3253
vt -0.6579 -0.3113
vt -0.6415 -0.3060
vt -0.6251 -0.3114
vt -0.6150 -0.3254
vt -0.6150 -0.3427
vt -0.6251 -0.3567
f 985/3229 986/3230 996/3231 995/3232
f 986/3233 987/3234 997/3235 996/3236
f 987/3237 988/3238 998/3239 997/3240
f 988/3241 989/3242 999/3243 998/3244
f 989/3245 990/3246 1000/3247 999/3248
f 990/3249 991/3250 1001/3251 1000/3252
f 991/3253 992/3254 1002/3255 1001/3256
f 992/3257 993/3258 1003/3259 1002/3260
f 993/3261 994/3262 1004/3263 1003/3264
f 994/3265 985/3266 995/3267 1004/3268
f 995/3269 996/3270 1006/3271 1005/3272
f 996/3273 997/3274 1007/3275 1006/3276
f 997/3277 998/3278 1008/3279 1007/3280
f 998/3281 999/3282 1009/3283 1008/3284
f 999/3285 1000/3286 1010/3287 1009/3288
f 1000/3289 1001/3290 1011/3291 1010/3292
f 1001/3293 1002/3294 1012/3295 1011/3296
f 1002/3297 1003/3298 1013/3299 1012/3300
f 1003/3301 1004/3302 1014/3303 1013/3304
f 1004/3305 995/3306 1005/3307 1014/3308
f 994/3309 993/3310 992/3311 991/3312 990/3313 989/3314 988/3315 987/3316 986/3317 985/3318
f 1005/3319 1006/3320 1007/3321 1008/3322 1009/3323 1010/3324 1011/3325 1012/3326 1013/3327 1014/3328
o Cockpit_ColumnPommel_LR
v -0.6415 0.8593 -0.3670
v -0.6608 0.8605 -0.3606
v -0.6728 0.8608 -0.3441
v -0.6728 0.8600 -0.3237
v -0.6608 0.8585 -0.3073
v -0.6415 0.8567 -0.3010
v -0.6222 0.8555 -0.3074
v -0.6102 0.8552 -0.3239
v -0.6102 0.8560 -0.3443
v -0.6222 0.8575 -0.3607
v -0.6395 0.8853 -0.3660
v -0.6588 0.8865 -0.3596
v -0.6708 0.8868 -0.3431
v -0.6708 0.8860 -0.3227
v -0.6588 0.8845 -0.3063
v -0.6395 0.8827 -0.3000
v -0.6202 0.8815 -0.3064
v -0.6082 0.8812 -0.3229
v -0.6082 0.8820 -0.3433
v -0.6202 0.8835 -0.3597
vt -0.6415 0.8593
vt -0.6608 0.8605
vt -0.6588 0.8865
vt -0.6395 0.8853
vt -0.3606 0.8605
vt -0.3441 0.8608
vt -0.3431 0.8868
vt -0.3596 0.8865
vt -0.3441 0.8608
vt -0.3237 0.8600
vt -0.3227 0.8860
vt -0.3431 0.8868
vt -0.3237 0.8600
vt -0.3073 0.8585
vt -0.3063 0.8845
vt -0.3227 0.8860
vt -0.6608 0.8585
vt -0.6415 0.8567
vt -0.6395 0.8827
vt -0.6588 0.8845
vt -0.6415 0.8567
vt -0.6222 0.8555
vt -0.6202 0.8815
vt -0.6395 0.8827
vt -0.3074 0.8555
vt -0.3239 0.8552
vt -0.3229 0.8812
vt -0.3064 0.8815
vt -0.3239 0.8552
vt -0.3443 0.8560
vt -0.3433 0.8820
vt -0.3229 0.8812
vt -0.3443 0.8560
vt -0.3607 0.8575
vt -0.3597 0.8835
vt -0.3433 0.8820
vt -0.6222 0.8575
vt -0.6415 0.8593
vt -0.6395 0.8853
vt -0.6202 0.8835
vt -0.6222 -0.3607
vt -0.6102 -0.3443
vt -0.6102 -0.3239
vt -0.6222 -0.3074
vt -0.6415 -0.3010
vt -0.6608 -0.3073
vt -0.6728 -0.3237
vt -0.6728 -0.3441
vt -0.6608 -0.3606
vt -0.6415 -0.3670
vt -0.6395 -0.3660
vt -0.6588 -0.3596
vt -0.6708 -0.3431
vt -0.6708 -0.3227
vt -0.6588 -0.3063
vt -0.6395 -0.3000
vt -0.6202 -0.3064
vt -0.6082 -0.3229
vt -0.6082 -0.3433
vt -0.6202 -0.3597
f 1015/3329 1016/3330 1026/3331 1025/3332
f 1016/3333 1017/3334 1027/3335 1026/3336
f 1017/3337 1018/3338 1028/3339 1027/3340
f 1018/3341 1019/3342 1029/3343 1028/3344
f 1019/3345 1020/3346 1030/3347 1029/3348
f 1020/3349 1021/3350 1031/3351 1030/3352
f 1021/3353 1022/3354 1032/3355 1031/3356
f 1022/3357 1023/3358 1033/3359 1032/3360
f 1023/3361 1024/3362 1034/3363 1033/3364
f 1024/3365 1015/3366 1025/3367 1034/3368
f 1024/3369 1023/3370 1022/3371 1021/3372 1020/3373 1019/3374 1018/3375 1017/3376 1016/3377 1015/3378
f 1025/3379 1026/3380 1027/3381 1028/3382 1029/3383 1030/3384 1031/3385 1032/3386 1033/3387 1034/3388
o Cockpit_ColumnButton_LR
v -0.6195 0.8330 -0.3400
v -0.6035 0.8330 -0.3400
v -0.6195 0.8315 -0.3345
v -0.6035 0.8315 -0.3345
v -0.6195 0.8275 -0.3305
v -0.6035 0.8275 -0.3305
v -0.6195 0.8220 -0.3290
v -0.6035 0.8220 -0.3290
v -0.6195 0.8165 -0.3305
v -0.6035 0.8165 -0.3305
v -0.6195 0.8125 -0.3345
v -0.6035 0.8125 -0.3345
v -0.6195 0.8110 -0.3400
v -0.6035 0.8110 -0.3400
v -0.6195 0.8125 -0.3455
v -0.6035 0.8125 -0.3455
v -0.6195 0.8165 -0.3495
v -0.6035 0.8165 -0.3495
v -0.6195 0.8220 -0.3510
v -0.6035 0.8220 -0.3510
v -0.6195 0.8275 -0.3495
v -0.6035 0.8275 -0.3495
v -0.6195 0.8315 -0.3455
v -0.6035 0.8315 -0.3455
vt -0.6195 -0.3400
vt -0.6195 -0.3345
vt -0.6035 -0.3345
vt -0.6035 -0.3400
vt -0.6195 0.8315
vt -0.6195 0.8275
vt -0.6035 0.8275
vt -0.6035 0.8315
vt -0.6195 0.8275
vt -0.6195 0.8220
vt -0.6035 0.8220
vt -0.6035 0.8275
vt -0.6195 0.8220
vt -0.6195 0.8165
vt -0.6035 0.8165
vt -0.6035 0.8220
vt -0.6195 0.8165
vt -0.6195 0.8125
vt -0.6035 0.8125
vt -0.6035 0.8165
vt -0.6195 -0.3345
vt -0.6195 -0.3400
vt -0.6035 -0.3400
vt -0.6035 -0.3345
vt -0.6195 -0.3400
vt -0.6195 -0.3455
vt -0.6035 -0.3455
vt -0.6035 -0.3400
vt -0.6195 0.8125
vt -0.6195 0.8165
vt -0.6035 0.8165
vt -0.6035 0.8125
vt -0.6195 0.8165
vt -0.6195 0.8220
vt -0.6035 0.8220
vt -0.6035 0.8165
vt -0.6195 0.8220
vt -0.6195 0.8275
vt -0.6035 0.8275
vt -0.6035 0.8220
vt -0.6195 0.8275
vt -0.6195 0.8315
vt -0.6035 0.8315
vt -0.6035 0.8275
vt -0.6195 -0.3455
vt -0.6195 -0.3400
vt -0.6035 -0.3400
vt -0.6035 -0.3455
vt -0.3400 0.8330
vt -0.3345 0.8315
vt -0.3305 0.8275
vt -0.3290 0.8220
vt -0.3305 0.8165
vt -0.3345 0.8125
vt -0.3400 0.8110
vt -0.3455 0.8125
vt -0.3495 0.8165
vt -0.3510 0.8220
vt -0.3495 0.8275
vt -0.3455 0.8315
vt -0.3455 0.8315
vt -0.3495 0.8275
vt -0.3510 0.8220
vt -0.3495 0.8165
vt -0.3455 0.8125
vt -0.3400 0.8110
vt -0.3345 0.8125
vt -0.3305 0.8165
vt -0.3290 0.8220
vt -0.3305 0.8275
vt -0.3345 0.8315
vt -0.3400 0.8330
f 1035/3389 1037/3390 1038/3391 1036/3392
f 1037/3393 1039/3394 1040/3395 1038/3396
f 1039/3397 1041/3398 1042/3399 1040/3400
f 1041/3401 1043/3402 1044/3403 1042/3404
f 1043/3405 1045/3406 1046/3407 1044/3408
f 1045/3409 1047/3410 1048/3411 1046/3412
f 1047/3413 1049/3414 1050/3415 1048/3416
f 1049/3417 1051/3418 1052/3419 1050/3420
f 1051/3421 1053/3422 1054/3423 1052/3424
f 1053/3425 1055/3426 1056/3427 1054/3428
f 1055/3429 1057/3430 1058/3431 1056/3432
f 1057/3433 1035/3434 1036/3435 1058/3436
f 1036/3437 1038/3438 1040/3439 1042/3440 1044/3441 1046/3442 1048/3443 1050/3444 1052/3445 1054/3446 1056/3447 1058/3448
f 1057/3449 1055/3450 1053/3451 1051/3452 1049/3453 1047/3454 1045/3455 1043/3456 1041/3457 1039/3458 1037/3459 1035/3460
o Cockpit_Column_R
v -0.9595 0.2361 0.4470
v -0.9743 0.2430 0.4527
v -0.9835 0.2469 0.4668
v -0.9835 0.2462 0.4841
v -0.9743 0.2412 0.4979
v -0.9595 0.2339 0.5030
v -0.9447 0.2270 0.4973
v -0.9355 0.2231 0.4832
v -0.9355 0.2238 0.4659
v -0.9447 0.2288 0.4521
v -0.8995 0.3611 0.4520
v -0.9141 0.3685 0.4577
v -0.9231 0.3727 0.4718
v -0.9231 0.3720 0.4891
v -0.9141 0.3667 0.5029
v -0.8995 0.3589 0.5080
v -0.8849 0.3515 0.5023
v -0.8759 0.3473 0.4882
v -0.8759 0.3480 0.4709
v -0.8849 0.3533 0.4571
v -0.7895 0.5611 0.4600
v -0.8036 0.5694 0.4657
v -0.8123 0.5740 0.4799
v -0.8123 0.5733 0.4972
v -0.8036 0.5676 0.5110
v -0.7895 0.5589 0.5160
v -0.7754 0.5506 0.5103
v -0.7667 0.5460 0.4961
v -0.7667 0.5467 0.4788
v -0.7754 0.5524 0.4650
v -0.7195 0.6611 0.4640
v -0.7330 0.6703 0.4697
v -0.7413 0.6756 0.4840
v -0.7413 0.6749 0.5013
v -0.7330 0.6685 0.5150
v -0.7195 0.6589 0.5200
v -0.7060 0.6497 0.5143
v -0.6977 0.6444 0.5000
v -0.6977 0.6451 0.4827
v -0.7060 0.6515 0.4690
vt -0.9595 0.2361
vt -0.9743 0.2430
vt -0.9141 0.3685
vt -0.8995 0.3611
vt 0.4527 0.2430
vt 0.4668 0.2469
vt 0.4718 0.3727
vt 0.4577 0.3685
vt 0.4668 0.2469
vt 0.4841 0.2462
vt 0.4891 0.3720
vt 0.4718 0.3727
vt 0.4841 0.2462
vt 0.4979 0.2412
vt 0.5029 0.3667
vt 0.4891 0.3720
vt -0.9743 0.2412
vt -0.9595 0.2339
vt -0.8995 0.3589
vt -0.9141 0.3667
vt -0.9595 0.2339
vt -0.9447 0.2270
vt -0.8849 0.3515
vt -0.8995 0.3589
vt 0.4973 0.2270
vt 0.4832 0.2231
vt 0.4882 0.3473
vt 0.5023 0.3515
vt 0.4832 0.2231
vt 0.4659 0.2238
vt 0.4709 0.3480
vt 0.4882 0.3473
vt 0.4659 0.2238
vt 0.4521 0.2288
vt 0.4571 0.3533
vt 0.4709 0.3480
vt -0.9447 0.2288
vt -0.9595 0.2361
vt -0.8995 0.3611
vt -0.8849 0.3533
vt -0.8995 0.3611
vt -0.9141 0.3685
vt -0.8036 0.5694
vt -0.7895 0.5611
vt 0.4577 0.3685
vt 0.4718 0.3727
vt 0.4799 0.5740
vt 0.4657 0.5694
vt 0.4718 0.3727
vt 0.4891 0.3720
vt 0.4972 0.5733
vt 0.4799 0.5740
vt 0.4891 0.3720
vt 0.5029 0.3667
vt 0.5110 0.5676
vt 0.4972 0.5733
vt -0.9141 0.3667
vt -0.8995 0.3589
vt -0.7895 0.5589
vt -0.8036 0.5676
vt -0.8995 0.3589
vt -0.8849 0.3515
vt -0.7754 0.5506
vt -0.7895 0.5589
vt 0.5023 0.3515
vt 0.4882 0.3473
vt 0.4961 0.5460
vt 0.5103 0.5506
vt 0.4882 0.3473
vt 0.4709 0.3480
vt 0.4788 0.5467
vt 0.4961 0.5460
vt 0.4709 0.3480
vt 0.4571 0.3533
vt 0.4650 0.5524
vt 0.4788 0.5467
vt -0.8849 0.3533
vt -0.8995 0.3611
vt -0.7895 0.5611
vt -0.7754 0.5524
vt -0.7895 0.5611
vt -0.8036 0.5694
vt -0.7330 0.6703
vt -0.7195 0.6611
vt 0.4657 0.5694
vt 0.4799 0.5740
vt 0.4840 0.6756
vt 0.4697 0.6703
vt 0.4799 0.5740
vt 0.4972 0.5733
vt 0.5013 0.6749
vt 0.4840 0.6756
vt 0.4972 0.5733
vt 0.5110 0.5676
vt 0.5150 0.6685
vt 0.5013 0.6749
vt -0.8036 0.5676
vt -0.7895 0.5589
vt -0.7195 0.6589
vt -0.7330 0.6685
vt -0.7895 0.5589
vt -0.7754 0.5506
vt -0.7060 0.6497
vt -0.7195 0.6589
vt 0.5103 0.5506
vt 0.4961 0.5460
vt 0.5000 0.6444
vt 0.5143 0.6497
vt 0.4961 0.5460
vt 0.4788 0.5467
vt 0.4827 0.6451
vt 0.5000 0.6444
vt 0.4788 0.5467
vt 0.4650 0.5524
vt 0.4690 0.6515
vt 0.4827 0.6451
vt -0.7754 0.5524
vt -0.7895 0.5611
vt -0.7195 0.6611
vt -0.7060 0.6515
vt -0.9447 0.4521
vt -0.9355 0.4659
vt -0.9355 0.4832
vt -0.9447 0.4973
vt -0.9595 0.5030
vt -0.9743 0.4979
vt -0.9835 0.4841
vt -0.9835 0.4668
vt -0.9743 0.4527
vt -0.9595 0.4470
vt -0.7195 0.4640
vt -0.7330 0.4697
vt -0.7413 0.4840
vt -0.7413 0.5013
vt -0.7330 0.5150
vt -0.7195 0.5200
vt -0.7060 0.5143
vt -0.6977 0.5000
vt -0.6977 0.4827
vt -0.7060 0.4690
f 1059/3461 1060/3462 1070/3463 1069/3464
f 1060/3465 1061/3466 1071/3467 1070/3468
f 1061/3469 1062/3470 1072/3471 1071/3472
f 1062/3473 1063/3474 1073/3475 1072/3476
f 1063/3477 1064/3478 1074/3479 1073/3480
f 1064/3481 1065/3482 1075/3483 1074/3484
f 1065/3485 1066/3486 1076/3487 1075/3488
f 1066/3489 1067/3490 1077/3491 1076/3492
f 1067/3493 1068/3494 1078/3495 1077/3496
f 1068/3497 1059/3498 1069/3499 1078/3500
f 1069/3501 1070/3502 1080/3503 1079/3504
f 1070/3505 1071/3506 1081/3507 1080/3508
f 1071/3509 1072/3510 1082/3511 1081/3512
f 1072/3513 1073/3514 1083/3515 1082/3516
f 1073/3517 1074/3518 1084/3519 1083/3520
f 1074/3521 1075/3522 1085/3523 1084/3524
f 1075/3525 1076/3526 1086/3527 1085/3528
f 1076/3529 1077/3530 1087/3531 1086/3532
f 1077/3533 1078/3534 1088/3535 1087/3536
f 1078/3537 1069/3538 1079/3539 1088/3540
f 1079/3541 1080/3542 1090/3543 1089/3544
f 1080/3545 1081/3546 1091/3547 1090/3548
f 1081/3549 1082/3550 1092/3551 1091/3552
f 1082/3553 1083/3554 1093/3555 1092/3556
f 1083/3557 1084/3558 1094/3559 1093/3560
f 1084/3561 1085/3562 1095/3563 1094/3564
f 1085/3565 1086/3566 1096/3567 1095/3568
f 1086/3569 1087/3570 1097/3571 1096/3572
f 1087/3573 1088/3574 1098/3575 1097/3576
f 1088/3577 1079/3578 1089/3579 1098/3580
f 1068/3581 1067/3582 1066/3583 1065/3584 1064/3585 1063/3586 1062/3587 1061/3588 1060/3589 1059/3590
f 1089/3591 1090/3592 1091/3593 1092/3594 1093/3595 1094/3596 1095/3597 1096/3598 1097/3599 1098/3600
o Cockpit_ColumnArm_RL
v -0.7195 0.6388 0.4808
v -0.7328 0.6450 0.4788
v -0.7410 0.6569 0.4819
v -0.7410 0.6701 0.4888
v -0.7328 0.6793 0.4969
v -0.7195 0.6812 0.5032
v -0.7062 0.6750 0.5052
v -0.6980 0.6631 0.5021
v -0.6980 0.6499 0.4952
v -0.7062 0.6407 0.4871
v -0.6895 0.6783 0.4057
v -0.7028 0.6845 0.4034
v -0.7110 0.6966 0.4059
v -0.7110 0.7100 0.4122
v -0.7028 0.7196 0.4200
v -0.6895 0.7217 0.4263
v -0.6762 0.7155 0.4286
v -0.6680 0.7034 0.4261
v -0.6680 0.6900 0.4198
v -0.6762 0.6804 0.4120
v -0.6595 0.7099 0.3307
v -0.6728 0.7160 0.3280
v -0.6809 0.7282 0.3299
v -0.6809 0.7419 0.3357
v -0.6728 0.7518 0.3431
v -0.6595 0.7541 0.3493
v -0.6462 0.7480 0.3520
v -0.6381 0.7358 0.3501
v -0.6381 0.7221 0.3443
v -0.6462 0.7122 0.3369
vt -0.7195 0.4808
vt -0.7328 0.4788
vt -0.7028 0.4034
vt -0.6895 0.4057
vt 0.4788 0.6450
vt 0.4819 0.6569
vt 0.4059 0.6966
vt 0.4034 0.6845
vt 0.4819 0.6569
vt 0.4888 0.6701
vt 0.4122 0.7100
vt 0.4059 0.6966
vt 0.4888 0.6701
vt 0.4969 0.6793
vt 0.4200 0.7196
vt 0.4122 0.7100
vt -0.7328 0.4969
vt -0.7195 0.5032
vt -0.6895 0.4263
vt -0.7028 0.4200
vt -0.7195 0.5032
vt -0.7062 0.5052
vt -0.6762 0.4286
vt -0.6895 0.4263
vt 0.5052 0.6750
vt 0.5021 0.6631
vt 0.4261 0.7034
vt 0.4286 0.7155
vt 0.5021 0.6631
vt 0.4952 0.6499
vt 0.4198 0.6900
vt 0.4261 0.7034
vt 0.4952 0.6499
vt 0.4871 0.6407
vt 0.4120 0.6804
vt 0.4198 0.6900
vt -0.7062 0.4871
vt -0.7195 0.4808
vt -0.6895 0.4057
vt -0.6762 0.4120
vt -0.6895 0.4057
vt -0.7028 0.4034
vt -0.6728 0.3280
vt -0.6595 0.3307
vt 0.4034 0.6845
vt 0.4059 0.6966
vt 0.3299 0.7282
vt 0.3280 0.7160
vt 0.4059 0.6966
vt 0.4122 0.7100
vt 0.3357 0.7419
vt 0.3299 0.7282
vt 0.4122 0.7100
vt 0.4200 0.7196
vt 0.3431 0.7518
vt 0.3357 0.7419
vt -0.7028 0.4200
vt -0.6895 0.4263
vt -0.6595 0.3493
vt -0.6728 0.3431
vt -0.6895 0.4263
vt -0.6762 0.4286
vt -0.6462 0.3520
vt -0.6595 0.3493
vt 0.4286 0.7155
vt 0.4261 0.7034
vt 0.3501 0.7358
vt 0.3520 0.7480
vt 0.4261 0.7034
vt 0.4198 0.6900
vt 0.3443 0.7221
vt 0.3501 0.7358
vt 0.4198 0.6900
vt 0.4120 0.6804
vt 0.3369 0.7122
vt 0.3443 0.7221
vt -0.6762 0.4120
vt -0.6895 0.4057
vt -0.6595 0.3307
vt -0.6462 0.3369
vt -0.7062 0.6407
vt -0.6980 0.6499
vt -0.6980 0.6631
vt -0.7062 0.6750
vt -0.7195 0.6812
vt -0.7328 0.6793
vt -0.7410 0.6701
vt -0.7410 0.6569
vt -0.7328 0.6450
vt -0.7195 0.6388
vt -0.6595 0.7099
vt -0.6728 0.7160
vt -0.6809 0.7282
vt -0.6809 0.7419
vt -0.6728 0.7518
vt -0.6595 0.7541
vt -0.6462 0.7480
vt -0.6381 0.7358
vt -0.6381 0.7221
vt -0.6462 0.7122
f 1099/3601 1100/3602 1110/3603 1109/3604
f 1100/3605 1101/3606 1111/3607 1110/3608
f 1101/3609 1102/3610 1112/3611 1111/3612
f 1102/3613 1103/3614 1113/3615 1112/3616
f 1103/3617 1104/3618 1114/3619 1113/3620
f 1104/3621 1105/3622 1115/3623 1114/3624
f 1105/3625 1106/3626 1116/3627 1115/3628
f 1106/3629 1107/3630 1117/3631 1116/3632
f 1107/3633 1108/3634 1118/3635 1117/3636
f 1108/3637 1099/3638 1109/3639 1118/3640
f 1109/3641 1110/3642 1120/3643 1119/3644
f 1110/3645 1111/3646 1121/3647 1120/3648
f 1111/3649 1112/3650 1122/3651 1121/3652
f 1112/3653 1113/3654 1123/3655 1122/3656
f 1113/3657 1114/3658 1124/3659 1123/3660
f 1114/3661 1115/3662 1125/3663 1124/3664
f 1115/3665 1116/3666 1126/3667 1125/3668
f 1116/3669 1117/3670 1127/3671 1126/3672
f 1117/3673 1118/3674 1128/3675 1127/3676
f 1118/3677 1109/3678 1119/3679 1128/3680
f 1108/3681 1107/3682 1106/3683 1105/3684 1104/3685 1103/3686 1102/3687 1101/3688 1100/3689 1099/3690
f 1119/3691 1120/3692 1121/3693 1122/3694 1123/3695 1124/3696 1125/3697 1126/3698 1127/3699 1128/3700
o Cockpit_ColumnGrip_RL
v -0.6575 0.7205 0.3120
v -0.6738 0.7230 0.3173
v -0.6839 0.7251 0.3312
v -0.6839 0.7261 0.3484
v -0.6738 0.7255 0.3625
v -0.6575 0.7235 0.3680
v -0.6412 0.7210 0.3627
v -0.6311 0.7189 0.3488
v -0.6311 0.7179 0.3316
v -0.6412 0.7185 0.3175
v -0.6475 0.7938 0.3080
v -0.6639 0.7959 0.3133
v -0.6740 0.7976 0.3272
v -0.6740 0.7984 0.3445
v -0.6639 0.7978 0.3586
v -0.6475 0.7962 0.3640
v -0.6311 0.7941 0.3587
v -0.6210 0.7924 0.3448
v -0.6210 0.7916 0.3275
v -0.6311 0.7922 0.3134
v -0.6415 0.8612 0.3060
v -0.6579 0.8628 0.3113
v -0.6680 0.8641 0.3253
v -0.6680 0.8646 0.3426
v -0.6579 0.8641 0.3566
v -0.6415 0.8628 0.3620
v -0.6251 0.8612 0.3567
v -0.6150 0.8599 0.3427
v -0.6150 0.8594 0.3254
v -0.6251 0.8599 0.3114
vt -0.6575 0.7205
vt -0.6738 0.7230
vt -0.6639 0.7959
vt -0.6475 0.7938
vt 0.3173 0.7230
vt 0.3312 0.7251
vt 0.3272 0.7976
vt 0.3133 0.7959
vt 0.3312 0.7251
vt 0.3484 0.7261
vt 0.3445 0.7984
vt 0.3272 0.7976
vt 0.3484 0.7261
vt 0.3625 0.7255
vt 0.3586 0.7978
vt 0.3445 0.7984
vt -0.6738 0.7255
vt -0.6575 0.7235
vt -0.6475 0.7962
vt -0.6639 0.7978
vt -0.6575 0.7235
vt -0.6412 0.7210
vt -0.6311 0.7941
vt -0.6475 0.7962
vt 0.3627 0.7210
vt 0.3488 0.7189
vt 0.3448 0.7924
vt 0.3587 0.7941
vt 0.3488 0.7189
vt 0.3316 0.7179
vt 0.3275 0.7916
vt 0.3448 0.7924
vt 0.3316 0.7179
vt 0.3175 0.7185
vt 0.3134 0.7922
vt 0.3275 0.7916
vt -0.6412 0.7185
vt -0.6575 0.7205
vt -0.6475 0.7938
vt -0.6311 0.7922
vt -0.6475 0.7938
vt -0.6639 0.7959
vt -0.6579 0.8628
vt -0.6415 0.8612
vt 0.3133 0.7959
vt 0.3272 0.7976
vt 0.3253 0.8641
vt 0.3113 0.8628
vt 0.3272 0.7976
vt 0.3445 0.7984
vt 0.3426 0.8646
vt 0.3253 0.8641
vt 0.3445 0.7984
vt 0.3586 0.7978
vt 0.3566 0.8641
vt 0.3426 0.8646
vt -0.6639 0.7978
vt -0.6475 0.7962
vt -0.6415 0.8628
vt -0.6579 0.8641
vt -0.6475 0.7962
vt -0.6311 0.7941
vt -0.6251 0.8612
vt -0.6415 0.8628
vt 0.3587 0.7941
vt 0.3448 0.7924
vt 0.3427 0.8599
vt 0.3567 0.8612
vt 0.3448 0.7924
vt 0.3275 0.7916
vt 0.3254 0.8594
vt 0.3427 0.8599
vt 0.3275 0.7916
vt 0.3134 0.7922
vt 0.3114 0.8599
vt 0.3254 0.8594
vt -0.6311 0.7922
vt -0.6475 0.7938
vt -0.6415 0.8612
vt -0.6251 0.8599
vt -0.6412 0.3175
vt -0.6311 0.3316
vt -0.6311 0.3488
vt -0.6412 0.3627
vt -0.6575 0.3680
vt -0.6738 0.3625
vt -0.6839 0.3484
vt -0.6839 0.3312
vt -0.6738 0.3173
vt -0.6575 0.3120
vt -0.6415 0.3060
vt -0.6579 0.3113
vt -0.6680 0.3253
vt -0.6680 0.3426
vt -0.6579 0.3566
vt -0.6415 0.3620
vt -0.6251 0.3567
vt -0.6150 0.3427
vt -0.6150 0.3254
vt -0.6251 0.3114
f 1129/3701 1130/3702 1140/3703 1139/3704
f 1130/3705 1131/3706 1141/3707 1140/3708
f 1131/3709 1132/3710 1142/3711 1141/3712
f 1132/3713 1133/3714 1143/3715 1142/3716
f 1133/3717 1134/3718 1144/3719 1143/3720
f 1134/3721 1135/3722 1145/3723 1144/3724
f 1135/3725 1136/3726 1146/3727 1145/3728
f 1136/3729 1137/3730 1147/3731 1146/3732
f 1137/3733 1138/3734 1148/3735 1147/3736
f 1138/3737 1129/3738 1139/3739 1148/3740
f 1139/3741 1140/3742 1150/3743 1149/3744
f 1140/3745 1141/3746 1151/3747 1150/3748
f 1141/3749 1142/3750 1152/3751 1151/3752
f 1142/3753 1143/3754 1153/3755 1152/3756
f 1143/3757 1144/3758 1154/3759 1153/3760
f 1144/3761 1145/3762 1155/3763 1154/3764
f 1145/3765 1146/3766 1156/3767 1155/3768
f 1146/3769 1147/3770 1157/3771 1156/3772
f 1147/3773 1148/3774 1158/3775 1157/3776
f 1148/3777 1139/3778 1149/3779 1158/3780
f 1138/3781 1137/3782 1136/3783 1135/3784 1134/3785 1133/3786 1132/3787 1131/3788 1130/3789 1129/3790
f 1149/3791 1150/3792 1151/3793 1152/3794 1153/3795 1154/3796 1155/3797 1156/3798 1157/3799 1158/3800
o Cockpit_ColumnPommel_RL
v -0.6415 0.8567 0.3010
v -0.6608 0.8585 0.3073
v -0.6728 0.8600 0.3237
v -0.6728 0.8608 0.3441
v -0.6608 0.8605 0.3606
v -0.6415 0.8593 0.3670
v -0.6222 0.8575 0.3607
v -0.6102 0.8560 0.3443
v -0.6102 0.8552 0.3239
v -0.6222 0.8555 0.3074
v -0.6395 0.8827 0.3000
v -0.6588 0.8845 0.3063
v -0.6708 0.8860 0.3227
v -0.6708 0.8868 0.3431
v -0.6588 0.8865 0.3596
v -0.6395 0.8853 0.3660
v -0.6202 0.8835 0.3597
v -0.6082 0.8820 0.3433
v -0.6082 0.8812 0.3229
v -0.6202 0.8815 0.3064
vt -0.6415 0.8567
vt -0.6608 0.8585
vt -0.6588 0.8845
vt -0.6395 0.8827
vt 0.3073 0.8585
vt 0.3237 0.8600
vt 0.3227 0.8860
vt 0.3063 0.8845
vt 0.3237 0.8600
vt 0.3441 0.8608
vt 0.3431 0.8868
vt 0.3227 0.8860
vt 0.3441 0.8608
vt 0.3606 0.8605
vt 0.3596 0.8865
vt 0.3431 0.8868
vt -0.6608 0.8605
vt -0.6415 0.8593
vt -0.6395 0.8853
vt -0.6588 0.8865
vt -0.6415 0.8593
vt -0.6222 0.8575
vt -0.6202 0.8835
vt -0.6395 0.8853
vt 0.3607 0.8575
vt 0.3443 0.8560
vt 0.3433 0.8820
vt 0.3597 0.8835
vt 0.3443 0.8560
vt 0.3239 0.8552
vt 0.3229 0.8812
vt 0.3433 0.8820
vt 0.3239 0.8552
vt 0.3074 0.8555
vt 0.3064 0.8815
vt 0.3229 0.8812
vt -0.6222 0.8555
vt -0.6415 0.8567
vt -0.6395 0.8827
vt -0.6202 0.8815
vt -0.6222 0.3074
vt -0.6102 0.3239
vt -0.6102 0.3443
vt -0.6222 0.3607
vt -0.6415 0.3670
vt -0.6608 0.3606
vt -0.6728 0.3441
vt -0.6728 0.3237
vt -0.6608 0.3073
vt -0.6415 0.3010
vt -0.6395 0.3000
vt -0.6588 0.3063
vt -0.6708 0.3227
vt -0.6708 0.3431
vt -0.6588 0.3596
vt -0.6395 0.3660
vt -0.6202 0.3597
vt -0.6082 0.3433
vt -0.6082 0.3229
vt -0.6202 0.3064
f 1159/3801 1160/3802 1170/3803 1169/3804
f 1160/3805 1161/3806 1171/3807 1170/3808
f 1161/3809 1162/3810 1172/3811 1171/3812
f 1162/3813 1163/3814 1173/3815 1172/3816
f 1163/3817 1164/3818 1174/3819 1173/3820
f 1164/3821 1165/3822 1175/3823 1174/3824
f 1165/3825 1166/3826 1176/3827 1175/3828
f 1166/3829 1167/3830 1177/3831 1176/3832
f 1167/3833 1168/3834 1178/3835 1177/3836
f 1168/3837 1159/3838 1169/3839 1178/3840
f 1168/3841 1167/3842 1166/3843 1165/3844 1164/3845 1163/3846 1162/3847 1161/3848 1160/3849 1159/3850
f 1169/3851 1170/3852 1171/3853 1172/3854 1173/3855 1174/3856 1175/3857 1176/3858 1177/3859 1178/3860
o Cockpit_ColumnButton_RL
v -0.6195 0.8330 0.3400
v -0.6035 0.8330 0.3400
v -0.6195 0.8315 0.3455
v -0.6035 0.8315 0.3455
v -0.6195 0.8275 0.3495
v -0.6035 0.8275 0.3495
v -0.6195 0.8220 0.3510
v -0.6035 0.8220 0.3510
v -0.6195 0.8165 0.3495
v -0.6035 0.8165 0.3495
v -0.6195 0.8125 0.3455
v -0.6035 0.8125 0.3455
v -0.6195 0.8110 0.3400
v -0.6035 0.8110 0.3400
v -0.6195 0.8125 0.3345
v -0.6035 0.8125 0.3345
v -0.6195 0.8165 0.3305
v -0.6035 0.8165 0.3305
v -0.6195 0.8220 0.3290
v -0.6035 0.8220 0.3290
v -0.6195 0.8275 0.3305
v -0.6035 0.8275 0.3305
v -0.6195 0.8315 0.3345
v -0.6035 0.8315 0.3345
vt -0.6195 0.3400
vt -0.6195 0.3455
vt -0.6035 0.3455
vt -0.6035 0.3400
vt -0.6195 0.8315
vt -0.6195 0.8275
vt -0.6035 0.8275
vt -0.6035 0.8315
vt -0.6195 0.8275
vt -0.6195 0.8220
vt -0.6035 0.8220
vt -0.6035 0.8275
vt -0.6195 0.8220
vt -0.6195 0.8165
vt -0.6035 0.8165
vt -0.6035 0.8220
vt -0.6195 0.8165
vt -0.6195 0.8125
vt -0.6035 0.8125
vt -0.6035 0.8165
vt -0.6195 0.3455
vt -0.6195 0.3400
vt -0.6035 0.3400
vt -0.6035 0.3455
vt -0.6195 0.3400
vt -0.6195 0.3345
vt -0.6035 0.3345
vt -0.6035 0.3400
vt -0.6195 0.8125
vt -0.6195 0.8165
vt -0.6035 0.8165
vt -0.6035 0.8125
vt -0.6195 0.8165
vt -0.6195 0.8220
vt -0.6035 0.8220
vt -0.6035 0.8165
vt -0.6195 0.8220
vt -0.6195 0.8275
vt -0.6035 0.8275
vt -0.6035 0.8220
vt -0.6195 0.8275
vt -0.6195 0.8315
vt -0.6035 0.8315
vt -0.6035 0.8275
vt -0.6195 0.3345
vt -0.6195 0.3400
vt -0.6035 0.3400
vt -0.6035 0.3345
vt 0.3400 0.8330
vt 0.3455 0.8315
vt 0.3495 0.8275
vt 0.3510 0.8220
vt 0.3495 0.8165
vt 0.3455 0.8125
vt 0.3400 0.8110
vt 0.3345 0.8125
vt 0.3305 0.8165
vt 0.3290 0.8220
vt 0.3305 0.8275
vt 0.3345 0.8315
vt 0.3345 0.8315
vt 0.3305 0.8275
vt 0.3290 0.8220
vt 0.3305 0.8165
vt 0.3345 0.8125
vt 0.3400 0.8110
vt 0.3455 0.8125
vt 0.3495 0.8165
vt 0.3510 0.8220
vt 0.3495 0.8275
vt 0.3455 0.8315
vt 0.3400 0.8330
f 1179/3861 1181/3862 1182/3863 1180/3864
f 1181/3865 1183/3866 1184/3867 1182/3868
f 1183/3869 1185/3870 1186/3871 1184/3872
f 1185/3873 1187/3874 1188/3875 1186/3876
f 1187/3877 1189/3878 1190/3879 1188/3880
f 1189/3881 1191/3882 1192/3883 1190/3884
f 1191/3885 1193/3886 1194/3887 1192/3888
f 1193/3889 1195/3890 1196/3891 1194/3892
f 1195/3893 1197/3894 1198/3895 1196/3896
f 1197/3897 1199/3898 1200/3899 1198/3900
f 1199/3901 1201/3902 1202/3903 1200/3904
f 1201/3905 1179/3906 1180/3907 1202/3908
f 1180/3909 1182/3910 1184/3911 1186/3912 1188/3913 1190/3914 1192/3915 1194/3916 1196/3917 1198/3918 1200/3919 1202/3920
f 1201/3921 1199/3922 1197/3923 1195/3924 1193/3925 1191/3926 1189/3927 1187/3928 1185/3929 1183/3930 1181/3931 1179/3932
o Cockpit_ColumnArm_RR
v -0.7195 0.6799 0.4785
v -0.7325 0.6791 0.4856
v -0.7405 0.6711 0.4952
v -0.7405 0.6588 0.5035
v -0.7325 0.6470 0.5074
v -0.7195 0.6401 0.5055
v -0.7065 0.6409 0.4984
v -0.6985 0.6489 0.4888
v -0.6985 0.6612 0.4805
v -0.7065 0.6730 0.4766
v -0.6895 0.7205 0.5385
v -0.7024 0.7195 0.5457
v -0.7104 0.7111 0.5549
v -0.7104 0.6984 0.5626
v -0.7024 0.6864 0.5659
v -0.6895 0.6795 0.5635
v -0.6766 0.6805 0.5563
v -0.6686 0.6889 0.5471
v -0.6686 0.7016 0.5394
v -0.6766 0.7136 0.5361
v -0.6595 0.7531 0.5986
v -0.6724 0.7518 0.6058
v -0.6803 0.7430 0.6147
v -0.6803 0.7299 0.6217
v -0.6724 0.7177 0.6243
v -0.6595 0.7109 0.6214
v -0.6466 0.7122 0.6142
v -0.6387 0.7210 0.6053
v -0.6387 0.7341 0.5983
v -0.6466 0.7463 0.5957
vt -0.7195 0.4785
vt -0.7325 0.4856
vt -0.7024 0.5457
vt -0.6895 0.5385
vt 0.4856 0.6791
vt 0.4952 0.6711
vt 0.5549 0.7111
vt 0.5457 0.7195
vt 0.4952 0.6711
vt 0.5035 0.6588
vt 0.5626 0.6984
vt 0.5549 0.7111
vt 0.5035 0.6588
vt 0.5074 0.6470
vt 0.5659 0.6864
vt 0.5626 0.6984
vt -0.7325 0.5074
vt -0.7195 0.5055
vt -0.6895 0.5635
vt -0.7024 0.5659
vt -0.7195 0.5055
vt -0.7065 0.4984
vt -0.6766 0.5563
vt -0.6895 0.5635
vt 0.4984 0.6409
vt 0.4888 0.6489
vt 0.5471 0.6889
vt 0.5563 0.6805
vt 0.4888 0.6489
vt 0.4805 0.6612
vt 0.5394 0.7016
vt 0.5471 0.6889
vt 0.4805 0.6612
vt 0.4766 0.6730
vt 0.5361 0.7136
vt 0.5394 0.7016
vt -0.7065 0.4766
vt -0.7195 0.4785
vt -0.6895 0.5385
vt -0.6766 0.5361
vt -0.6895 0.5385
vt -0.7024 0.5457
vt -0.6724 0.6058
vt -0.6595 0.5986
vt 0.5457 0.7195
vt 0.5549 0.7111
vt 0.6147 0.7430
vt 0.6058 0.7518
vt 0.5549 0.7111
vt 0.5626 0.6984
vt 0.6217 0.7299
vt 0.6147 0.7430
vt 0.5626 0.6984
vt 0.5659 0.6864
vt 0.6243 0.7177
vt 0.6217 0.7299
vt -0.7024 0.5659
vt -0.6895 0.5635
vt -0.6595 0.6214
vt -0.6724 0.6243
vt -0.6895 0.5635
vt -0.6766 0.5563
vt -0.6466 0.6142
vt -0.6595 0.6214
vt 0.5563 0.6805
vt 0.5471 0.6889
vt 0.6053 0.7210
vt 0.6142 0.7122
vt 0.5471 0.6889
vt 0.5394 0.7016
vt 0.5983 0.7341
vt 0.6053 0.7210
vt 0.5394 0.7016
vt 0.5361 0.7136
vt 0.5957 0.7463
vt 0.5983 0.7341
vt -0.6766 0.5361
vt -0.6895 0.5385
vt -0.6595 0.5986
vt -0.6466 0.5957
vt -0.7065 0.6730
vt -0.6985 0.6612
vt -0.6985 0.6489
vt -0.7065 0.6409
vt -0.7195 0.6401
vt -0.7325 0.6470
vt -0.7405 0.6588
vt -0.7405 0.6711
vt -0.7325 0.6791
vt -0.7195 0.6799
vt -0.6595 0.7531
vt -0.6724 0.7518
vt -0.6803 0.7430
vt -0.6803 0.7299
vt -0.6724 0.7177
vt -0.6595 0.7109
vt -0.6466 0.7122
vt -0.6387 0.7210
vt -0.6387 0.7341
vt -0.6466 0.7463
f 1203/3933 1204/3934 1214/3935 1213/3936
f 1204/3937 1205/3938 1215/3939 1214/3940
f 1205/3941 1206/3942 1216/3943 1215/3944
f 1206/3945 1207/3946 1217/3947 1216/3948
f 1207/3949 1208/3950 1218/3951 1217/3952
f 1208/3953 1209/3954 1219/3955 1218/3956
f 1209/3957 1210/3958 1220/3959 1219/3960
f 1210/3961 1211/3962 1221/3963 1220/3964
f 1211/3965 1212/3966 1222/3967 1221/3968
f 1212/3969 1203/3970 1213/3971 1222/3972
f 1213/3973 1214/3974 1224/3975 1223/3976
f 1214/3977 1215/3978 1225/3979 1224/3980
f 1215/3981 1216/3982 1226/3983 1225/3984
f 1216/3985 1217/3986 1227/3987 1226/3988
f 1217/3989 1218/3990 1228/3991 1227/3992
f 1218/3993 1219/3994 1229/3995 1228/3996
f 1219/3997 1220/3998 1230/3999 1229/4000
f 1220/4001 1221/4002 1231/4003 1230/4004
f 1221/4005 1222/4006 1232/4007 1231/4008
f 1222/4009 1213/4010 1223/4011 1232/4012
f 1212/4013 1211/4014 1210/4015 1209/4016 1208/4017 1207/4018 1206/4019 1205/4020 1204/4021 1203/4022
f 1223/4023 1224/4024 1225/4025 1226/4026 1227/4027 1228/4028 1229/4029 1230/4030 1231/4031 1232/4032
o Cockpit_ColumnGrip_RR
v -0.6575 0.7235 0.5820
v -0.6738 0.7255 0.5875
v -0.6839 0.7261 0.6016
v -0.6839 0.7251 0.6188
v -0.6738 0.7230 0.6327
v -0.6575 0.7205 0.6380
v -0.6412 0.7185 0.6325
v -0.6311 0.7179 0.6184
v -0.6311 0.7189 0.6012
v -0.6412 0.7210 0.5873
v -0.6475 0.7962 0.5860
v -0.6639 0.7978 0.5914
v -0.6740 0.7984 0.6055
v -0.6740 0.7976 0.6228
v -0.6639 0.7959 0.6367
v -0.6475 0.7938 0.6420
v -0.6311 0.7922 0.6366
v -0.6210 0.7916 0.6225
v -0.6210 0.7924 0.6052
v -0.6311 0.7941 0.5913
v -0.6415 0.8628 0.5880
v -0.6579 0.8641 0.5934
v -0.6680 0.8646 0.6074
v -0.6680 0.8641 0.6247
v -0.6579 0.8628 0.6387
v -0.6415 0.8612 0.6440
v -0.6251 0.8599 0.6386
v -0.6150 0.8594 0.6246
v -0.6150 0.8599 0.6073
v -0.6251 0.8612 0.5933
vt -0.6575 0.7235
vt -0.6738 0.7255
vt -0.6639 0.7978
vt -0.6475 0.7962
vt 0.5875 0.7255
vt 0.6016 0.7261
vt 0.6055 0.7984
vt 0.5914 0.7978
vt 0.6016 0.7261
vt 0.6188 0.7251
vt 0.6228 0.7976
vt 0.6055 0.7984
vt 0.6188 0.7251
vt 0.6327 0.7230
vt 0.6367 0.7959
vt 0.6228 0.7976
vt -0.6738 0.7230
vt -0.6575 0.7205
vt -0.6475 0.7938
vt -0.6639 0.7959
vt -0.6575 0.7205
vt -0.6412 0.7185
vt -0.6311 0.7922
vt -0.6475 0.7938
vt 0.6325 0.7185
vt 0.6184 0.7179
vt 0.6225 0.7916
vt 0.6366 0.7922
vt 0.6184 0.7179
vt 0.6012 0.7189
vt 0.6052 0.7924
vt 0.6225 0.7916
vt 0.6012 0.7189
vt 0.5873 0.7210
vt 0.5913 0.7941
vt 0.6052 0.7924
vt -0.6412 0.7210
vt -0.6575 0.7235
vt -0.6475 0.7962
vt -0.6311 0.7941
vt -0.6475 0.7962
vt -0.6639 0.7978
vt -0.6579 0.8641
vt -0.6415 0.8628
vt 0.5914 0.7978
vt 0.6055 0.7984
vt 0.6074 0.8646
vt 0.5934 0.8641
vt 0.6055 0.7984
vt 0.6228 0.7976
vt 0.6247 0.8641
vt 0.6074 0.8646
vt 0.6228 0.7976
vt 0.6367 0.7959
vt 0.6387 0.8628
vt 0.6247 0.8641
vt -0.6639 0.7959
vt -0.6475 0.7938
vt -0.6415 0.8612
vt -0.6579 0.8628
vt -0.6475 0.7938
vt -0.6311 0.7922
vt -0.6251 0.8599
vt -0.6415 0.8612
vt 0.6366 0.7922
vt 0.6225 0.7916
vt 0.6246 0.8594
vt 0.6386 0.8599
vt 0.6225 0.7916
vt 0.6052 0.7924
vt 0.6073 0.8599
vt 0.6246 0.8594
vt 0.6052 0.7924
vt 0.5913 0.7941
vt 0.5933 0.8612
vt 0.6073 0.8599
vt -0.6311 0.7941
vt -0.6475 0.7962
vt -0.6415 0.8628
vt -0.6251 0.8612
vt -0.6412 0.5873
vt -0.6311 0.6012
vt -0.6311 0.6184
vt -0.6412 0.6325
vt -0.6575 0.6380
vt -0.6738 0.6327
vt -0.6839 0.6188
vt -0.6839 0.6016
vt -0.6738 0.5875
vt -0.6575 0.5820
vt -0.6415 0.5880
vt -0.6579 0.5934
vt -0.6680 0.6074
vt -0.6680 0.6247
vt -0.6579 0.6387
vt -0.6415 0.6440
vt -0.6251 0.6386
vt -0.6150 0.6246
vt -0.6150 0.6073
vt -0.6251 0.5933
f 1233/4033 1234/4034 1244/4035 1243/4036
f 1234/4037 1235/4038 1245/4039 1244/4040
f 1235/4041 1236/4042 1246/4043 1245/4044
f 1236/4045 1237/4046 1247/4047 1246/4048
f 1237/4049 1238/4050 1248/4051 1247/4052
f 1238/4053 1239/4054 1249/4055 1248/4056
f 1239/4057 1240/4058 1250/4059 1249/4060
f 1240/4061 1241/4062 1251/4063 1250/4064
f 1241/4065 1242/4066 1252/4067 1251/4068
f 1242/4069 1233/4070 1243/4071 1252/4072
f 1243/4073 1244/4074 1254/4075 1253/4076
f 1244/4077 1245/4078 1255/4079 1254/4080
f 1245/4081 1246/4082 1256/4083 1255/4084
f 1246/4085 1247/4086 1257/4087 1256/4088
f 1247/4089 1248/4090 1258/4091 1257/4092
f 1248/4093 1249/4094 1259/4095 1258/4096
f 1249/4097 1250/4098 1260/4099 1259/4100
f 1250/4101 1251/4102 1261/4103 1260/4104
f 1251/4105 1252/4106 1262/4107 1261/4108
f 1252/4109 1243/4110 1253/4111 1262/4112
f 1242/4113 1241/4114 1240/4115 1239/4116 1238/4117 1237/4118 1236/4119 1235/4120 1234/4121 1233/4122
f 1253/4123 1254/4124 1255/4125 1256/4126 1257/4127 1258/4128 1259/4129 1260/4130 1261/4131 1262/4132
o Cockpit_ColumnPommel_RR
v -0.6415 0.8593 0.5830
v -0.6608 0.8605 0.5894
v -0.6728 0.8608 0.6059
v -0.6728 0.8600 0.6263
v -0.6608 0.8585 0.6427
v -0.6415 0.8567 0.6490
v -0.6222 0.8555 0.6426
v -0.6102 0.8552 0.6261
v -0.6102 0.8560 0.6057
v -0.6222 0.8575 0.5893
v -0.6395 0.8853 0.5840
v -0.6588 0.8865 0.5904
v -0.6708 0.8868 0.6069
v -0.6708 0.8860 0.6273
v -0.6588 0.8845 0.6437
v -0.6395 0.8827 0.6500
v -0.6202 0.8815 0.6436
v -0.6082 0.8812 0.6271
v -0.6082 0.8820 0.6067
v -0.6202 0.8835 0.5903
vt -0.6415 0.8593
vt -0.6608 0.8605
vt -0.6588 0.8865
vt -0.6395 0.8853
vt 0.5894 0.8605
vt 0.6059 0.8608
vt 0.6069 0.8868
vt 0.5904 0.8865
vt 0.6059 0.8608
vt 0.6263 0.8600
vt 0.6273 0.8860
vt 0.6069 0.8868
vt 0.6263 0.8600
vt 0.6427 0.8585
vt 0.6437 0.8845
vt 0.6273 0.8860
vt -0.6608 0.8585
vt -0.6415 0.8567
vt -0.6395 0.8827
vt -0.6588 0.8845
vt -0.6415 0.8567
vt -0.6222 0.8555
vt -0.6202 0.8815
vt -0.6395 0.8827
vt 0.6426 0.8555
vt 0.6261 0.8552
vt 0.6271 0.8812
vt 0.6436 0.8815
vt 0.6261 0.8552
vt 0.6057 0.8560
vt 0.6067 0.8820
vt 0.6271 0.8812
vt 0.6057 0.8560
vt 0.5893 0.8575
vt 0.5903 0.8835
vt 0.6067 0.8820
vt -0.6222 0.8575
vt -0.6415 0.8593
vt -0.6395 0.8853
vt -0.6202 0.8835
vt -0.6222 0.5893
vt -0.6102 0.6057
vt -0.6102 0.6261
vt -0.6222 0.6426
vt -0.6415 0.6490
vt -0.6608 0.6427
vt -0.6728 0.6263
vt -0.6728 0.6059
vt -0.6608 0.5894
vt -0.6415 0.5830
vt -0.6395 0.5840
vt -0.6588 0.5904
vt -0.6708 0.6069
vt -0.6708 0.6273
vt -0.6588 0.6437
vt -0.6395 0.6500
vt -0.6202 0.6436
vt -0.6082 0.6271
vt -0.6082 0.6067
vt -0.6202 0.5903
f 1263/4133 1264/4134 1274/4135 1273/4136
f 1264/4137 1265/4138 1275/4139 1274/4140
f 1265/4141 1266/4142 1276/4143 1275/4144
f 1266/4145 1267/4146 1277/4147 1276/4148
f 1267/4149 1268/4150 1278/4151 1277/4152
f 1268/4153 1269/4154 1279/4155 1278/4156
f 1269/4157 1270/4158 1280/4159 1279/4160
f 1270/4161 1271/4162 1281/4163 1280/4164
f 1271/4165 1272/4166 1282/4167 1281/4168
f 1272/4169 1263/4170 1273/4171 1282/4172
f 1272/4173 1271/4174 1270/4175 1269/4176 1268/4177 1267/4178 1266/4179 1265/4180 1264/4181 1263/4182
f 1273/4183 1274/4184 1275/4185 1276/4186 1277/4187 1278/4188 1279/4189 1280/4190 1281/4191 1282/4192
o Cockpit_ColumnButton_RR
v -0.6195 0.8330 0.6100
v -0.6035 0.8330 0.6100
v -0.6195 0.8315 0.6155
v -0.6035 0.8315 0.6155
v -0.6195 0.8275 0.6195
v -0.6035 0.8275 0.6195
v -0.6195 0.8220 0.6210
v -0.6035 0.8220 0.6210
v -0.6195 0.8165 0.6195
v -0.6035 0.8165 0.6195
v -0.6195 0.8125 0.6155
v -0.6035 0.8125 0.6155
v -0.6195 0.8110 0.6100
v -0.6035 0.8110 0.6100
v -0.6195 0.8125 0.6045
v -0.6035 0.8125 0.6045
v -0.6195 0.8165 0.6005
v -0.6035 0.8165 0.6005
v -0.6195 0.8220 0.5990
v -0.6035 0.8220 0.5990
v -0.6195 0.8275 0.6005
v -0.6035 0.8275 0.6005
v -0.6195 0.8315 0.6045
v -0.6035 0.8315 0.6045
vt -0.6195 0.6100
vt -0.6195 0.6155
vt -0.6035 0.6155
vt -0.6035 0.6100
vt -0.6195 0.6155
vt -0.6195 0.6195
vt -0.6035 0.6195
vt -0.6035 0.6155
vt -0.6195 0.8275
vt -0.6195 0.8220
vt -0.6035 0.8220
vt -0.6035 0.8275
vt -0.6195 0.8220
vt -0.6195 0.8165
vt -0.6035 0.8165
vt -0.6035 0.8220
vt -0.6195 0.6195
vt -0.6195 0.6155
vt -0.6035 0.6155
vt -0.6035 0.6195
vt -0.6195 0.6155
vt -0.6195 0.6100
vt -0.6035 0.6100
vt -0.6035 0.6155
vt -0.6195 0.6100
vt -0.6195 0.6045
vt -0.6035 0.6045
vt -0.6035 0.6100
vt -0.6195 0.6045
vt -0.6195 0.6005
vt -0.6035 0.6005
vt -0.6035 0.6045
vt -0.6195 0.8165
vt -0.6195 0.8220
vt -0.6035 0.8220
vt -0.6035 0.8165
vt -0.6195 0.8220
vt -0.6195 0.8275
vt -0.6035 0.8275
vt -0.6035 0.8220
vt -0.6195 0.6005
vt -0.6195 0.6045
vt -0.6035 0.6045
vt -0.6035 0.6005
vt -0.6195 0.6045
vt -0.6195 0.6100
vt -0.6035 0.6100
vt -0.6035 0.6045
vt 0.6100 0.8330
vt 0.6155 0.8315
vt 0.6195 0.8275
vt 0.6210 0.8220
vt 0.6195 0.8165
vt 0.6155 0.8125
vt 0.6100 0.8110
vt 0.6045 0.8125
vt 0.6005 0.8165
vt 0.5990 0.8220
vt 0.6005 0.8275
vt 0.6045 0.8315
vt 0.6045 0.8315
vt 0.6005 0.8275
vt 0.5990 0.8220
vt 0.6005 0.8165
vt 0.6045 0.8125
vt 0.6100 0.8110
vt 0.6155 0.8125
vt 0.6195 0.8165
vt 0.6210 0.8220
vt 0.6195 0.8275
vt 0.6155 0.8315
vt 0.6100 0.8330
f 1283/4193 1285/4194 1286/4195 1284/4196
f 1285/4197 1287/4198 1288/4199 1286/4200
f 1287/4201 1289/4202 1290/4203 1288/4204
f 1289/4205 1291/4206 1292/4207 1290/4208
f 1291/4209 1293/4210 1294/4211 1292/4212
f 1293/4213 1295/4214 1296/4215 1294/4216
f 1295/4217 1297/4218 1298/4219 1296/4220
f 1297/4221 1299/4222 1300/4223 1298/4224
f 1299/4225 1301/4226 1302/4227 1300/4228
f 1301/4229 1303/4230 1304/4231 1302/4232
f 1303/4233 1305/4234 1306/4235 1304/4236
f 1305/4237 1283/4238 1284/4239 1306/4240
f 1284/4241 1286/4242 1288/4243 1290/4244 1292/4245 1294/4246 1296/4247 1298/4248 1300/4249 1302/4250 1304/4251 1306/4252
f 1305/4253 1303/4254 1301/4255 1299/4256 1297/4257 1295/4258 1293/4259 1291/4260 1289/4261 1287/4262 1285/4263 1283/4264
o Cockpit_Console_R
v -0.9600 0.3050 0.5000
v -0.6200 0.2850 0.5000
v -0.6200 0.2050 0.8000
v -0.9600 0.2250 0.8000
v -0.9600 0.2200 0.5000
v -0.6200 0.2000 0.5000
v -0.6200 0.1200 0.8000
v -0.9600 0.1400 0.8000
vt -0.9600 0.5000
vt -0.6200 0.5000
vt -0.6200 0.8000
vt -0.9600 0.8000
vt -0.9600 0.8000
vt -0.6200 0.8000
vt -0.6200 0.5000
vt -0.9600 0.5000
vt -0.9600 0.3050
vt -0.9600 0.2200
vt -0.6200 0.2000
vt -0.6200 0.2850
vt -0.9600 0.2250
vt -0.6200 0.2050
vt -0.6200 0.1200
vt -0.9600 0.1400
vt 0.5000 0.3050
vt 0.8000 0.2250
vt 0.8000 0.1400
vt 0.5000 0.2200
vt 0.5000 0.2850
vt 0.5000 0.2000
vt 0.8000 0.1200
vt 0.8000 0.2050
f 1307/4265 1308/4266 1309/4267 1310/4268
f 1314/4269 1313/4270 1312/4271 1311/4272
f 1307/4273 1311/4274 1312/4275 1308/4276
f 1310/4277 1309/4278 1313/4279 1314/4280
f 1307/4281 1310/4282 1314/4283 1311/4284
f 1308/4285 1312/4286 1313/4287 1309/4288
o Cockpit_Pedal_L1
v -1.0390 0.3687 -0.6000
v -1.0390 0.3687 -0.6000
v -1.0390 0.3687 -0.6000
v -1.0390 0.3687 -0.6000
v -1.0390 0.3687 -0.6000
v -1.0390 0.3687 -0.6000
v -1.0390 0.3687 -0.6000
v -1.0390 0.3687 -0.6000
v -1.0390 0.3687 -0.6000
v -1.0390 0.3687 -0.6000
v -0.9851 0.2924 -0.6000
v -0.9884 0.2972 -0.5515
v -1.0010 0.3152 -0.5440
v -1.0763 0.4228 -0.5440
v -1.0889 0.4408 -0.5515
v -1.0922 0.4455 -0.6000
v -1.0889 0.4408 -0.6485
v -1.0763 0.4228 -0.6560
v -1.0010 0.3152 -0.6560
v -0.9884 0.2972 -0.6485
v -0.9741 0.2797 -0.6000
v -0.9780 0.2852 -0.5428
v -0.9929 0.3064 -0.5340
v -1.0817 0.4333 -0.5340
v -1.0966 0.4545 -0.5428
v -1.1005 0.4601 -0.6000
v -1.0966 0.4545 -0.6572
v -1.0817 0.4333 -0.6660
v -0.9929 0.3064 -0.6660
v -0.9780 0.2852 -0.6572
v -0.9640 0.2808 -0.6000
v -0.9681 0.2866 -0.5403
v -0.9836 0.3088 -0.5310
v -1.0764 0.4412 -0.5310
v -1.0919 0.4634 -0.5403
v -1.0960 0.4692 -0.6000
v -1.0919 0.4634 -0.6597
v -1.0764 0.4412 -0.6690
v -0.9836 0.3088 -0.6690
v -0.9681 0.2866 -0.6597
v -0.9595 0.2899 -0.6000
v -0.9634 0.2955 -0.5428
v -0.9783 0.3167 -0.5340
v -1.0671 0.4436 -0.5340
v -1.0820 0.4648 -0.5428
v -1.0859 0.4703 -0.6000
v -1.0820 0.4648 -0.6572
v -1.0671 0.4436 -0.6660
v -0.9783 0.3167 -0.6660
v -0.9634 0.2955 -0.6572
v -0.9678 0.3045 -0.6000
v -0.9711 0.3092 -0.5515
v -0.9837 0.3272 -0.5440
v -1.0590 0.4348 -0.5440
v -1.0716 0.4528 -0.5515
v -1.0749 0.4576 -0.6000
v -1.0716 0.4528 -0.6485
v -1.0590 0.4348 -0.6560
v -0.9837 0.3272 -0.6560
v -0.9711 0.3092 -0.6485
v -1.0210 0.3813 -0.6000
v -1.0210 0.3813 -0.6000
v -1.0210 0.3813 -0.6000
v -1.0210 0.3813 -0.6000
v -1.0210 0.3813 -0.6000
v -1.0210 0.3813 -0.6000
v -1.0210 0.3813 -0.6000
v -1.0210 0.3813 -0.6000
v -1.0210 0.3813 -0.6000
v -1.0210 0.3813 -0.6000
vt -0.6000 0.3687
vt -0.6000 0.2924
vt -0.5515 0.2972
vt -0.6000 0.3687
vt -0.6000 0.3687
vt -0.5515 0.2972
vt -0.5440 0.3152
vt -0.6000 0.3687
vt -0.6000 0.3687
vt -0.5440 0.3152
vt -0.5440 0.4228
vt -0.6000 0.3687
vt -0.6000 0.3687
vt -0.5440 0.4228
vt -0.5515 0.4408
vt -0.6000 0.3687
vt -0.6000 0.3687
vt -0.5515 0.4408
vt -0.6000 0.4455
vt -0.6000 0.3687
vt -0.6000 0.3687
vt -0.6000 0.4455
vt -0.6485 0.4408
vt -0.6000 0.3687
vt -0.6000 0.3687
vt -0.6485 0.4408
vt -0.6560 0.4228
vt -0.6000 0.3687
vt -0.6000 0.3687
vt -0.6560 0.4228
vt -0.6560 0.3152
vt -0.6000 0.3687
vt -0.6000 0.3687
vt -0.6560 0.3152
vt -0.6485 0.2972
vt -0.6000 0.3687
vt -0.6000 0.3687
vt -0.6485 0.2972
vt -0.6000 0.2924
vt -0.6000 0.3687
vt -0.6000 0.2924
vt -0.6000 0.2797
vt -0.5428 0.2852
vt -0.5515 0.2972
vt -0.5515 0.2972
vt -0.5428 0.2852
vt -0.5340 0.3064
vt -0.5440 0.3152
vt -0.5440 0.3152
vt -0.5340 0.3064
vt -0.5340 0.4333
vt -0.5440 0.4228
vt -0.5440 0.4228
vt -0.5340 0.4333
vt -0.5428 0.4545
vt -0.5515 0.4408
vt -0.5515 0.4408
vt -0.5428 0.4545
vt -0.6000 0.4601
vt -0.6000 0.4455
vt -0.6000 0.4455
vt -0.6000 0.4601
vt -0.6572 0.4545
vt -0.6485 0.4408
vt -0.6485 0.4408
vt -0.6572 0.4545
vt -0.6660 0.4333
vt -0.6560 0.4228
vt -0.6560 0.4228
vt -0.6660 0.4333
vt -0.6660 0.3064
vt -0.6560 0.3152
vt -0.6560 0.3152
vt -0.6660 0.3064
vt -0.6572 0.2852
vt -0.6485 0.2972
vt -0.6485 0.2972
vt -0.6572 0.2852
vt -0.6000 0.2797
vt -0.6000 0.2924
vt -0.9741 -0.6000
vt -0.9640 -0.6000
vt -0.9681 -0.5403
vt -0.9780 -0.5428
vt -0.9780 0.2852
vt -0.9681 0.2866
vt -0.9836 0.3088
vt -0.9929 0.3064
vt -0.9929 0.3064
vt -0.9836 0.3088
vt -1.0764 0.4412
vt -1.0817 0.4333
vt -1.0817 0.4333
vt -1.0764 0.4412
vt -1.0919 0.4634
vt -1.0966 0.4545
vt -0.5428 0.4545
vt -0.5403 0.4634
vt -0.6000 0.4692
vt -0.6000 0.4601
vt -0.6000 0.4601
vt -0.6000 0.4692
vt -0.6597 0.4634
vt -0.6572 0.4545
vt -1.0966 0.4545
vt -1.0919 0.4634
vt -1.0764 0.4412
vt -1.0817 0.4333
vt -1.0817 0.4333
vt -1.0764 0.4412
vt -0.9836 0.3088
vt -0.9929 0.3064
vt -0.9929 0.3064
vt -0.9836 0.3088
vt -0.9681 0.2866
vt -0.9780 0.2852
vt -0.9780 -0.6572
vt -0.9681 -0.6597
vt -0.9640 -0.6000
vt -0.9741 -0.6000
vt -0.6000 0.2808
vt -0.6000 0.2899
vt -0.5428 0.2955
vt -0.5403 0.2866
vt -0.9681 0.2866
vt -0.9634 0.2955
vt -0.9783 0.3167
vt -0.9836 0.3088
vt -0.9836 0.3088
vt -0.9783 0.3167
vt -1.0671 0.4436
vt -1.0764 0.4412
vt -1.0764 0.4412
vt -1.0671 0.4436
vt -1.0820 0.4648
vt -1.0919 0.4634
vt -1.0919 -0.5403
vt -1.0820 -0.5428
vt -1.0859 -0.6000
vt -1.0960 -0.6000
vt -1.0960 -0.6000
vt -1.0859 -0.6000
vt -1.0820 -0.6572
vt -1.0919 -0.6597
vt -1.0919 0.4634
vt -1.0820 0.4648
vt -1.0671 0.4436
vt -1.0764 0.4412
vt -1.0764 0.4412
vt -1.0671 0.4436
vt -0.9783 0.3167
vt -0.9836 0.3088
vt -0.9836 0.3088
vt -0.9783 0.3167
vt -0.9634 0.2955
vt -0.9681 0.2866
vt -0.6597 0.2866
vt -0.6572 0.2955
vt -0.6000 0.2899
vt -0.6000 0.2808
vt -0.6000 0.2899
vt -0.6000 0.3045
vt -0.5515 0.3092
vt -0.5428 0.2955
vt -0.5428 0.2955
vt -0.5515 0.3092
vt -0.5440 0.3272
vt -0.5340 0.3167
vt -0.5340 0.3167
vt -0.5440 0.3272
vt -0.5440 0.4348
vt -0.5340 0.4436
vt -0.5340 0.4436
vt -0.5440 0.4348
vt -0.5515 0.4528
vt -0.5428 0.4648
vt -0.5428 0.4648
vt -0.5515 0.4528
vt -0.6000 0.4576
vt -0.6000 0.4703
vt -0.6000 0.4703
vt -0.6000 0.4576
vt -0.6485 0.4528
vt -0.6572 0.4648
vt -0.6572 0.4648
vt -0.6485 0.4528
vt -0.6560 0.4348
vt -0.6660 0.4436
vt -0.6660 0.4436
vt -0.6560 0.4348
vt -0.6560 0.3272
vt -0.6660 0.3167
vt -0.6660 0.3167
vt -0.6560 0.3272
vt -0.6485 0.3092
vt -0.6572 0.2955
vt -0.6572 0.2955
vt -0.6485 0.3092
vt -0.6000 0.3045
vt -0.6000 0.2899
vt -0.6000 0.3045
vt -0.6000 0.3813
vt -0.6000 0.3813
vt -0.5515 0.3092
vt -0.5515 0.3092
vt -0.6000 0.3813
vt -0.6000 0.3813
vt -0.5440 0.3272
vt -0.5440 0.3272
vt -0.6000 0.3813
vt -0.6000 0.3813
vt -0.5440 0.4348
vt -0.5440 0.4348
vt -0.6000 0.3813
vt -0.6000 0.3813
vt -0.5515 0.4528
vt -0.5515 0.4528
vt -0.6000 0.3813
vt -0.6000 0.3813
vt -0.6000 0.4576
vt -0.6000 0.4576
vt -0.6000 0.3813
vt -0.6000 0.3813
vt -0.6485 0.4528
vt -0.6485 0.4528
vt -0.6000 0.3813
vt -0.6000 0.3813
vt -0.6560 0.4348
vt -0.6560 0.4348
vt -0.6000 0.3813
vt -0.6000 0.3813
vt -0.6560 0.3272
vt -0.6560 0.3272
vt -0.6000 0.3813
vt -0.6000 0.3813
vt -0.6485 0.3092
vt -0.6485 0.3092
vt -0.6000 0.3813
vt -0.6000 0.3813
vt -0.6000 0.3045
f 1315/4289 1325/4290 1326/4291 1316/4292
f 1316/4293 1326/4294 1327/4295 1317/4296
f 1317/4297 1327/4298 1328/4299 1318/4300
f 1318/4301 1328/4302 1329/4303 1319/4304
f 1319/4305 1329/4306 1330/4307 1320/4308
f 1320/4309 1330/4310 1331/4311 1321/4312
f 1321/4313 1331/4314 1332/4315 1322/4316
f 1322/4317 1332/4318 1333/4319 1323/4320
f 1323/4321 1333/4322 1334/4323 1324/4324
f 1324/4325 1334/4326 1325/4327 1315/4328
f 1325/4329 1335/4330 1336/4331 1326/4332
f 1326/4333 1336/4334 1337/4335 1327/4336
f 1327/4337 1337/4338 1338/4339 1328/4340
f 1328/4341 1338/4342 1339/4343 1329/4344
f 1329/4345 1339/4346 1340/4347 1330/4348
f 1330/4349 1340/4350 1341/4351 1331/4352
f 1331/4353 1341/4354 1342/4355 1332/4356
f 1332/4357 1342/4358 1343/4359 1333/4360
f 1333/4361 1343/4362 1344/4363 1334/4364
f 1334/4365 1344/4366 1335/4367 1325/4368
f 1335/4369 1345/4370 1346/4371 1336/4372
f 1336/4373 1346/4374 1347/4375 1337/4376
f 1337/4377 1347/4378 1348/4379 1338/4380
f 1338/4381 1348/4382 1349/4383 1339/4384
f 1339/4385 1349/4386 1350/4387 1340/4388
f 1340/4389 1350/4390 1351/4391 1341/4392
f 1341/4393 1351/4394 1352/4395 1342/4396
f 1342/4397 1352/4398 1353/4399 1343/4400
f 1343/4401 1353/4402 1354/4403 1344/4404
f 1344/4405 1354/4406 1345/4407 1335/4408
f 1345/4409 1355/4410 1356/4411 1346/4412
f 1346/4413 1356/4414 1357/4415 1347/4416
f 1347/4417 1357/4418 1358/4419 1348/4420
f 1348/4421 1358/4422 1359/4423 1349/4424
f 1349/4425 1359/4426 1360/4427 1350/4428
f 1350/4429 1360/4430 1361/4431 1351/4432
f 1351/4433 1361/4434 1362/4435 1352/4436
f 1352/4437 1362/4438 1363/4439 1353/4440
f 1353/4441 1363/4442 1364/4443 1354/4444
f 1354/4445 1364/4446 1355/4447 1345/4448
f 1355/4449 1365/4450 1366/4451 1356/4452
f 1356/4453 1366/4454 1367/4455 1357/4456
f 1357/4457 1367/4458 1368/4459 1358/4460
f 1358/4461 1368/4462 1369/4463 1359/4464
f 1359/4465 1369/4466 1370/4467 1360/4468
f 1360/4469 1370/4470 1371/4471 1361/4472
f 1361/4473 1371/4474 1372/4475 1362/4476
f 1362/4477 1372/4478 1373/4479 1363/4480
f 1363/4481 1373/4482 1374/4483 1364/4484
f 1364/4485 1374/4486 1365/4487 1355/4488
f 1365/4489 1375/4490 1376/4491 1366/4492
f 1366/4493 1376/4494 1377/4495 1367/4496
f 1367/4497 1377/4498 1378/4499 1368/4500
f 1368/4501 1378/4502 1379/4503 1369/4504
f 1369/4505 1379/4506 1380/4507 1370/4508
f 1370/4509 1380/4510 1381/4511 1371/4512
f 1371/4513 1381/4514 1382/4515 1372/4516
f 1372/4517 1382/4518 1383/4519 1373/4520
f 1373/4521 1383/4522 1384/4523 1374/4524
f 1374/4525 1384/4526 1375/4527 1365/4528
o Cockpit_PedalArm_L1
v -0.8550 0.0200 -0.6160
v -0.8636 0.0161 -0.6129
v -0.8689 0.0137 -0.6049
v -0.8689 0.0137 -0.5951
v -0.8636 0.0161 -0.5871
v -0.8550 0.0200 -0.5840
v -0.8464 0.0239 -0.5871
v -0.8411 0.0263 -0.5951
v -0.8411 0.0263 -0.6049
v -0.8464 0.0239 -0.6129
v -0.9950 0.3300 -0.6160
v -1.0036 0.3261 -0.6129
v -1.0089 0.3237 -0.6049
v -1.0089 0.3237 -0.5951
v -1.0036 0.3261 -0.5871
v -0.9950 0.3300 -0.5840
v -0.9864 0.3339 -0.5871
v -0.9811 0.3363 -0.5951
v -0.9811 0.3363 -0.6049
v -0.9864 0.3339 -0.6129
vt -0.8550 0.0200
vt -0.8636 0.0161
vt -1.0036 0.3261
vt -0.9950 0.3300
vt -0.6129 0.0161
vt -0.6049 0.0137
vt -0.6049 0.3237
vt -0.6129 0.3261
vt -0.6049 0.0137
vt -0.5951 0.0137
vt -0.5951 0.3237
vt -0.6049 0.3237
vt -0.5951 0.0137
vt -0.5871 0.0161
vt -0.5871 0.3261
vt -0.5951 0.3237
vt -0.8636 0.0161
vt -0.8550 0.0200
vt -0.9950 0.3300
vt -1.0036 0.3261
vt -0.8550 0.0200
vt -0.8464 0.0239
vt -0.9864 0.3339
vt -0.9950 0.3300
vt -0.5871 0.0239
vt -0.5951 0.0263
vt -0.5951 0.3363
vt -0.5871 0.3339
vt -0.5951 0.0263
vt -0.6049 0.0263
vt -0.6049 0.3363
vt -0.5951 0.3363
vt -0.6049 0.0263
vt -0.6129 0.0239
vt -0.6129 0.3339
vt -0.6049 0.3363
vt -0.8464 0.0239
vt -0.8550 0.0200
vt -0.9950 0.3300
vt -0.9864 0.3339
vt -0.8464 -0.6129
vt -0.8411 -0.6049
vt -0.8411 -0.5951
vt -0.8464 -0.5871
vt -0.8550 -0.5840
vt -0.8636 -0.5871
vt -0.8689 -0.5951
vt -0.8689 -0.6049
vt -0.8636 -0.6129
vt -0.8550 -0.6160
vt -0.9950 -0.6160
vt -1.0036 -0.6129
vt -1.0089 -0.6049
vt -1.0089 -0.5951
vt -1.0036 -0.5871
vt -0.9950 -0.5840
vt -0.9864 -0.5871
vt -0.9811 -0.5951
vt -0.9811 -0.6049
vt -0.9864 -0.6129
f 1385/4529 1386/4530 1396/4531 1395/4532
f 1386/4533 1387/4534 1397/4535 1396/4536
f 1387/4537 1388/4538 1398/4539 1397/4540
f 1388/4541 1389/4542 1399/4543 1398/4544
f 1389/4545 1390/4546 1400/4547 1399/4548
f 1390/4549 1391/4550 1401/4551 1400/4552
f 1391/4553 1392/4554 1402/4555 1401/4556
f 1392/4557 1393/4558 1403/4559 1402/4560
f 1393/4561 1394/4562 1404/4563 1403/4564
f 1394/4565 1385/4566 1395/4567 1404/4568
f 1394/4569 1393/4570 1392/4571 1391/4572 1390/4573 1389/4574 1388/4575 1387/4576 1386/4577 1385/4578
f 1395/4579 1396/4580 1397/4581 1398/4582 1399/4583 1400/4584 1401/4585 1402/4586 1403/4587 1404/4588
o Cockpit_Pedal_L2
v -1.0390 0.3687 -0.3500
v -1.0390 0.3687 -0.3500
v -1.0390 0.3687 -0.3500
v -1.0390 0.3687 -0.3500
v -1.0390 0.3687 -0.3500
v -1.0390 0.3687 -0.3500
v -1.0390 0.3687 -0.3500
v -1.0390 0.3687 -0.3500
v -1.0390 0.3687 -0.3500
v -1.0390 0.3687 -0.3500
v -0.9851 0.2924 -0.3500
v -0.9884 0.2972 -0.3015
v -1.0010 0.3152 -0.2940
v -1.0763 0.4228 -0.2940
v -1.0889 0.4408 -0.3015
v -1.0922 0.4455 -0.3500
v -1.0889 0.4408 -0.3985
v -1.0763 0.4228 -0.4060
v -1.0010 0.3152 -0.4060
v -0.9884 0.2972 -0.3985
v -0.9741 0.2797 -0.3500
v -0.9780 0.2852 -0.2928
v -0.9929 0.3064 -0.2840
v -1.0817 0.4333 -0.2840
v -1.0966 0.4545 -0.2928
v -1.1005 0.4601 -0.3500
v -1.0966 0.4545 -0.4072
v -1.0817 0.4333 -0.4160
v -0.9929 0.3064 -0.4160
v -0.9780 0.2852 -0.4072
v -0.9640 0.2808 -0.3500
v -0.9681 0.2866 -0.2903
v -0.9836 0.3088 -0.2810
v -1.0764 0.4412 -0.2810
v -1.0919 0.4634 -0.2903
v -1.0960 0.4692 -0.3500
v -1.0919 0.4634 -0.4097
v -1.0764 0.4412 -0.4190
v -0.9836 0.3088 -0.4190
v -0.9681 0.2866 -0.4097
v -0.9595 0.2899 -0.3500
v -0.9634 0.2955 -0.2928
v -0.9783 0.3167 -0.2840
v -1.0671 0.4436 -0.2840
v -1.0820 0.4648 -0.2928
v -1.0859 0.4703 -0.3500
v -1.0820 0.4648 -0.4072
v -1.0671 0.4436 -0.4160
v -0.9783 0.3167 -0.4160
v -0.9634 0.2955 -0.4072
v -0.9678 0.3045 -0.3500
v -0.9711 0.3092 -0.3015
v -0.9837 0.3272 -0.2940
v -1.0590 0.4348 -0.2940
v -1.0716 0.4528 -0.3015
v -1.0749 0.4576 -0.3500
v -1.0716 0.4528 -0.3985
v -1.0590 0.4348 -0.4060
v -0.9837 0.3272 -0.4060
v -0.9711 0.3092 -0.3985
v -1.0210 0.3813 -0.3500
v -1.0210 0.3813 -0.3500
v -1.0210 0.3813 -0.3500
v -1.0210 0.3813 -0.3500
v -1.0210 0.3813 -0.3500
v -1.0210 0.3813 -0.3500
v -1.0210 0.3813 -0.3500
v -1.0210 0.3813 -0.3500
v -1.0210 0.3813 -0.3500
v -1.0210 0.3813 -0.3500
vt -0.3500 0.3687
vt -0.3500 0.2924
vt -0.3015 0.2972
vt -0.3500 0.3687
vt -0.3500 0.3687
vt -0.3015 0.2972
vt -0.2940 0.3152
vt -0.3500 0.3687
vt -0.3500 0.3687
vt -0.2940 0.3152
vt -0.2940 0.4228
vt -0.3500 0.3687
vt -0.3500 0.3687
vt -0.2940 0.4228
vt -0.3015 0.4408
vt -0.3500 0.3687
vt -0.3500 0.3687
vt -0.3015 0.4408
vt -0.3500 0.4455
vt -0.3500 0.3687
vt -0.3500 0.3687
vt -0.3500 0.4455
vt -0.3985 0.4408
vt -0.3500 0.3687
vt -0.3500 0.3687
vt -0.3985 0.4408
vt -0.4060 0.4228
vt -0.3500 0.3687
vt -0.3500 0.3687
vt -0.4060 0.4228
vt -0.4060 0.3152
vt -0.3500 0.3687
vt -0.3500 0.3687
vt -0.4060 0.3152
vt -0.3985 0.2972
vt -0.3500 0.3687
vt -0.3500 0.3687
vt -0.3985 0.2972
vt -0.3500 0.2924
vt -0.3500 0.3687
vt -0.3500 0.2924
vt -0.3500 0.2797
vt -0.2928 0.2852
vt -0.3015 0.2972
vt -0.3015 0.2972
vt -0.2928 0.2852
vt -0.2840 0.3064
vt -0.2940 0.3152
vt -0.2940 0.3152
vt -0.2840 0.3064
vt -0.2840 0.4333
vt -0.2940 0.4228
vt -0.2940 0.4228
vt -0.2840 0.4333
vt -0.2928 0.4545
vt -0.3015 0.4408
vt -0.3015 0.4408
vt -0.2928 0.4545
vt -0.3500 0.4601
vt -0.3500 0.4455
vt -0.3500 0.4455
vt -0.3500 0.4601
vt -0.4072 0.4545
vt -0.3985 0.4408
vt -0.3985 0.4408
vt -0.4072 0.4545
vt -0.4160 0.4333
vt -0.4060 0.4228
vt -0.4060 0.4228
vt -0.4160 0.4333
vt -0.4160 0.3064
vt -0.4060 0.3152
vt -0.4060 0.3152
vt -0.4160 0.3064
vt -0.4072 0.2852
vt -0.3985 0.2972
vt -0.3985 0.2972
vt -0.4072 0.2852
vt -0.3500 0.2797
vt -0.3500 0.2924
vt -0.9741 -0.3500
vt -0.9640 -0.3500
vt -0.9681 -0.2903
vt -0.9780 -0.2928
vt -0.9780 0.2852
vt -0.9681 0.2866
vt -0.9836 0.3088
vt -0.9929 0.3064
vt -0.9929 0.3064
vt -0.9836 0.3088
vt -1.0764 0.4412
vt -1.0817 0.4333
vt -1.0817 0.4333
vt -1.0764 0.4412
vt -1.0919 0.4634
vt -1.0966 0.4545
vt -0.2928 0.4545
vt -0.2903 0.4634
vt -0.3500 0.4692
vt -0.3500 0.4601
vt -0.3500 0.4601
vt -0.3500 0.4692
vt -0.4097 0.4634
vt -0.4072 0.4545
vt -1.0966 0.4545
vt -1.0919 0.4634
vt -1.0764 0.4412
vt -1.0817 0.4333
vt -1.0817 0.4333
vt -1.0764 0.4412
vt -0.9836 0.3088
vt -0.9929 0.3064
vt -0.9929 0.3064
vt -0.9836 0.3088
vt -0.9681 0.2866
vt -0.9780 0.2852
vt -0.9780 -0.4072
vt -0.9681 -0.4097
vt -0.9640 -0.3500
vt -0.9741 -0.3500
vt -0.3500 0.2808
vt -0.3500 0.2899
vt -0.2928 0.2955
vt -0.2903 0.2866
vt -0.9681 0.2866
vt -0.9634 0.2955
vt -0.9783 0.3167
vt -0.9836 0.3088
vt -0.9836 0.3088
vt -0.9783 0.3167
vt -1.0671 0.4436
vt -1.0764 0.4412
vt -1.0764 0.4412
vt -1.0671 0.4436
vt -1.0820 0.4648
vt -1.0919 0.4634
vt -1.0919 -0.2903
vt -1.0820 -0.2928
vt -1.0859 -0.3500
vt -1.0960 -0.3500
vt -1.0960 -0.3500
vt -1.0859 -0.3500
vt -1.0820 -0.4072
vt -1.0919 -0.4097
vt -1.0919 0.4634
vt -1.0820 0.4648
vt -1.0671 0.4436
vt -1.0764 0.4412
vt -1.0764 0.4412
vt -1.0671 0.4436
vt -0.9783 0.3167
vt -0.9836 0.3088
vt -0.9836 0.3088
vt -0.9783 0.3167
vt -0.9634 0.2955
vt -0.9681 0.2866
vt -0.4097 0.2866
vt -0.4072 0.2955
vt -0.3500 0.2899
vt -0.3500 0.2808
vt -0.3500 0.2899
vt -0.3500 0.3045
vt -0.3015 0.3092
vt -0.2928 0.2955
vt -0.2928 0.2955
vt -0.3015 0.3092
vt -0.2940 0.3272
vt -0.2840 0.3167
vt -0.2840 0.3167
vt -0.2940 0.3272
vt -0.2940 0.4348
vt -0.2840 0.4436
vt -0.2840 0.4436
vt -0.2940 0.4348
vt -0.3015 0.4528
vt -0.2928 0.4648
vt -0.2928 0.4648
vt -0.3015 0.4528
vt -0.3500 0.4576
vt -0.3500 0.4703
vt -0.3500 0.4703
vt -0.3500 0.4576
vt -0.3985 0.4528
vt -0.4072 0.4648
vt -0.4072 0.4648
vt -0.3985 0.4528
vt -0.4060 0.4348
vt -0.4160 0.4436
vt -0.4160 0.4436
vt -0.4060 0.4348
vt -0.4060 0.3272
vt -0.4160 0.3167
vt -0.4160 0.3167
vt -0.4060 0.3272
vt -0.3985 0.3092
vt -0.4072 0.2955
vt -0.4072 0.2955
vt -0.3985 0.3092
vt -0.3500 0.3045
vt -0.3500 0.2899
vt -0.3500 0.3045
vt -0.3500 0.3813
vt -0.3500 0.3813
vt -0.3015 0.3092
vt -0.3015 0.3092
vt -0.3500 0.3813
vt -0.3500 0.3813
vt -0.2940 0.3272
vt -0.2940 0.3272
vt -0.3500 0.3813
vt -0.3500 0.3813
vt -0.2940 0.4348
vt -0.2940 0.4348
vt -0.3500 0.3813
vt -0.3500 0.3813
vt -0.3015 0.4528
vt -0.3015 0.4528
vt -0.3500 0.3813
vt -0.3500 0.3813
vt -0.3500 0.4576
vt -0.3500 0.4576
vt -0.3500 0.3813
vt -0.3500 0.3813
vt -0.3985 0.4528
vt -0.3985 0.4528
vt -0.3500 0.3813
vt -0.3500 0.3813
vt -0.4060 0.4348
vt -0.4060 0.4348
vt -0.3500 0.3813
vt -0.3500 0.3813
vt -0.4060 0.3272
vt -0.4060 0.3272
vt -0.3500 0.3813
vt -0.3500 0.3813
vt -0.3985 0.3092
vt -0.3985 0.3092
vt -0.3500 0.3813
vt -0.3500 0.3813
vt -0.3500 0.3045
f 1405/4589 1415/4590 1416/4591 1406/4592
f 1406/4593 1416/4594 1417/4595 1407/4596
f 1407/4597 1417/4598 1418/4599 1408/4600
f 1408/4601 1418/4602 1419/4603 1409/4604
f 1409/4605 1419/4606 1420/4607 1410/4608
f 1410/4609 1420/4610 1421/4611 1411/4612
f 1411/4613 1421/4614 1422/4615 1412/4616
f 1412/4617 1422/4618 1423/4619 1413/4620
f 1413/4621 1423/4622 1424/4623 1414/4624
f 1414/4625 1424/4626 1415/4627 1405/4628
f 1415/4629 1425/4630 1426/4631 1416/4632
f 1416/4633 1426/4634 1427/4635 1417/4636
f 1417/4637 1427/4638 1428/4639 1418/4640
f 1418/4641 1428/4642 1429/4643 1419/4644
f 1419/4645 1429/4646 1430/4647 1420/4648
f 1420/4649 1430/4650 1431/4651 1421/4652
f 1421/4653 1431/4654 1432/4655 1422/4656
f 1422/4657 1432/4658 1433/4659 1423/4660
f 1423/4661 1433/4662 1434/4663 1424/4664
f 1424/4665 1434/4666 1425/4667 1415/4668
f 1425/4669 1435/4670 1436/4671 1426/4672
f 1426/4673 1436/4674 1437/4675 1427/4676
f 1427/4677 1437/4678 1438/4679 1428/4680
f 1428/4681 1438/4682 1439/4683 1429/4684
f 1429/4685 1439/4686 1440/4687 1430/4688
f 1430/4689 1440/4690 1441/4691 1431/4692
f 1431/4693 1441/4694 1442/4695 1432/4696
f 1432/4697 1442/4698 1443/4699 1433/4700
f 1433/4701 1443/4702 1444/4703 1434/4704
f 1434/4705 1444/4706 1435/4707 1425/4708
f 1435/4709 1445/4710 1446/4711 1436/4712
f 1436/4713 1446/4714 1447/4715 1437/4716
f 1437/4717 1447/4718 1448/4719 1438/4720
f 1438/4721 1448/4722 1449/4723 1439/4724
f 1439/4725 1449/4726 1450/4727 1440/4728
f 1440/4729 1450/4730 1451/4731 1441/4732
f 1441/4733 1451/4734 1452/4735 1442/4736
f 1442/4737 1452/4738 1453/4739 1443/4740
f 1443/4741 1453/4742 1454/4743 1444/4744
f 1444/4745 1454/4746 1445/4747 1435/4748
f 1445/4749 1455/4750 1456/4751 1446/4752
f 1446/4753 1456/4754 1457/4755 1447/4756
f 1447/4757 1457/4758 1458/4759 1448/4760
f 1448/4761 1458/4762 1459/4763 1449/4764
f 1449/4765 1459/4766 1460/4767 1450/4768
f 1450/4769 1460/4770 1461/4771 1451/4772
f 1451/4773 1461/4774 1462/4775 1452/4776
f 1452/4777 1462/4778 1463/4779 1453/4780
f 1453/4781 1463/4782 1464/4783 1454/4784
f 1454/4785 1464/4786 1455/4787 1445/4788
f 1455/4789 1465/4790 1466/4791 1456/4792
f 1456/4793 1466/4794 1467/4795 1457/4796
f 1457/4797 1467/4798 1468/4799 1458/4800
f 1458/4801 1468/4802 1469/4803 1459/4804
f 1459/4805 1469/4806 1470/4807 1460/4808
f 1460/4809 1470/4810 1471/4811 1461/4812
f 1461/4813 1471/4814 1472/4815 1462/4816
f 1462/4817 1472/4818 1473/4819 1463/4820
f 1463/4821 1473/4822 1474/4823 1464/4824
f 1464/4825 1474/4826 1465/4827 1455/4828
o Cockpit_PedalArm_L2
v -0.8550 0.0200 -0.3660
v -0.8636 0.0161 -0.3629
v -0.8689 0.0137 -0.3549
v -0.8689 0.0137 -0.3451
v -0.8636 0.0161 -0.3371
v -0.8550 0.0200 -0.3340
v -0.8464 0.0239 -0.3371
v -0.8411 0.0263 -0.3451
v -0.8411 0.0263 -0.3549
v -0.8464 0.0239 -0.3629
v -0.9950 0.3300 -0.3660
v -1.0036 0.3261 -0.3629
v -1.0089 0.3237 -0.3549
v -1.0089 0.3237 -0.3451
v -1.0036 0.3261 -0.3371
v -0.9950 0.3300 -0.3340
v -0.9864 0.3339 -0.3371
v -0.9811 0.3363 -0.3451
v -0.9811 0.3363 -0.3549
v -0.9864 0.3339 -0.3629
vt -0.8550 0.0200
vt -0.8636 0.0161
vt -1.0036 0.3261
vt -0.9950 0.3300
vt -0.3629 0.0161
vt -0.3549 0.0137
vt -0.3549 0.3237
vt -0.3629 0.3261
vt -0.3549 0.0137
vt -0.3451 0.0137
vt -0.3451 0.3237
vt -0.3549 0.3237
vt -0.3451 0.0137
vt -0.3371 0.0161
vt -0.3371 0.3261
vt -0.3451 0.3237
vt -0.8636 0.0161
vt -0.8550 0.0200
vt -0.9950 0.3300
vt -1.0036 0.3261
vt -0.8550 0.0200
vt -0.8464 0.0239
vt -0.9864 0.3339
vt -0.9950 0.3300
vt -0.3371 0.0239
vt -0.3451 0.0263
vt -0.3451 0.3363
vt -0.3371 0.3339
vt -0.3451 0.0263
vt -0.3549 0.0263
vt -0.3549 0.3363
vt -0.3451 0.3363
vt -0.3549 0.0263
vt -0.3629 0.0239
vt -0.3629 0.3339
vt -0.3549 0.3363
vt -0.8464 0.0239
vt -0.8550 0.0200
vt -0.9950 0.3300
vt -0.9864 0.3339
vt -0.8464 -0.3629
vt -0.8411 -0.3549
vt -0.8411 -0.3451
vt -0.8464 -0.3371
vt -0.8550 -0.3340
vt -0.8636 -0.3371
vt -0.8689 -0.3451
vt -0.8689 -0.3549
vt -0.8636 -0.3629
vt -0.8550 -0.3660
vt -0.9950 -0.3660
vt -1.0036 -0.3629
vt -1.0089 -0.3549
vt -1.0089 -0.3451
vt -1.0036 -0.3371
vt -0.9950 -0.3340
vt -0.9864 -0.3371
vt -0.9811 -0.3451
vt -0.9811 -0.3549
vt -0.9864 -0.3629
f 1475/4829 1476/4830 1486/4831 1485/4832
f 1476/4833 1477/4834 1487/4835 1486/4836
f 1477/4837 1478/4838 1488/4839 1487/4840
f 1478/4841 1479/4842 1489/4843 1488/4844
f 1479/4845 1480/4846 1490/4847 1489/4848
f 1480/4849 1481/4850 1491/4851 1490/4852
f 1481/4853 1482/4854 1492/4855 1491/4856
f 1482/4857 1483/4858 1493/4859 1492/4860
f 1483/4861 1484/4862 1494/4863 1493/4864
f 1484/4865 1475/4866 1485/4867 1494/4868
f 1484/4869 1483/4870 1482/4871 1481/4872 1480/4873 1479/4874 1478/4875 1477/4876 1476/4877 1475/4878
f 1485/4879 1486/4880 1487/4881 1488/4882 1489/4883 1490/4884 1491/4885 1492/4886 1493/4887 1494/4888
o Cockpit_Pedal_R1
v -1.0390 0.3687 0.3500
v -1.0390 0.3687 0.3500
v -1.0390 0.3687 0.3500
v -1.0390 0.3687 0.3500
v -1.0390 0.3687 0.3500
v -1.0390 0.3687 0.3500
v -1.0390 0.3687 0.3500
v -1.0390 0.3687 0.3500
v -1.0390 0.3687 0.3500
v -1.0390 0.3687 0.3500
v -0.9851 0.2924 0.3500
v -0.9884 0.2972 0.3985
v -1.0010 0.3152 0.4060
v -1.0763 0.4228 0.4060
v -1.0889 0.4408 0.3985
v -1.0922 0.4455 0.3500
v -1.0889 0.4408 0.3015
v -1.0763 0.4228 0.2940
v -1.0010 0.3152 0.2940
v -0.9884 0.2972 0.3015
v -0.9741 0.2797 0.3500
v -0.9780 0.2852 0.4072
v -0.9929 0.3064 0.4160
v -1.0817 0.4333 0.4160
v -1.0966 0.4545 0.4072
v -1.1005 0.4601 0.3500
v -1.0966 0.4545 0.2928
v -1.0817 0.4333 0.2840
v -0.9929 0.3064 0.2840
v -0.9780 0.2852 0.2928
v -0.9640 0.2808 0.3500
v -0.9681 0.2866 0.4097
v -0.9836 0.3088 0.4190
v -1.0764 0.4412 0.4190
v -1.0919 0.4634 0.4097
v -1.0960 0.4692 0.3500
v -1.0919 0.4634 0.2903
v -1.0764 0.4412 0.2810
v -0.9836 0.3088 0.2810
v -0.9681 0.2866 0.2903
v -0.9595 0.2899 0.3500
v -0.9634 0.2955 0.4072
v -0.9783 0.3167 0.4160
v -1.0671 0.4436 0.4160
v -1.0820 0.4648 0.4072
v -1.0859 0.4703 0.3500
v -1.0820 0.4648 0.2928
v -1.0671 0.4436 0.2840
v -0.9783 0.3167 0.2840
v -0.9634 0.2955 0.2928
v -0.9678 0.3045 0.3500
v -0.9711 0.3092 0.3985
v -0.9837 0.3272 0.4060
v -1.0590 0.4348 0.4060
v -1.0716 0.4528 0.3985
v -1.0749 0.4576 0.3500
v -1.0716 0.4528 0.3015
v -1.0590 0.4348 0.2940
v -0.9837 0.3272 0.2940
v -0.9711 0.3092 0.3015
v -1.0210 0.3813 0.3500
v -1.0210 0.3813 0.3500
v -1.0210 0.3813 0.3500
v -1.0210 0.3813 0.3500
v -1.0210 0.3813 0.3500
v -1.0210 0.3813 0.3500
v -1.0210 0.3813 0.3500
v -1.0210 0.3813 0.3500
v -1.0210 0.3813 0.3500
v -1.0210 0.3813 0.3500
vt 0.3500 0.3687
vt 0.3500 0.2924
vt 0.3985 0.2972
vt 0.3500 0.3687
vt 0.3500 0.3687
vt 0.3985 0.2972
vt 0.4060 0.3152
vt 0.3500 0.3687
vt 0.3500 0.3687
vt 0.4060 0.3152
vt 0.4060 0.4228
vt 0.3500 0.3687
vt 0.3500 0.3687
vt 0.4060 0.4228
vt 0.3985 0.4408
vt 0.3500 0.3687
vt 0.3500 0.3687
vt 0.3985 0.4408
vt 0.3500 0.4455
vt 0.3500 0.3687
vt 0.3500 0.3687
vt 0.3500 0.4455
vt 0.3015 0.4408
vt 0.3500 0.3687
vt 0.3500 0.3687
vt 0.3015 0.4408
vt 0.2940 0.4228
vt 0.3500 0.3687
vt 0.3500 0.3687
vt 0.2940 0.4228
vt 0.2940 0.3152
vt 0.3500 0.3687
vt 0.3500 0.3687
vt 0.2940 0.3152
vt 0.3015 0.2972
vt 0.3500 0.3687
vt 0.3500 0.3687
vt 0.3015 0.2972
vt 0.3500 0.2924
vt 0.3500 0.3687
vt 0.3500 0.2924
vt 0.3500 0.2797
vt 0.4072 0.2852
vt 0.3985 0.2972
vt 0.3985 0.2972
vt 0.4072 0.2852
vt 0.4160 0.3064
vt 0.4060 0.3152
vt 0.4060 0.3152
vt 0.4160 0.3064
vt 0.4160 0.4333
vt 0.4060 0.4228
vt 0.4060 0.4228
vt 0.4160 0.4333
vt 0.4072 0.4545
vt 0.3985 0.4408
vt 0.3985 0.4408
vt 0.4072 0.4545
vt 0.3500 0.4601
vt 0.3500 0.4455
vt 0.3500 0.4455
vt 0.3500 0.4601
vt 0.2928 0.4545
vt 0.3015 0.4408
vt 0.3015 0.4408
vt 0.2928 0.4545
vt 0.2840 0.4333
vt 0.2940 0.4228
vt 0.2940 0.4228
vt 0.2840 0.4333
vt 0.2840 0.3064
vt 0.2940 0.3152
vt 0.2940 0.3152
vt 0.2840 0.3064
vt 0.2928 0.2852
vt 0.3015 0.2972
vt 0.3015 0.2972
vt 0.2928 0.2852
vt 0.3500 0.2797
vt 0.3500 0.2924
vt -0.9741 0.3500
vt -0.9640 0.3500
vt -0.9681 0.4097
vt -0.9780 0.4072
vt -0.9780 0.2852
vt -0.9681 0.2866
vt -0.9836 0.3088
vt -0.9929 0.3064
vt -0.9929 0.3064
vt -0.9836 0.3088
vt -1.0764 0.4412
vt -1.0817 0.4333
vt -1.0817 0.4333
vt -1.0764 0.4412
vt -1.0919 0.4634
vt -1.0966 0.4545
vt 0.4072 0.4545
vt 0.4097 0.4634
vt 0.3500 0.4692
vt 0.3500 0.4601
vt 0.3500 0.4601
vt 0.3500 0.4692
vt 0.2903 0.4634
vt 0.2928 0.4545
vt -1.0966 0.4545
vt -1.0919 0.4634
vt -1.0764 0.4412
vt -1.0817 0.4333
vt -1.0817 0.4333
vt -1.0764 0.4412
vt -0.9836 0.3088
vt -0.9929 0.3064
vt -0.9929 0.3064
vt -0.9836 0.3088
vt -0.9681 0.2866
vt -0.9780 0.2852
vt -0.9780 0.2928
vt -0.9681 0.2903
vt -0.9640 0.3500
vt -0.9741 0.3500
vt 0.3500 0.2808
vt 0.3500 0.2899
vt 0.4072 0.2955
vt 0.4097 0.2866
vt -0.9681 0.2866
vt -0.9634 0.2955
vt -0.9783 0.3167
vt -0.9836 0.3088
vt -0.9836 0.3088
vt -0.9783 0.3167
vt -1.0671 0.4436
vt -1.0764 0.4412
vt -1.0764 0.4412
vt -1.0671 0.4436
vt -1.0820 0.4648
vt -1.0919 0.4634
vt -1.0919 0.4097
vt -1.0820 0.4072
vt -1.0859 0.3500
vt -1.0960 0.3500
vt -1.0960 0.3500
vt -1.0859 0.3500
vt -1.0820 0.2928
vt -1.0919 0.2903
vt -1.0919 0.4634
vt -1.0820 0.4648
vt -1.0671 0.4436
vt -1.0764 0.4412
vt -1.0764 0.4412
vt -1.0671 0.4436
vt -0.9783 0.3167
vt -0.9836 0.3088
vt -0.9836 0.3088
vt -0.9783 0.3167
vt -0.9634 0.2955
vt -0.9681 0.2866
vt 0.2903 0.2866
vt 0.2928 0.2955
vt 0.3500 0.2899
vt 0.3500 0.2808
vt 0.3500 0.2899
vt 0.3500 0.3045
vt 0.3985 0.3092
vt 0.4072 0.2955
vt 0.4072 0.2955
vt 0.3985 0.3092
vt 0.4060 0.3272
vt 0.4160 0.3167
vt 0.4160 0.3167
vt 0.4060 0.3272
vt 0.4060 0.4348
vt 0.4160 0.4436
vt 0.4160 0.4436
vt 0.4060 0.4348
vt 0.3985 0.4528
vt 0.4072 0.4648
vt 0.4072 0.4648
vt 0.3985 0.4528
vt 0.3500 0.4576
vt 0.3500 0.4703
vt 0.3500 0.4703
vt 0.3500 0.4576
vt 0.3015 0.4528
vt 0.2928 0.4648
vt 0.2928 0.4648
vt 0.3015 0.4528
vt 0.2940 0.4348
vt 0.2840 0.4436
vt 0.2840 0.4436
vt 0.2940 0.4348
vt 0.2940 0.3272
vt 0.2840 0.3167
vt 0.2840 0.3167
vt 0.2940 0.3272
vt 0.3015 0.3092
vt 0.2928 0.2955
vt 0.2928 0.2955
vt 0.3015 0.3092
vt 0.3500 0.3045
vt 0.3500 0.2899
vt 0.3500 0.3045
vt 0.3500 0.3813
vt 0.3500 0.3813
vt 0.3985 0.3092
vt 0.3985 0.3092
vt 0.3500 0.3813
vt 0.3500 0.3813
vt 0.4060 0.3272
vt 0.4060 0.3272
vt 0.3500 0.3813
vt 0.3500 0.3813
vt 0.4060 0.4348
vt 0.4060 0.4348
vt 0.3500 0.3813
vt 0.3500 0.3813
vt 0.3985 0.4528
vt 0.3985 0.4528
vt 0.3500 0.3813
vt 0.3500 0.3813
vt 0.3500 0.4576
vt 0.3500 0.4576
vt 0.3500 0.3813
vt 0.3500 0.3813
vt 0.3015 0.4528
vt 0.3015 0.4528
vt 0.3500 0.3813
vt 0.3500 0.3813
vt 0.2940 0.4348
vt 0.2940 0.4348
vt 0.3500 0.3813
vt 0.3500 0.3813
vt 0.2940 0.3272
vt 0.2940 0.3272
vt 0.3500 0.3813
vt 0.3500 0.3813
vt 0.3015 0.3092
vt 0.3015 0.3092
vt 0.3500 0.3813
vt 0.3500 0.3813
vt 0.3500 0.3045
f 1495/4889 1505/4890 1506/4891 1496/4892
f 1496/4893 1506/4894 1507/4895 1497/4896
f 1497/4897 1507/4898 1508/4899 1498/4900
f 1498/4901 1508/4902 1509/4903 1499/4904
f 1499/4905 1509/4906 1510/4907 1500/4908
f 1500/4909 1510/4910 1511/4911 1501/4912
f 1501/4913 1511/4914 1512/4915 1502/4916
f 1502/4917 1512/4918 1513/4919 1503/4920
f 1503/4921 1513/4922 1514/4923 1504/4924
f 1504/4925 1514/4926 1505/4927 1495/4928
f 1505/4929 1515/4930 1516/4931 1506/4932
f 1506/4933 1516/4934 1517/4935 1507/4936
f 1507/4937 1517/4938 1518/4939 1508/4940
f 1508/4941 1518/4942 1519/4943 1509/4944
f 1509/4945 1519/4946 1520/4947 1510/4948
f 1510/4949 1520/4950 1521/4951 1511/4952
f 1511/4953 1521/4954 1522/4955 1512/4956
f 1512/4957 1522/4958 1523/4959 1513/4960
f 1513/4961 1523/4962 1524/4963 1514/4964
f 1514/4965 1524/4966 1515/4967 1505/4968
f 1515/4969 1525/4970 1526/4971 1516/4972
f 1516/4973 1526/4974 1527/4975 1517/4976
f 1517/4977 1527/4978 1528/4979 1518/4980
f 1518/4981 1528/4982 1529/4983 1519/4984
f 1519/4985 1529/4986 1530/4987 1520/4988
f 1520/4989 1530/4990 1531/4991 1521/4992
f 1521/4993 1531/4994 1532/4995 1522/4996
f 1522/4997 1532/4998 1533/4999 1523/5000
f 1523/5001 1533/5002 1534/5003 1524/5004
f 1524/5005 1534/5006 1525/5007 1515/5008
f 1525/5009 1535/5010 1536/5011 1526/5012
f 1526/5013 1536/5014 1537/5015 1527/5016
f 1527/5017 1537/5018 1538/5019 1528/5020
f 1528/5021 1538/5022 1539/5023 1529/5024
f 1529/5025 1539/5026 1540/5027 1530/5028
f 1530/5029 1540/5030 1541/5031 1531/5032
f 1531/5033 1541/5034 1542/5035 1532/5036
f 1532/5037 1542/5038 1543/5039 1533/5040
f 1533/5041 1543/5042 1544/5043 1534/5044
f 1534/5045 1544/5046 1535/5047 1525/5048
f 1535/5049 1545/5050 1546/5051 1536/5052
f 1536/5053 1546/5054 1547/5055 1537/5056
f 1537/5057 1547/5058 1548/5059 1538/5060
f 1538/5061 1548/5062 1549/5063 1539/5064
f 1539/5065 1549/5066 1550/5067 1540/5068
f 1540/5069 1550/5070 1551/5071 1541/5072
f 1541/5073 1551/5074 1552/5075 1542/5076
f 1542/5077 1552/5078 1553/5079 1543/5080
f 1543/5081 1553/5082 1554/5083 1544/5084
f 1544/5085 1554/5086 1545/5087 1535/5088
f 1545/5089 1555/5090 1556/5091 1546/5092
f 1546/5093 1556/5094 1557/5095 1547/5096
f 1547/5097 1557/5098 1558/5099 1548/5100
f 1548/5101 1558/5102 1559/5103 1549/5104
f 1549/5105 1559/5106 1560/5107 1550/5108
f 1550/5109 1560/5110 1561/5111 1551/5112
f 1551/5113 1561/5114 1562/5115 1552/5116
f 1552/5117 1562/5118 1563/5119 1553/5120
f 1553/5121 1563/5122 1564/5123 1554/5124
f 1554/5125 1564/5126 1555/5127 1545/5128
o Cockpit_PedalArm_R1
v -0.8550 0.0200 0.3340
v -0.8636 0.0161 0.3371
v -0.8689 0.0137 0.3451
v -0.8689 0.0137 0.3549
v -0.8636 0.0161 0.3629
v -0.8550 0.0200 0.3660
v -0.8464 0.0239 0.3629
v -0.8411 0.0263 0.3549
v -0.8411 0.0263 0.3451
v -0.8464 0.0239 0.3371
v -0.9950 0.3300 0.3340
v -1.0036 0.3261 0.3371
v -1.0089 0.3237 0.3451
v -1.0089 0.3237 0.3549
v -1.0036 0.3261 0.3629
v -0.9950 0.3300 0.3660
v -0.9864 0.3339 0.3629
v -0.9811 0.3363 0.3549
v -0.9811 0.3363 0.3451
v -0.9864 0.3339 0.3371
vt -0.8550 0.0200
vt -0.8636 0.0161
vt -1.0036 0.3261
vt -0.9950 0.3300
vt 0.3371 0.0161
vt 0.3451 0.0137
vt 0.3451 0.3237
vt 0.3371 0.3261
vt 0.3451 0.0137
vt 0.3549 0.0137
vt 0.3549 0.3237
vt 0.3451 0.3237
vt 0.3549 0.0137
vt 0.3629 0.0161
vt 0.3629 0.3261
vt 0.3549 0.3237
vt -0.8636 0.0161
vt -0.8550 0.0200
vt -0.9950 0.3300
vt -1.0036 0.3261
vt -0.8550 0.0200
vt -0.8464 0.0239
vt -0.9864 0.3339
vt -0.9950 0.3300
vt 0.3629 0.0239
vt 0.3549 0.0263
vt 0.3549 0.3363
vt 0.3629 0.3339
vt 0.3549 0.0263
vt 0.3451 0.0263
vt 0.3451 0.3363
vt 0.3549 0.3363
vt 0.3451 0.0263
vt 0.3371 0.0239
vt 0.3371 0.3339
vt 0.3451 0.3363
vt -0.8464 0.0239
vt -0.8550 0.0200
vt -0.9950 0.3300
vt -0.9864 0.3339
vt -0.8464 0.3371
vt -0.8411 0.3451
vt -0.8411 0.3549
vt -0.8464 0.3629
vt -0.8550 0.3660
vt -0.8636 0.3629
vt -0.8689 0.3549
vt -0.8689 0.3451
vt -0.8636 0.3371
vt -0.8550 0.3340
vt -0.9950 0.3340
vt -1.0036 0.3371
vt -1.0089 0.3451
vt -1.0089 0.3549
vt -1.0036 0.3629
vt -0.9950 0.3660
vt -0.9864 0.3629
vt -0.9811 0.3549
vt -0.9811 0.3451
vt -0.9864 0.3371
f 1565/5129 1566/5130 1576/5131 1575/5132
f 1566/5133 1567/5134 1577/5135 1576/5136
f 1567/5137 1568/5138 1578/5139 1577/5140
f 1568/5141 1569/5142 1579/5143 1578/5144
f 1569/5145 1570/5146 1580/5147 1579/5148
f 1570/5149 1571/5150 1581/5151 1580/5152
f 1571/5153 1572/5154 1582/5155 1581/5156
f 1572/5157 1573/5158 1583/5159 1582/5160
f 1573/5161 1574/5162 1584/5163 1583/5164
f 1574/5165 1565/5166 1575/5167 1584/5168
f 1574/5169 1573/5170 1572/5171 1571/5172 1570/5173 1569/5174 1568/5175 1567/5176 1566/5177 1565/5178
f 1575/5179 1576/5180 1577/5181 1578/5182 1579/5183 1580/5184 1581/5185 1582/5186 1583/5187 1584/5188
o Cockpit_Step
v -0.2800 0.2500 -1.0366
v -0.3157 0.2500 -1.0319
v -0.3157 0.2500 1.0319
v -0.2800 0.2500 1.0366
v -0.3157 0.2500 -1.0319
v -0.3514 0.2500 -1.0271
v -0.3514 0.2500 1.0271
v -0.3157 0.2500 1.0319
v -0.3514 0.2500 -1.0271
v -0.3871 0.2500 -1.0223
v -0.3871 0.2500 1.0223
v -0.3514 0.2500 1.0271
v -0.3871 0.2500 -1.0223
v -0.4229 0.2500 -1.0177
v -0.4229 0.2500 1.0177
v -0.3871 0.2500 1.0223
v -0.4229 0.2500 -1.0177
v -0.4586 0.2500 -1.0133
v -0.4586 0.2500 1.0133
v -0.4229 0.2500 1.0177
v -0.4586 0.2500 -1.0133
v -0.4943 0.2500 -1.0089
v -0.4943 0.2500 1.0089
v -0.4586 0.2500 1.0133
v -0.4943 0.2500 -1.0089
v -0.5300 0.2500 -1.0044
v -0.5300 0.2500 1.0044
v -0.4943 0.2500 1.0089
v -0.5300 0.2500 -1.0044
v -0.5657 0.2500 -1.0000
v -0.5657 0.2500 1.0000
v -0.5300 0.2500 1.0044
v -0.5657 0.2500 -1.0000
v -0.6014 0.2500 -0.9956
v -0.6014 0.2500 0.9956
v -0.5657 0.2500 1.0000
v -0.6014 0.2500 -0.9956
v -0.6371 0.2500 -0.9904
v -0.6371 0.2500 0.9904
v -0.6014 0.2500 0.9956
v -0.6371 0.2500 -0.9904
v -0.6729 0.2500 -0.9853
v -0.6729 0.2500 0.9853
v -0.6371 0.2500 0.9904
v -0.6729 0.2500 -0.9853
v -0.7086 0.2500 -0.9802
v -0.7086 0.2500 0.9802
v -0.6729 0.2500 0.9853
v -0.7086 0.2500 -0.9802
v -0.7443 0.2500 -0.9751
v -0.7443 0.2500 0.9751
v -0.7086 0.2500 0.9802
v -0.7443 0.2500 -0.9751
v -0.7800 0.2500 -0.9700
v -0.7800 0.2500 0.9700
v -0.7443 0.2500 0.9751
v -0.7800 0.2500 -0.9700
v -0.8157 0.2500 -0.9641
v -0.8157 0.2500 0.9641
v -0.7800 0.2500 0.9700
v -0.8157 0.2500 -0.9641
v -0.8514 0.2500 -0.9572
v -0.8514 0.2500 0.9572
v -0.8157 0.2500 0.9641
v -0.8514 0.2500 -0.9572
v -0.8871 0.2500 -0.9504
v -0.8871 0.2500 0.9504
v -0.8514 0.2500 0.9572
v -0.8871 0.2500 -0.9504
v -0.9229 0.2500 -0.9435
v -0.9229 0.2500 0.9435
v -0.8871 0.2500 0.9504
v -0.9229 0.2500 -0.9435
v -0.9586 0.2500 -0.9367
v -0.9586 0.2500 0.9367
v -0.9229 0.2500 0.9435
v -0.9586 0.2500 -0.9367
v -0.9943 0.2500 -0.9298
v -0.9943 0.2500 0.9298
v -0.9586 0.2500 0.9367
v -0.9943 0.2500 -0.9298
v -1.0300 0.2500 -0.9230
v -1.0300 0.2500 0.9230
v -0.9943 0.2500 0.9298
v -1.0300 0.2500 -0.9230
v -1.0657 0.2500 -0.9162
v -1.0657 0.2500 0.9162
v -1.0300 0.2500 0.9230
v -1.0657 0.2500 -0.9162
v -1.1014 0.2500 -0.9093
v -1.1014 0.2500 0.9093
v -1.0657 0.2500 0.9162
v -1.1014 0.2500 -0.9093
v -1.1371 0.2500 -0.9025
v -1.1371 0.2500 0.9025
v -1.1014 0.2500 0.9093
v -1.1371 0.2500 -0.9025
v -1.1729 0.2500 -0.8990
v -1.1729 0.2500 0.8990
v -1.1371 0.2500 0.9025
v -1.1729 0.2500 -0.8990
v -1.2086 0.2500 -0.8975
v -1.2086 0.2500 0.8975
v -1.1729 0.2500 0.8990
v -1.2086 0.2500 -0.8975
v -1.2443 0.2500 -0.8959
v -1.2443 0.2500 0.8959
v -1.2086 0.2500 0.8975
v -1.2443 0.2500 -0.8959
v -1.2800 0.2500 -0.8944
v -1.2800 0.2500 0.8944
v -1.2443 0.2500 0.8959
vt -0.2800 -1.0366
vt -0.3157 -1.0319
vt -0.3157 1.0319
vt -0.2800 1.0366
vt -0.3157 -1.0319
vt -0.3514 -1.0271
vt -0.3514 1.0271
vt -0.3157 1.0319
vt -0.3514 -1.0271
vt -0.3871 -1.0223
vt -0.3871 1.0223
vt -0.3514 1.0271
vt -0.3871 -1.0223
vt -0.4229 -1.0177
vt -0.4229 1.0177
vt -0.3871 1.0223
vt -0.4229 -1.0177
vt -0.4586 -1.0133
vt -0.4586 1.0133
vt -0.4229 1.0177
vt -0.4586 -1.0133
vt -0.4943 -1.0089
vt -0.4943 1.0089
vt -0.4586 1.0133
vt -0.4943 -1.0089
vt -0.5300 -1.0044
vt -0.5300 1.0044
vt -0.4943 1.0089
vt -0.5300 -1.0044
vt -0.5657 -1.0000
vt -0.5657 1.0000
vt -0.5300 1.0044
vt -0.5657 -1.0000
vt -0.6014 -0.9956
vt -0.6014 0.9956
vt -0.5657 1.0000
vt -0.6014 -0.9956
vt -0.6371 -0.9904
vt -0.6371 0.9904
vt -0.6014 0.9956
vt -0.6371 -0.9904
vt -0.6729 -0.9853
vt -0.6729 0.9853
vt -0.6371 0.9904
vt -0.6729 -0.9853
vt -0.7086 -0.9802
vt -0.7086 0.9802
vt -0.6729 0.9853
vt -0.7086 -0.9802
vt -0.7443 -0.9751
vt -0.7443 0.9751
vt -0.7086 0.9802
vt -0.7443 -0.9751
vt -0.7800 -0.9700
vt -0.7800 0.9700
vt -0.7443 0.9751
vt -0.7800 -0.9700
vt -0.8157 -0.9641
vt -0.8157 0.9641
vt -0.7800 0.9700
vt -0.8157 -0.9641
vt -0.8514 -0.9572
vt -0.8514 0.9572
vt -0.8157 0.9641
vt -0.8514 -0.9572
vt -0.8871 -0.9504
vt -0.8871 0.9504
vt -0.8514 0.9572
vt -0.8871 -0.9504
vt -0.9229 -0.9435
vt -0.9229 0.9435
vt -0.8871 0.9504
vt -0.9229 -0.9435
vt -0.9586 -0.9367
vt -0.9586 0.9367
vt -0.9229 0.9435
vt -0.9586 -0.9367
vt -0.9943 -0.9298
vt -0.9943 0.9298
vt -0.9586 0.9367
vt -0.9943 -0.9298
vt -1.0300 -0.9230
vt -1.0300 0.9230
vt -0.9943 0.9298
vt -1.0300 -0.9230
vt -1.0657 -0.9162
vt -1.0657 0.9162
vt -1.0300 0.9230
vt -1.0657 -0.9162
vt -1.1014 -0.9093
vt -1.1014 0.9093
vt -1.0657 0.9162
vt -1.1014 -0.9093
vt -1.1371 -0.9025
vt -1.1371 0.9025
vt -1.1014 0.9093
vt -1.1371 -0.9025
vt -1.1729 -0.8990
vt -1.1729 0.8990
vt -1.1371 0.9025
vt -1.1729 -0.8990
vt -1.2086 -0.8975
vt -1.2086 0.8975
vt -1.1729 0.8990
vt -1.2086 -0.8975
vt -1.2443 -0.8959
vt -1.2443 0.8959
vt -1.2086 0.8975
vt -1.2443 -0.8959
vt -1.2800 -0.8944
vt -1.2800 0.8944
vt -1.2443 0.8959
f 1585/5189 1586/5190 1587/5191 1588/5192
f 1589/5193 1590/5194 1591/5195 1592/5196
f 1593/5197 1594/5198 1595/5199 1596/5200
f 1597/5201 1598/5202 1599/5203 1600/5204
f 1601/5205 1602/5206 1603/5207 1604/5208
f 1605/5209 1606/5210 1607/5211 1608/5212
f 1609/5213 1610/5214 1611/5215 1612/5216
f 1613/5217 1614/5218 1615/5219 1616/5220
f 1617/5221 1618/5222 1619/5223 1620/5224
f 1621/5225 1622/5226 1623/5227 1624/5228
f 1625/5229 1626/5230 1627/5231 1628/5232
f 1629/5233 1630/5234 1631/5235 1632/5236
f 1633/5237 1634/5238 1635/5239 1636/5240
f 1637/5241 1638/5242 1639/5243 1640/5244
f 1641/5245 1642/5246 1643/5247 1644/5248
f 1645/5249 1646/5250 1647/5251 1648/5252
f 1649/5253 1650/5254 1651/5255 1652/5256
f 1653/5257 1654/5258 1655/5259 1656/5260
f 1657/5261 1658/5262 1659/5263 1660/5264
f 1661/5265 1662/5266 1663/5267 1664/5268
f 1665/5269 1666/5270 1667/5271 1668/5272
f 1669/5273 1670/5274 1671/5275 1672/5276
f 1673/5277 1674/5278 1675/5279 1676/5280
f 1677/5281 1678/5282 1679/5283 1680/5284
f 1681/5285 1682/5286 1683/5287 1684/5288
f 1685/5289 1686/5290 1687/5291 1688/5292
f 1689/5293 1690/5294 1691/5295 1692/5296
f 1693/5297 1694/5298 1695/5299 1696/5300
o Cockpit_StepRiser
v -0.2800 0.2500 -1.0366
v -0.2800 0.2500 -0.9314
v -0.2800 -0.0158 -0.9314
v -0.2800 -0.0158 -1.0366
v -0.2800 0.2500 -0.9314
v -0.2800 0.2500 -0.8262
v -0.2800 -0.0158 -0.8262
v -0.2800 -0.0158 -0.9314
v -0.2800 0.2500 -0.8262
v -0.2800 0.2500 -0.7210
v -0.2800 -0.0158 -0.7210
v -0.2800 -0.0158 -0.8262
v -0.2800 0.2500 -0.7210
v -0.2800 0.2500 -0.6158
v -0.2800 -0.0158 -0.6158
v -0.2800 -0.0158 -0.7210
v -0.2800 0.2500 -0.6158
v -0.2800 0.2500 -0.5106
v -0.2800 -0.0158 -0.5106
v -0.2800 -0.0158 -0.6158
v -0.2800 0.2500 -0.5106
v -0.2800 0.2500 -0.4054
v -0.2800 -0.0158 -0.4054
v -0.2800 -0.0158 -0.5106
v -0.2800 0.2500 -0.4054
v -0.2800 0.2500 -0.3002
v -0.2800 -0.0158 -0.3002
v -0.2800 -0.0158 -0.4054
v -0.2800 0.2500 -0.3002
v -0.2800 0.2500 -0.1950
v -0.2800 -0.0158 -0.1950
v -0.2800 -0.0158 -0.3002
v -0.2800 0.2500 -0.1950
v -0.2800 0.2500 -0.1862
v -0.2800 -0.0195 -0.1862
v -0.2800 -0.0158 -0.1950
v -0.2800 0.2500 -0.1862
v -0.2800 0.2500 -0.1775
v -0.2800 -0.0377 -0.1775
v -0.2800 -0.0195 -0.1862
v -0.2800 0.2500 -0.1775
v -0.2800 0.2500 -0.1688
v -0.2800 -0.0595 -0.1688
v -0.2800 -0.0377 -0.1775
v -0.2800 0.2500 -0.1688
v -0.2800 0.2500 -0.1600
v -0.2800 -0.0888 -0.1600
v -0.2800 -0.0595 -0.1688
v -0.2800 0.2500 -0.1600
v -0.2800 0.2500 -0.0800
v -0.2800 -0.1321 -0.0800
v -0.2800 -0.0888 -0.1600
v -0.2800 0.2500 -0.0800
v -0.2800 0.2500 0.0000
v -0.2800 -0.1321 0.0000
v -0.2800 -0.1321 -0.0800
v -0.2800 0.2500 0.0000
v -0.2800 0.2500 0.0800
v -0.2800 -0.1321 0.0800
v -0.2800 -0.1321 0.0000
v -0.2800 0.2500 0.0800
v -0.2800 0.2500 0.1600
v -0.2800 -0.0888 0.1600
v -0.2800 -0.1321 0.0800
v -0.2800 0.2500 0.1600
v -0.2800 0.2500 0.1688
v -0.2800 -0.0595 0.1688
v -0.2800 -0.0888 0.1600
v -0.2800 0.2500 0.1688
v -0.2800 0.2500 0.1775
v -0.2800 -0.0377 0.1775
v -0.2800 -0.0595 0.1688
v -0.2800 0.2500 0.1775
v -0.2800 0.2500 0.1862
v -0.2800 -0.0195 0.1862
v -0.2800 -0.0377 0.1775
v -0.2800 0.2500 0.1862
v -0.2800 0.2500 0.1950
v -0.2800 -0.0158 0.1950
v -0.2800 -0.0195 0.1862
v -0.2800 0.2500 0.1950
v -0.2800 0.2500 0.3002
v -0.2800 -0.0158 0.3002
v -0.2800 -0.0158 0.1950
v -0.2800 0.2500 0.3002
v -0.2800 0.2500 0.4054
v -0.2800 -0.0158 0.4054
v -0.2800 -0.0158 0.3002
v -0.2800 0.2500 0.4054
v -0.2800 0.2500 0.5106
v -0.2800 -0.0158 0.5106
v -0.2800 -0.0158 0.4054
v -0.2800 0.2500 0.5106
v -0.2800 0.2500 0.6158
v -0.2800 -0.0158 0.6158
v -0.2800 -0.0158 0.5106
v -0.2800 0.2500 0.6158
v -0.2800 0.2500 0.7210
v -0.2800 -0.0158 0.7210
v -0.2800 -0.0158 0.6158
v -0.2800 0.2500 0.7210
v -0.2800 0.2500 0.8262
v -0.2800 -0.0158 0.8262
v -0.2800 -0.0158 0.7210
v -0.2800 0.2500 0.8262
v -0.2800 0.2500 0.9314
v -0.2800 -0.0158 0.9314
v -0.2800 -0.0158 0.8262
v -0.2800 0.2500 0.9314
v -0.2800 0.2500 1.0366
v -0.2800 -0.0158 1.0366
v -0.2800 -0.0158 0.9314
vt -1.0366 0.2500
vt -0.9314 0.2500
vt -0.9314 -0.0158
vt -1.0366 -0.0158
vt -0.9314 0.2500
vt -0.8262 0.2500
vt -0.8262 -0.0158
vt -0.9314 -0.0158
vt -0.8262 0.2500
vt -0.7210 0.2500
vt -0.7210 -0.0158
vt -0.8262 -0.0158
vt -0.7210 0.2500
vt -0.6158 0.2500
vt -0.6158 -0.0158
vt -0.7210 -0.0158
vt -0.6158 0.2500
vt -0.5106 0.2500
vt -0.5106 -0.0158
vt -0.6158 -0.0158
vt -0.5106 0.2500
vt -0.4054 0.2500
vt -0.4054 -0.0158
vt -0.5106 -0.0158
vt -0.4054 0.2500
vt -0.3002 0.2500
vt -0.3002 -0.0158
vt -0.4054 -0.0158
vt -0.3002 0.2500
vt -0.1950 0.2500
vt -0.1950 -0.0158
vt -0.3002 -0.0158
vt -0.1950 0.2500
vt -0.1862 0.2500
vt -0.1862 -0.0195
vt -0.1950 -0.0158
vt -0.1862 0.2500
vt -0.1775 0.2500
vt -0.1775 -0.0377
vt -0.1862 -0.0195
vt -0.1775 0.2500
vt -0.1688 0.2500
vt -0.1688 -0.0595
vt -0.1775 -0.0377
vt -0.1688 0.2500
vt -0.1600 0.2500
vt -0.1600 -0.0888
vt -0.1688 -0.0595
vt -0.1600 0.2500
vt -0.0800 0.2500
vt -0.0800 -0.1321
vt -0.1600 -0.0888
vt -0.0800 0.2500
vt 0.0000 0.2500
vt 0.0000 -0.1321
vt -0.0800 -0.1321
vt 0.0000 0.2500
vt 0.0800 0.2500
vt 0.0800 -0.1321
vt 0.0000 -0.1321
vt 0.0800 0.2500
vt 0.1600 0.2500
vt 0.1600 -0.0888
vt 0.0800 -0.1321
vt 0.1600 0.2500
vt 0.1688 0.2500
vt 0.1688 -0.0595
vt 0.1600 -0.0888
vt 0.1688 0.2500
vt 0.1775 0.2500
vt 0.1775 -0.0377
vt 0.1688 -0.0595
vt 0.1775 0.2500
vt 0.1862 0.2500
vt 0.1862 -0.0195
vt 0.1775 -0.0377
vt 0.1862 0.2500
vt 0.1950 0.2500
vt 0.1950 -0.0158
vt 0.1862 -0.0195
vt 0.1950 0.2500
vt 0.3002 0.2500
vt 0.3002 -0.0158
vt 0.1950 -0.0158
vt 0.3002 0.2500
vt 0.4054 0.2500
vt 0.4054 -0.0158
vt 0.3002 -0.0158
vt 0.4054 0.2500
vt 0.5106 0.2500
vt 0.5106 -0.0158
vt 0.4054 -0.0158
vt 0.5106 0.2500
vt 0.6158 0.2500
vt 0.6158 -0.0158
vt 0.5106 -0.0158
vt 0.6158 0.2500
vt 0.7210 0.2500
vt 0.7210 -0.0158
vt 0.6158 -0.0158
vt 0.7210 0.2500
vt 0.8262 0.2500
vt 0.8262 -0.0158
vt 0.7210 -0.0158
vt 0.8262 0.2500
vt 0.9314 0.2500
vt 0.9314 -0.0158
vt 0.8262 -0.0158
vt 0.9314 0.2500
vt 1.0366 0.2500
vt 1.0366 -0.0158
vt 0.9314 -0.0158
f 1697/5301 1698/5302 1699/5303 1700/5304
f 1701/5305 1702/5306 1703/5307 1704/5308
f 1705/5309 1706/5310 1707/5311 1708/5312
f 1709/5313 1710/5314 1711/5315 1712/5316
f 1713/5317 1714/5318 1715/5319 1716/5320
f 1717/5321 1718/5322 1719/5323 1720/5324
f 1721/5325 1722/5326 1723/5327 1724/5328
f 1725/5329 1726/5330 1727/5331 1728/5332
f 1729/5333 1730/5334 1731/5335 1732/5336
f 1733/5337 1734/5338 1735/5339 1736/5340
f 1737/5341 1738/5342 1739/5343 1740/5344
f 1741/5345 1742/5346 1743/5347 1744/5348
f 1745/5349 1746/5350 1747/5351 1748/5352
f 1749/5353 1750/5354 1751/5355 1752/5356
f 1753/5357 1754/5358 1755/5359 1756/5360
f 1757/5361 1758/5362 1759/5363 1760/5364
f 1761/5365 1762/5366 1763/5367 1764/5368
f 1765/5369 1766/5370 1767/5371 1768/5372
f 1769/5373 1770/5374 1771/5375 1772/5376
f 1773/5377 1774/5378 1775/5379 1776/5380
f 1777/5381 1778/5382 1779/5383 1780/5384
f 1781/5385 1782/5386 1783/5387 1784/5388
f 1785/5389 1786/5390 1787/5391 1788/5392
f 1789/5393 1790/5394 1791/5395 1792/5396
f 1793/5397 1794/5398 1795/5399 1796/5400
f 1797/5401 1798/5402 1799/5403 1800/5404
f 1801/5405 1802/5406 1803/5407 1804/5408
f 1805/5409 1806/5410 1807/5411 1808/5412
o Cockpit_StepFront
v -1.2800 0.2500 -0.8070
v -1.2800 0.2500 -0.8944
v -1.2800 -0.0013 -0.8944
v -1.2800 -0.0013 -0.8070
v -1.2800 0.2500 -0.7195
v -1.2800 0.2500 -0.8070
v -1.2800 -0.0013 -0.8070
v -1.2800 -0.0013 -0.7195
v -1.2800 0.2500 -0.6321
v -1.2800 0.2500 -0.7195
v -1.2800 -0.0013 -0.7195
v -1.2800 -0.0013 -0.6321
v -1.2800 0.2500 -0.5447
v -1.2800 0.2500 -0.6321
v -1.2800 -0.0013 -0.6321
v -1.2800 -0.0013 -0.5447
v -1.2800 0.2500 -0.4573
v -1.2800 0.2500 -0.5447
v -1.2800 -0.0013 -0.5447
v -1.2800 -0.0013 -0.4573
v -1.2800 0.2500 -0.3698
v -1.2800 0.2500 -0.4573
v -1.2800 -0.0013 -0.4573
v -1.2800 -0.0013 -0.3698
v -1.2800 0.2500 -0.2824
v -1.2800 0.2500 -0.3698
v -1.2800 -0.0013 -0.3698
v -1.2800 -0.0013 -0.2824
v -1.2800 0.2500 -0.1950
v -1.2800 0.2500 -0.2824
v -1.2800 -0.0013 -0.2824
v -1.2800 -0.0013 -0.1950
v -1.2800 0.2500 -0.1862
v -1.2800 0.2500 -0.1950
v -1.2800 -0.0013 -0.1950
v -1.2800 -0.0013 -0.1862
v -1.2800 0.2500 -0.1775
v -1.2800 0.2500 -0.1862
v -1.2800 -0.0013 -0.1862
v -1.2800 -0.0013 -0.1775
v -1.2800 0.2500 -0.1688
v -1.2800 0.2500 -0.1775
v -1.2800 -0.0013 -0.1775
v -1.2800 -0.0013 -0.1688
v -1.2800 0.2500 -0.1600
v -1.2800 0.2500 -0.1688
v -1.2800 -0.0013 -0.1688
v -1.2800 -0.0013 -0.1600
v -1.2800 0.2500 -0.0800
v -1.2800 0.2500 -0.1600
v -1.2800 -0.0013 -0.1600
v -1.2800 -0.0802 -0.0800
v -1.2800 0.2500 0.0000
v -1.2800 0.2500 -0.0800
v -1.2800 -0.0802 -0.0800
v -1.2800 -0.0802 0.0000
v -1.2800 0.2500 0.0800
v -1.2800 0.2500 0.0000
v -1.2800 -0.0802 0.0000
v -1.2800 -0.0802 0.0800
v -1.2800 0.2500 0.1600
v -1.2800 0.2500 0.0800
v -1.2800 -0.0802 0.0800
v -1.2800 -0.0013 0.1600
v -1.2800 0.2500 0.1688
v -1.2800 0.2500 0.1600
v -1.2800 -0.0013 0.1600
v -1.2800 -0.0013 0.1688
v -1.2800 0.2500 0.1775
v -1.2800 0.2500 0.1688
v -1.2800 -0.0013 0.1688
v -1.2800 -0.0013 0.1775
v -1.2800 0.2500 0.1862
v -1.2800 0.2500 0.1775
v -1.2800 -0.0013 0.1775
v -1.2800 -0.0013 0.1862
v -1.2800 0.2500 0.1950
v -1.2800 0.2500 0.1862
v -1.2800 -0.0013 0.1862
v -1.2800 -0.0013 0.1950
v -1.2800 0.2500 0.2824
v -1.2800 0.2500 0.1950
v -1.2800 -0.0013 0.1950
v -1.2800 -0.0013 0.2824
v -1.2800 0.2500 0.3698
v -1.2800 0.2500 0.2824
v -1.2800 -0.0013 0.2824
v -1.2800 -0.0013 0.3698
v -1.2800 0.2500 0.4573
v -1.2800 0.2500 0.3698
v -1.2800 -0.0013 0.3698
v -1.2800 -0.0013 0.4573
v -1.2800 0.2500 0.5447
v -1.2800 0.2500 0.4573
v -1.2800 -0.0013 0.4573
v -1.2800 -0.0013 0.5447
v -1.2800 0.2500 0.6321
v -1.2800 0.2500 0.5447
v -1.2800 -0.0013 0.5447
v -1.2800 -0.0013 0.6321
v -1.2800 0.2500 0.7195
v -1.2800 0.2500 0.6321
v -1.2800 -0.0013 0.6321
v -1.2800 -0.0013 0.7195
v -1.2800 0.2500 0.8070
v -1.2800 0.2500 0.7195
v -1.2800 -0.0013 0.7195
v -1.2800 -0.0013 0.8070
v -1.2800 0.2500 0.8944
v -1.2800 0.2500 0.8070
v -1.2800 -0.0013 0.8070
v -1.2800 -0.0013 0.8944
vt -0.8070 0.2500
vt -0.8944 0.2500
vt -0.8944 -0.0013
vt -0.8070 -0.0013
vt -0.7195 0.2500
vt -0.8070 0.2500
vt -0.8070 -0.0013
vt -0.7195 -0.0013
vt -0.6321 0.2500
vt -0.7195 0.2500
vt -0.7195 -0.0013
vt -0.6321 -0.0013
vt -0.5447 0.2500
vt -0.6321 0.2500
vt -0.6321 -0.0013
vt -0.5447 -0.0013
vt -0.4573 0.2500
vt -0.5447 0.2500
vt -0.5447 -0.0013
vt -0.4573 -0.0013
vt -0.3698 0.2500
vt -0.4573 0.2500
vt -0.4573 -0.0013
vt -0.3698 -0.0013
vt -0.2824 0.2500
vt -0.3698 0.2500
vt -0.3698 -0.0013
vt -0.2824 -0.0013
vt -0.1950 0.2500
vt -0.2824 0.2500
vt -0.2824 -0.0013
vt -0.1950 -0.0013
vt -0.1862 0.2500
vt -0.1950 0.2500
vt -0.1950 -0.0013
vt -0.1862 -0.0013
vt -0.1775 0.2500
vt -0.1862 0.2500
vt -0.1862 -0.0013
vt -0.1775 -0.0013
vt -0.1688 0.2500
vt -0.1775 0.2500
vt -0.1775 -0.0013
vt -0.1688 -0.0013
vt -0.1600 0.2500
vt -0.1688 0.2500
vt -0.1688 -0.0013
vt -0.1600 -0.0013
vt -0.0800 0.2500
vt -0.1600 0.2500
vt -0.1600 -0.0013
vt -0.0800 -0.0802
vt 0.0000 0.2500
vt -0.0800 0.2500
vt -0.0800 -0.0802
vt 0.0000 -0.0802
vt 0.0800 0.2500
vt 0.0000 0.2500
vt 0.0000 -0.0802
vt 0.0800 -0.0802
vt 0.1600 0.2500
vt 0.0800 0.2500
vt 0.0800 -0.0802
vt 0.1600 -0.0013
vt 0.1688 0.2500
vt 0.1600 0.2500
vt 0.1600 -0.0013
vt 0.1688 -0.0013
vt 0.1775 0.2500
vt 0.1688 0.2500
vt 0.1688 -0.0013
vt 0.1775 -0.0013
vt 0.1862 0.2500
vt 0.1775 0.2500
vt 0.1775 -0.0013
vt 0.1862 -0.0013
vt 0.1950 0.2500
vt 0.1862 0.2500
vt 0.1862 -0.0013
vt 0.1950 -0.0013
vt 0.2824 0.2500
vt 0.1950 0.2500
vt 0.1950 -0.0013
vt 0.2824 -0.0013
vt 0.3698 0.2500
vt 0.2824 0.2500
vt 0.2824 -0.0013
vt 0.3698 -0.0013
vt 0.4573 0.2500
vt 0.3698 0.2500
vt 0.3698 -0.0013
vt 0.4573 -0.0013
vt 0.5447 0.2500
vt 0.4573 0.2500
vt 0.4573 -0.0013
vt 0.5447 -0.0013
vt 0.6321 0.2500
vt 0.5447 0.2500
vt 0.5447 -0.0013
vt 0.6321 -0.0013
vt 0.7195 0.2500
vt 0.6321 0.2500
vt 0.6321 -0.0013
vt 0.7195 -0.0013
vt 0.8070 0.2500
vt 0.7195 0.2500
vt 0.7195 -0.0013
vt 0.8070 -0.0013
vt 0.8944 0.2500
vt 0.8070 0.2500
vt 0.8070 -0.0013
vt 0.8944 -0.0013
f 1809/5413 1810/5414 1811/5415 1812/5416
f 1813/5417 1814/5418 1815/5419 1816/5420
f 1817/5421 1818/5422 1819/5423 1820/5424
f 1821/5425 1822/5426 1823/5427 1824/5428
f 1825/5429 1826/5430 1827/5431 1828/5432
f 1829/5433 1830/5434 1831/5435 1832/5436
f 1833/5437 1834/5438 1835/5439 1836/5440
f 1837/5441 1838/5442 1839/5443 1840/5444
f 1841/5445 1842/5446 1843/5447 1844/5448
f 1845/5449 1846/5450 1847/5451 1848/5452
f 1849/5453 1850/5454 1851/5455 1852/5456
f 1853/5457 1854/5458 1855/5459 1856/5460
f 1857/5461 1858/5462 1859/5463 1860/5464
f 1861/5465 1862/5466 1863/5467 1864/5468
f 1865/5469 1866/5470 1867/5471 1868/5472
f 1869/5473 1870/5474 1871/5475 1872/5476
f 1873/5477 1874/5478 1875/5479 1876/5480
f 1877/5481 1878/5482 1879/5483 1880/5484
f 1881/5485 1882/5486 1883/5487 1884/5488
f 1885/5489 1886/5490 1887/5491 1888/5492
f 1889/5493 1890/5494 1891/5495 1892/5496
f 1893/5497 1894/5498 1895/5499 1896/5500
f 1897/5501 1898/5502 1899/5503 1900/5504
f 1901/5505 1902/5506 1903/5507 1904/5508
f 1905/5509 1906/5510 1907/5511 1908/5512
f 1909/5513 1910/5514 1911/5515 1912/5516
f 1913/5517 1914/5518 1915/5519 1916/5520
f 1917/5521 1918/5522 1919/5523 1920/5524
o Cockpit_FloorApron
v -0.3100 0.0087 -0.9372
v -0.3100 0.0087 -0.8435
v -0.2846 0.0083 -0.8463
v -0.2846 0.0083 -0.9403
v -0.3100 0.0087 -0.8435
v -0.3100 0.0087 -0.7498
v -0.2846 0.0083 -0.7522
v -0.2846 0.0083 -0.8463
v -0.3100 0.0087 -0.7498
v -0.3100 0.0087 -0.6560
v -0.2846 0.0083 -0.6582
v -0.2846 0.0083 -0.7522
v -0.3100 0.0087 -0.6560
v -0.3100 0.0087 -0.5623
v -0.2846 0.0083 -0.5642
v -0.2846 0.0083 -0.6582
v -0.3100 0.0087 -0.5623
v -0.3100 0.0087 -0.4686
v -0.2846 0.0083 -0.4702
v -0.2846 0.0083 -0.5642
v -0.3100 0.0087 -0.4686
v -0.3100 0.0087 -0.3749
v -0.2846 0.0083 -0.3761
v -0.2846 0.0083 -0.4702
v -0.3100 0.0087 -0.3749
v -0.3100 0.0087 -0.2812
v -0.2846 0.0083 -0.2821
v -0.2846 0.0083 -0.3761
v -0.3100 0.0087 -0.2812
v -0.3100 0.0087 -0.1874
v -0.2846 0.0083 -0.1881
v -0.2846 0.0083 -0.2821
v -0.3100 0.0087 -0.1874
v -0.3100 -0.0083 -0.1790
v -0.2846 -0.0087 -0.1796
v -0.2846 0.0083 -0.1881
v -0.3100 -0.0083 -0.1790
v -0.3100 -0.0281 -0.1706
v -0.2846 -0.0286 -0.1712
v -0.2846 -0.0087 -0.1796
v -0.3100 -0.0281 -0.1706
v -0.3100 -0.0532 -0.1622
v -0.2846 -0.0537 -0.1627
v -0.2846 -0.0286 -0.1712
v -0.3100 -0.0532 -0.1622
v -0.3100 -0.1074 -0.1538
v -0.2846 -0.1080 -0.1543
v -0.2846 -0.0537 -0.1627
v -0.3100 -0.1074 -0.1538
v -0.3100 -0.1074 -0.0769
v -0.2846 -0.1080 -0.0772
v -0.2846 -0.1080 -0.1543
v -0.3100 -0.1074 -0.0769
v -0.3100 -0.1074 0.0000
v -0.2846 -0.1080 0.0000
v -0.2846 -0.1080 -0.0772
v -0.3100 -0.1074 0.0000
v -0.3100 -0.1074 0.0769
v -0.2846 -0.1080 0.0772
v -0.2846 -0.1080 0.0000
v -0.3100 -0.1074 0.0769
v -0.3100 -0.1074 0.1538
v -0.2846 -0.1080 0.1543
v -0.2846 -0.1080 0.0772
v -0.3100 -0.1074 0.1538
v -0.3100 -0.0532 0.1622
v -0.2846 -0.0537 0.1627
v -0.2846 -0.1080 0.1543
v -0.3100 -0.0532 0.1622
v -0.3100 -0.0281 0.1706
v -0.2846 -0.0286 0.1712
v -0.2846 -0.0537 0.1627
v -0.3100 -0.0281 0.1706
v -0.3100 -0.0083 0.1790
v -0.2846 -0.0087 0.1796
v -0.2846 -0.0286 0.1712
v -0.3100 -0.0083 0.1790
v -0.3100 0.0087 0.1874
v -0.2846 0.0083 0.1881
v -0.2846 -0.0087 0.1796
v -0.3100 0.0087 0.1874
v -0.3100 0.0087 0.2812
v -0.2846 0.0083 0.2821
v -0.2846 0.0083 0.1881
v -0.3100 0.0087 0.2812
v -0.3100 0.0087 0.3749
v -0.2846 0.0083 0.3761
v -0.2846 0.0083 0.2821
v -0.3100 0.0087 0.3749
v -0.3100 0.0087 0.4686
v -0.2846 0.0083 0.4702
v -0.2846 0.0083 0.3761
v -0.3100 0.0087 0.4686
v -0.3100 0.0087 0.5623
v -0.2846 0.0083 0.5642
v -0.2846 0.0083 0.4702
v -0.3100 0.0087 0.5623
v -0.3100 0.0087 0.6560
v -0.2846 0.0083 0.6582
v -0.2846 0.0083 0.5642
v -0.3100 0.0087 0.6560
v -0.3100 0.0087 0.7498
v -0.2846 0.0083 0.7522
v -0.2846 0.0083 0.6582
v -0.3100 0.0087 0.7498
v -0.3100 0.0087 0.8435
v -0.2846 0.0083 0.8463
v -0.2846 0.0083 0.7522
v -0.3100 0.0087 0.8435
v -0.3100 0.0087 0.9372
v -0.2846 0.0083 0.9403
v -0.2846 0.0083 0.8463
v -0.2846 0.0083 -0.9403
v -0.2846 0.0083 -0.8463
v -0.2592 0.0079 -0.8491
v -0.2592 0.0079 -0.9434
v -0.2846 0.0083 -0.8463
v -0.2846 0.0083 -0.7522
v -0.2592 0.0079 -0.7547
v -0.2592 0.0079 -0.8491
v -0.2846 0.0083 -0.7522
v -0.2846 0.0083 -0.6582
v -0.2592 0.0079 -0.6604
v -0.2592 0.0079 -0.7547
v -0.2846 0.0083 -0.6582
v -0.2846 0.0083 -0.5642
v -0.2592 0.0079 -0.5660
v -0.2592 0.0079 -0.6604
v -0.2846 0.0083 -0.5642
v -0.2846 0.0083 -0.4702
v -0.2592 0.0079 -0.4717
v -0.2592 0.0079 -0.5660
v -0.2846 0.0083 -0.4702
v -0.2846 0.0083 -0.3761
v -0.2592 0.0079 -0.3774
v -0.2592 0.0079 -0.4717
v -0.2846 0.0083 -0.3761
v -0.2846 0.0083 -0.2821
v -0.2592 0.0079 -0.2830
v -0.2592 0.0079 -0.3774
v -0.2846 0.0083 -0.2821
v -0.2846 0.0083 -0.1881
v -0.2592 0.0079 -0.1887
v -0.2592 0.0079 -0.2830
v -0.2846 0.0083 -0.1881
v -0.2846 -0.0087 -0.1796
v -0.2592 -0.0092 -0.1802
v -0.2592 0.0079 -0.1887
v -0.2846 -0.0087 -0.1796
v -0.2846 -0.0286 -0.1712
v -0.2592 -0.0290 -0.1717
v -0.2592 -0.0092 -0.1802
v -0.2846 -0.0286 -0.1712
v -0.2846 -0.0537 -0.1627
v -0.2592 -0.0542 -0.1633
v -0.2592 -0.0290 -0.1717
v -0.2846 -0.0537 -0.1627
v -0.2846 -0.1080 -0.1543
v -0.2592 -0.1086 -0.1548
v -0.2592 -0.0542 -0.1633
v -0.2846 -0.1080 -0.1543
v -0.2846 -0.1080 -0.0772
v -0.2592 -0.1086 -0.0774
v -0.2592 -0.1086 -0.1548
v -0.2846 -0.1080 -0.0772
v -0.2846 -0.1080 0.0000
v -0.2592 -0.1086 0.0000
v -0.2592 -0.1086 -0.0774
v -0.2846 -0.1080 0.0000
v -0.2846 -0.1080 0.0772
v -0.2592 -0.1086 0.0774
v -0.2592 -0.1086 0.0000
v -0.2846 -0.1080 0.0772
v -0.2846 -0.1080 0.1543
v -0.2592 -0.1086 0.1548
v -0.2592 -0.1086 0.0774
v -0.2846 -0.1080 0.1543
v -0.2846 -0.0537 0.1627
v -0.2592 -0.0542 0.1633
v -0.2592 -0.1086 0.1548
v -0.2846 -0.0537 0.1627
v -0.2846 -0.0286 0.1712
v -0.2592 -0.0290 0.1717
v -0.2592 -0.0542 0.1633
v -0.2846 -0.0286 0.1712
v -0.2846 -0.0087 0.1796
v -0.2592 -0.0092 0.1802
v -0.2592 -0.0290 0.1717
v -0.2846 -0.0087 0.1796
v -0.2846 0.0083 0.1881
v -0.2592 0.0079 0.1887
v -0.2592 -0.0092 0.1802
v -0.2846 0.0083 0.1881
v -0.2846 0.0083 0.2821
v -0.2592 0.0079 0.2830
v -0.2592 0.0079 0.1887
v -0.2846 0.0083 0.2821
v -0.2846 0.0083 0.3761
v -0.2592 0.0079 0.3774
v -0.2592 0.0079 0.2830
v -0.2846 0.0083 0.3761
v -0.2846 0.0083 0.4702
v -0.2592 0.0079 0.4717
v -0.2592 0.0079 0.3774
v -0.2846 0.0083 0.4702
v -0.2846 0.0083 0.5642
v -0.2592 0.0079 0.5660
v -0.2592 0.0079 0.4717
v -0.2846 0.0083 0.5642
v -0.2846 0.0083 0.6582
v -0.2592 0.0079 0.6604
v -0.2592 0.0079 0.5660
v -0.2846 0.0083 0.6582
v -0.2846 0.0083 0.7522
v -0.2592 0.0079 0.7547
v -0.2592 0.0079 0.6604
v -0.2846 0.0083 0.7522
v -0.2846 0.0083 0.8463
v -0.2592 0.0079 0.8491
v -0.2592 0.0079 0.7547
v -0.2846 0.0083 0.8463
v -0.2846 0.0083 0.9403
v -0.2592 0.0079 0.9434
v -0.2592 0.0079 0.8491
v -0.2592 0.0079 -0.9434
v -0.2592 0.0079 -0.8491
v -0.2338 0.0075 -0.8518
v -0.2338 0.0075 -0.9465
v -0.2592 0.0079 -0.8491
v -0.2592 0.0079 -0.7547
v -0.2338 0.0075 -0.7572
v -0.2338 0.0075 -0.8518
v -0.2592 0.0079 -0.7547
v -0.2592 0.0079 -0.6604
v -0.2338 0.0075 -0.6625
v -0.2338 0.0075 -0.7572
v -0.2592 0.0079 -0.6604
v -0.2592 0.0079 -0.5660
v -0.2338 0.0075 -0.5679
v -0.2338 0.0075 -0.6625
v -0.2592 0.0079 -0.5660
v -0.2592 0.0079 -0.4717
v -0.2338 0.0075 -0.4732
v -0.2338 0.0075 -0.5679
v -0.2592 0.0079 -0.4717
v -0.2592 0.0079 -0.3774
v -0.2338 0.0075 -0.3786
v -0.2338 0.0075 -0.4732
v -0.2592 0.0079 -0.3774
v -0.2592 0.0079 -0.2830
v -0.2338 0.0075 -0.2839
v -0.2338 0.0075 -0.3786
v -0.2592 0.0079 -0.2830
v -0.2592 0.0079 -0.1887
v -0.2338 0.0075 -0.1893
v -0.2338 0.0075 -0.2839
v -0.2592 0.0079 -0.1887
v -0.2592 -0.0092 -0.1802
v -0.2338 -0.0096 -0.1808
v -0.2338 0.0075 -0.1893
v -0.2592 -0.0092 -0.1802
v -0.2592 -0.0290 -0.1717
v -0.2338 -0.0295 -0.1723
v -0.2338 -0.0096 -0.1808
v -0.2592 -0.0290 -0.1717
v -0.2592 -0.0542 -0.1633
v -0.2338 -0.0547 -0.1638
v -0.2338 -0.0295 -0.1723
v -0.2592 -0.0542 -0.1633
v -0.2592 -0.1086 -0.1548
v -0.2338 -0.1092 -0.1553
v -0.2338 -0.0547 -0.1638
v -0.2592 -0.1086 -0.1548
v -0.2592 -0.1086 -0.0774
v -0.2338 -0.1092 -0.0777
v -0.2338 -0.1092 -0.1553
v -0.2592 -0.1086 -0.0774
v -0.2592 -0.1086 0.0000
v -0.2338 -0.1092 0.0000
v -0.2338 -0.1092 -0.0777
v -0.2592 -0.1086 0.0000
v -0.2592 -0.1086 0.0774
v -0.2338 -0.1092 0.0777
v -0.2338 -0.1092 0.0000
v -0.2592 -0.1086 0.0774
v -0.2592 -0.1086 0.1548
v -0.2338 -0.1092 0.1553
v -0.2338 -0.1092 0.0777
v -0.2592 -0.1086 0.1548
v -0.2592 -0.0542 0.1633
v -0.2338 -0.0547 0.1638
v -0.2338 -0.1092 0.1553
v -0.2592 -0.0542 0.1633
v -0.2592 -0.0290 0.1717
v -0.2338 -0.0295 0.1723
v -0.2338 -0.0547 0.1638
v -0.2592 -0.0290 0.1717
v -0.2592 -0.0092 0.1802
v -0.2338 -0.0096 0.1808
v -0.2338 -0.0295 0.1723
v -0.2592 -0.0092 0.1802
v -0.2592 0.0079 0.1887
v -0.2338 0.0075 0.1893
v -0.2338 -0.0096 0.1808
v -0.2592 0.0079 0.1887
v -0.2592 0.0079 0.2830
v -0.2338 0.0075 0.2839
v -0.2338 0.0075 0.1893
v -0.2592 0.0079 0.2830
v -0.2592 0.0079 0.3774
v -0.2338 0.0075 0.3786
v -0.2338 0.0075 0.2839
v -0.2592 0.0079 0.3774
v -0.2592 0.0079 0.4717
v -0.2338 0.0075 0.4732
v -0.2338 0.0075 0.3786
v -0.2592 0.0079 0.4717
v -0.2592 0.0079 0.5660
v -0.2338 0.0075 0.5679
v -0.2338 0.0075 0.4732
v -0.2592 0.0079 0.5660
v -0.2592 0.0079 0.6604
v -0.2338 0.0075 0.6625
v -0.2338 0.0075 0.5679
v -0.2592 0.0079 0.6604
v -0.2592 0.0079 0.7547
v -0.2338 0.0075 0.7572
v -0.2338 0.0075 0.6625
v -0.2592 0.0079 0.7547
v -0.2592 0.0079 0.8491
v -0.2338 0.0075 0.8518
v -0.2338 0.0075 0.7572
v -0.2592 0.0079 0.8491
v -0.2592 0.0079 0.9434
v -0.2338 0.0075 0.9465
v -0.2338 0.0075 0.8518
v -0.2338 0.0075 -0.9465
v -0.2338 0.0075 -0.8518
v -0.2085 0.0071 -0.8546
v -0.2085 0.0071 -0.9496
v -0.2338 0.0075 -0.8518
v -0.2338 0.0075 -0.7572
v -0.2085 0.0071 -0.7597
v -0.2085 0.0071 -0.8546
v -0.2338 0.0075 -0.7572
v -0.2338 0.0075 -0.6625
v -0.2085 0.0071 -0.6647
v -0.2085 0.0071 -0.7597
v -0.2338 0.0075 -0.6625
v -0.2338 0.0075 -0.5679
v -0.2085 0.0071 -0.5698
v -0.2085 0.0071 -0.6647
v -0.2338 0.0075 -0.5679
v -0.2338 0.0075 -0.4732
v -0.2085 0.0071 -0.4748
v -0.2085 0.0071 -0.5698
v -0.2338 0.0075 -0.4732
v -0.2338 0.0075 -0.3786
v -0.2085 0.0071 -0.3798
v -0.2085 0.0071 -0.4748
v -0.2338 0.0075 -0.3786
v -0.2338 0.0075 -0.2839
v -0.2085 0.0071 -0.2849
v -0.2085 0.0071 -0.3798
v -0.2338 0.0075 -0.2839
v -0.2338 0.0075 -0.1893
v -0.2085 0.0071 -0.1899
v -0.2085 0.0071 -0.2849
v -0.2338 0.0075 -0.1893
v -0.2338 -0.0096 -0.1808
v -0.2085 -0.0100 -0.1814
v -0.2085 0.0071 -0.1899
v -0.2338 -0.0096 -0.1808
v -0.2338 -0.0295 -0.1723
v -0.2085 -0.0299 -0.1729
v -0.2085 -0.0100 -0.1814
v -0.2338 -0.0295 -0.1723
v -0.2338 -0.0547 -0.1638
v -0.2085 -0.0553 -0.1644
v -0.2085 -0.0299 -0.1729
v -0.2338 -0.0547 -0.1638
v -0.2338 -0.1092 -0.1553
v -0.2085 -0.1098 -0.1558
v -0.2085 -0.0553 -0.1644
v -0.2338 -0.1092 -0.1553
v -0.2338 -0.1092 -0.0777
v -0.2085 -0.1098 -0.0779
v -0.2085 -0.1098 -0.1558
v -0.2338 -0.1092 -0.0777
v -0.2338 -0.1092 0.0000
v -0.2085 -0.1098 0.0000
v -0.2085 -0.1098 -0.0779
v -0.2338 -0.1092 0.0000
v -0.2338 -0.1092 0.0777
v -0.2085 -0.1098 0.0779
v -0.2085 -0.1098 0.0000
v -0.2338 -0.1092 0.0777
v -0.2338 -0.1092 0.1553
v -0.2085 -0.1098 0.1558
v -0.2085 -0.1098 0.0779
v -0.2338 -0.1092 0.1553
v -0.2338 -0.0547 0.1638
v -0.2085 -0.0553 0.1644
v -0.2085 -0.1098 0.1558
v -0.2338 -0.0547 0.1638
v -0.2338 -0.0295 0.1723
v -0.2085 -0.0299 0.1729
v -0.2085 -0.0553 0.1644
v -0.2338 -0.0295 0.1723
v -0.2338 -0.0096 0.1808
v -0.2085 -0.0100 0.1814
v -0.2085 -0.0299 0.1729
v -0.2338 -0.0096 0.1808
v -0.2338 0.0075 0.1893
v -0.2085 0.0071 0.1899
v -0.2085 -0.0100 0.1814
v -0.2338 0.0075 0.1893
v -0.2338 0.0075 0.2839
v -0.2085 0.0071 0.2849
v -0.2085 0.0071 0.1899
v -0.2338 0.0075 0.2839
v -0.2338 0.0075 0.3786
v -0.2085 0.0071 0.3798
v -0.2085 0.0071 0.2849
v -0.2338 0.0075 0.3786
v -0.2338 0.0075 0.4732
v -0.2085 0.0071 0.4748
v -0.2085 0.0071 0.3798
v -0.2338 0.0075 0.4732
v -0.2338 0.0075 0.5679
v -0.2085 0.0071 0.5698
v -0.2085 0.0071 0.4748
v -0.2338 0.0075 0.5679
v -0.2338 0.0075 0.6625
v -0.2085 0.0071 0.6647
v -0.2085 0.0071 0.5698
v -0.2338 0.0075 0.6625
v -0.2338 0.0075 0.7572
v -0.2085 0.0071 0.7597
v -0.2085 0.0071 0.6647
v -0.2338 0.0075 0.7572
v -0.2338 0.0075 0.8518
v -0.2085 0.0071 0.8546
v -0.2085 0.0071 0.7597
v -0.2338 0.0075 0.8518
v -0.2338 0.0075 0.9465
v -0.2085 0.0071 0.9496
v -0.2085 0.0071 0.8546
v -0.2085 0.0071 -0.9496
v -0.2085 0.0071 -0.8546
v -0.1831 0.0067 -0.8574
v -0.1831 0.0067 -0.9527
v -0.2085 0.0071 -0.8546
v -0.2085 0.0071 -0.7597
v -0.1831 0.0067 -0.7621
v -0.1831 0.0067 -0.8574
v -0.2085 0.0071 -0.7597
v -0.2085 0.0071 -0.6647
v -0.1831 0.0067 -0.6669
v -0.1831 0.0067 -0.7621
v -0.2085 0.0071 -0.6647
v -0.2085 0.0071 -0.5698
v -0.1831 0.0067 -0.5716
v -0.1831 0.0067 -0.6669
v -0.2085 0.0071 -0.5698
v -0.2085 0.0071 -0.4748
v -0.1831 0.0067 -0.4763
v -0.1831 0.0067 -0.5716
v -0.2085 0.0071 -0.4748
v -0.2085 0.0071 -0.3798
v -0.1831 0.0067 -0.3811
v -0.1831 0.0067 -0.4763
v -0.2085 0.0071 -0.3798
v -0.2085 0.0071 -0.2849
v -0.1831 0.0067 -0.2858
v -0.1831 0.0067 -0.3811
v -0.2085 0.0071 -0.2849
v -0.2085 0.0071 -0.1899
v -0.1831 0.0067 -0.1905
v -0.1831 0.0067 -0.2858
v -0.2085 0.0071 -0.1899
v -0.2085 -0.0100 -0.1814
v -0.1831 -0.0104 -0.1820
v -0.1831 0.0067 -0.1905
v -0.2085 -0.0100 -0.1814
v -0.2085 -0.0299 -0.1729
v -0.1831 -0.0304 -0.1734
v -0.1831 -0.0104 -0.1820
v -0.2085 -0.0299 -0.1729
v -0.2085 -0.0553 -0.1644
v -0.1831 -0.0558 -0.1649
v -0.1831 -0.0304 -0.1734
v -0.2085 -0.0553 -0.1644
v -0.2085 -0.1098 -0.1558
v -0.1831 -0.1105 -0.1563
v -0.1831 -0.0558 -0.1649
v -0.2085 -0.1098 -0.1558
v -0.2085 -0.1098 -0.0779
v -0.1831 -0.1105 -0.0782
v -0.1831 -0.1105 -0.1563
v -0.2085 -0.1098 -0.0779
v -0.2085 -0.1098 0.0000
v -0.1831 -0.1105 0.0000
v -0.1831 -0.1105 -0.0782
v -0.2085 -0.1098 0.0000
v -0.2085 -0.1098 0.0779
v -0.1831 -0.1105 0.0782
v -0.1831 -0.1105 0.0000
v -0.2085 -0.1098 0.0779
v -0.2085 -0.1098 0.1558
v -0.1831 -0.1105 0.1563
v -0.1831 -0.1105 0.0782
v -0.2085 -0.1098 0.1558
v -0.2085 -0.0553 0.1644
v -0.1831 -0.0558 0.1649
v -0.1831 -0.1105 0.1563
v -0.2085 -0.0553 0.1644
v -0.2085 -0.0299 0.1729
v -0.1831 -0.0304 0.1734
v -0.1831 -0.0558 0.1649
v -0.2085 -0.0299 0.1729
v -0.2085 -0.0100 0.1814
v -0.1831 -0.0104 0.1820
v -0.1831 -0.0304 0.1734
v -0.2085 -0.0100 0.1814
v -0.2085 0.0071 0.1899
v -0.1831 0.0067 0.1905
v -0.1831 -0.0104 0.1820
v -0.2085 0.0071 0.1899
v -0.2085 0.0071 0.2849
v -0.1831 0.0067 0.2858
v -0.1831 0.0067 0.1905
v -0.2085 0.0071 0.2849
v -0.2085 0.0071 0.3798
v -0.1831 0.0067 0.3811
v -0.1831 0.0067 0.2858
v -0.2085 0.0071 0.3798
v -0.2085 0.0071 0.4748
v -0.1831 0.0067 0.4763
v -0.1831 0.0067 0.3811
v -0.2085 0.0071 0.4748
v -0.2085 0.0071 0.5698
v -0.1831 0.0067 0.5716
v -0.1831 0.0067 0.4763
v -0.2085 0.0071 0.5698
v -0.2085 0.0071 0.6647
v -0.1831 0.0067 0.6669
v -0.1831 0.0067 0.5716
v -0.2085 0.0071 0.6647
v -0.2085 0.0071 0.7597
v -0.1831 0.0067 0.7621
v -0.1831 0.0067 0.6669
v -0.2085 0.0071 0.7597
v -0.2085 0.0071 0.8546
v -0.1831 0.0067 0.8574
v -0.1831 0.0067 0.7621
v -0.2085 0.0071 0.8546
v -0.2085 0.0071 0.9496
v -0.1831 0.0067 0.9527
v -0.1831 0.0067 0.8574
v -0.1831 0.0067 -0.9527
v -0.1831 0.0067 -0.8574
v -0.1577 0.0064 -0.8602
v -0.1577 0.0064 -0.9558
v -0.1831 0.0067 -0.8574
v -0.1831 0.0067 -0.7621
v -0.1577 0.0064 -0.7646
v -0.1577 0.0064 -0.8602
v -0.1831 0.0067 -0.7621
v -0.1831 0.0067 -0.6669
v -0.1577 0.0064 -0.6690
v -0.1577 0.0064 -0.7646
v -0.1831 0.0067 -0.6669
v -0.1831 0.0067 -0.5716
v -0.1577 0.0064 -0.5735
v -0.1577 0.0064 -0.6690
v -0.1831 0.0067 -0.5716
v -0.1831 0.0067 -0.4763
v -0.1577 0.0064 -0.4779
v -0.1577 0.0064 -0.5735
v -0.1831 0.0067 -0.4763
v -0.1831 0.0067 -0.3811
v -0.1577 0.0064 -0.3823
v -0.1577 0.0064 -0.4779
v -0.1831 0.0067 -0.3811
v -0.1831 0.0067 -0.2858
v -0.1577 0.0064 -0.2867
v -0.1577 0.0064 -0.3823
v -0.1831 0.0067 -0.2858
v -0.1831 0.0067 -0.1905
v -0.1577 0.0064 -0.1912
v -0.1577 0.0064 -0.2867
v -0.1831 0.0067 -0.1905
v -0.1831 -0.0104 -0.1820
v -0.1577 -0.0108 -0.1826
v -0.1577 0.0064 -0.1912
v -0.1831 -0.0104 -0.1820
v -0.1831 -0.0304 -0.1734
v -0.1577 -0.0309 -0.1740
v -0.1577 -0.0108 -0.1826
v -0.1831 -0.0304 -0.1734
v -0.1831 -0.0558 -0.1649
v -0.1577 -0.0564 -0.1654
v -0.1577 -0.0309 -0.1740
v -0.1831 -0.0558 -0.1649
v -0.1831 -0.1105 -0.1563
v -0.1577 -0.1113 -0.1568
v -0.1577 -0.0564 -0.1654
v -0.1831 -0.1105 -0.1563
v -0.1831 -0.1105 -0.0782
v -0.1577 -0.1113 -0.0784
v -0.1577 -0.1113 -0.1568
v -0.1831 -0.1105 -0.0782
v -0.1831 -0.1105 0.0000
v -0.1577 -0.1113 0.0000
v -0.1577 -0.1113 -0.0784
v -0.1831 -0.1105 0.0000
v -0.1831 -0.1105 0.0782
v -0.1577 -0.1113 0.0784
v -0.1577 -0.1113 0.0000
v -0.1831 -0.1105 0.0782
v -0.1831 -0.1105 0.1563
v -0.1577 -0.1113 0.1568
v -0.1577 -0.1113 0.0784
v -0.1831 -0.1105 0.1563
v -0.1831 -0.0558 0.1649
v -0.1577 -0.0564 0.1654
v -0.1577 -0.1113 0.1568
v -0.1831 -0.0558 0.1649
v -0.1831 -0.0304 0.1734
v -0.1577 -0.0309 0.1740
v -0.1577 -0.0564 0.1654
v -0.1831 -0.0304 0.1734
v -0.1831 -0.0104 0.1820
v -0.1577 -0.0108 0.1826
v -0.1577 -0.0309 0.1740
v -0.1831 -0.0104 0.1820
v -0.1831 0.0067 0.1905
v -0.1577 0.0064 0.1912
v -0.1577 -0.0108 0.1826
v -0.1831 0.0067 0.1905
v -0.1831 0.0067 0.2858
v -0.1577 0.0064 0.2867
v -0.1577 0.0064 0.1912
v -0.1831 0.0067 0.2858
v -0.1831 0.0067 0.3811
v -0.1577 0.0064 0.3823
v -0.1577 0.0064 0.2867
v -0.1831 0.0067 0.3811
v -0.1831 0.0067 0.4763
v -0.1577 0.0064 0.4779
v -0.1577 0.0064 0.3823
v -0.1831 0.0067 0.4763
v -0.1831 0.0067 0.5716
v -0.1577 0.0064 0.5735
v -0.1577 0.0064 0.4779
v -0.1831 0.0067 0.5716
v -0.1831 0.0067 0.6669
v -0.1577 0.0064 0.6690
v -0.1577 0.0064 0.5735
v -0.1831 0.0067 0.6669
v -0.1831 0.0067 0.7621
v -0.1577 0.0064 0.7646
v -0.1577 0.0064 0.6690
v -0.1831 0.0067 0.7621
v -0.1831 0.0067 0.8574
v -0.1577 0.0064 0.8602
v -0.1577 0.0064 0.7646
v -0.1831 0.0067 0.8574
v -0.1831 0.0067 0.9527
v -0.1577 0.0064 0.9558
v -0.1577 0.0064 0.8602
v -0.1577 0.0064 -0.9558
v -0.1577 0.0064 -0.8602
v -0.1323 0.0060 -0.8630
v -0.1323 0.0060 -0.9589
v -0.1577 0.0064 -0.8602
v -0.1577 0.0064 -0.7646
v -0.1323 0.0060 -0.7671
v -0.1323 0.0060 -0.8630
v -0.1577 0.0064 -0.7646
v -0.1577 0.0064 -0.6690
v -0.1323 0.0060 -0.6712
v -0.1323 0.0060 -0.7671
v -0.1577 0.0064 -0.6690
v -0.1577 0.0064 -0.5735
v -0.1323 0.0060 -0.5753
v -0.1323 0.0060 -0.6712
v -0.1577 0.0064 -0.5735
v -0.1577 0.0064 -0.4779
v -0.1323 0.0060 -0.4794
v -0.1323 0.0060 -0.5753
v -0.1577 0.0064 -0.4779
v -0.1577 0.0064 -0.3823
v -0.1323 0.0060 -0.3835
v -0.1323 0.0060 -0.4794
v -0.1577 0.0064 -0.3823
v -0.1577 0.0064 -0.2867
v -0.1323 0.0060 -0.2877
v -0.1323 0.0060 -0.3835
v -0.1577 0.0064 -0.2867
v -0.1577 0.0064 -0.1912
v -0.1323 0.0060 -0.1918
v -0.1323 0.0060 -0.2877
v -0.1577 0.0064 -0.1912
v -0.1577 -0.0108 -0.1826
v -0.1323 -0.0113 -0.1832
v -0.1323 0.0060 -0.1918
v -0.1577 -0.0108 -0.1826
v -0.1577 -0.0309 -0.1740
v -0.1323 -0.0314 -0.1746
v -0.1323 -0.0113 -0.1832
v -0.1577 -0.0309 -0.1740
v -0.1577 -0.0564 -0.1654
v -0.1323 -0.0570 -0.1660
v -0.1323 -0.0314 -0.1746
v -0.1577 -0.0564 -0.1654
v -0.1577 -0.1113 -0.1568
v -0.1323 -0.1120 -0.1574
v -0.1323 -0.0570 -0.1660
v -0.1577 -0.1113 -0.1568
v -0.1577 -0.1113 -0.0784
v -0.1323 -0.1120 -0.0787
v -0.1323 -0.1120 -0.1574
v -0.1577 -0.1113 -0.0784
v -0.1577 -0.1113 0.0000
v -0.1323 -0.1120 0.0000
v -0.1323 -0.1120 -0.0787
v -0.1577 -0.1113 0.0000
v -0.1577 -0.1113 0.0784
v -0.1323 -0.1120 0.0787
v -0.1323 -0.1120 0.0000
v -0.1577 -0.1113 0.0784
v -0.1577 -0.1113 0.1568
v -0.1323 -0.1120 0.1574
v -0.1323 -0.1120 0.0787
v -0.1577 -0.1113 0.1568
v -0.1577 -0.0564 0.1654
v -0.1323 -0.0570 0.1660
v -0.1323 -0.1120 0.1574
v -0.1577 -0.0564 0.1654
v -0.1577 -0.0309 0.1740
v -0.1323 -0.0314 0.1746
v -0.1323 -0.0570 0.1660
v -0.1577 -0.0309 0.1740
v -0.1577 -0.0108 0.1826
v -0.1323 -0.0113 0.1832
v -0.1323 -0.0314 0.1746
v -0.1577 -0.0108 0.1826
v -0.1577 0.0064 0.1912
v -0.1323 0.0060 0.1918
v -0.1323 -0.0113 0.1832
v -0.1577 0.0064 0.1912
v -0.1577 0.0064 0.2867
v -0.1323 0.0060 0.2877
v -0.1323 0.0060 0.1918
v -0.1577 0.0064 0.2867
v -0.1577 0.0064 0.3823
v -0.1323 0.0060 0.3835
v -0.1323 0.0060 0.2877
v -0.1577 0.0064 0.3823
v -0.1577 0.0064 0.4779
v -0.1323 0.0060 0.4794
v -0.1323 0.0060 0.3835
v -0.1577 0.0064 0.4779
v -0.1577 0.0064 0.5735
v -0.1323 0.0060 0.5753
v -0.1323 0.0060 0.4794
v -0.1577 0.0064 0.5735
v -0.1577 0.0064 0.6690
v -0.1323 0.0060 0.6712
v -0.1323 0.0060 0.5753
v -0.1577 0.0064 0.6690
v -0.1577 0.0064 0.7646
v -0.1323 0.0060 0.7671
v -0.1323 0.0060 0.6712
v -0.1577 0.0064 0.7646
v -0.1577 0.0064 0.8602
v -0.1323 0.0060 0.8630
v -0.1323 0.0060 0.7671
v -0.1577 0.0064 0.8602
v -0.1577 0.0064 0.9558
v -0.1323 0.0060 0.9589
v -0.1323 0.0060 0.8630
v -0.1323 0.0060 -0.9589
v -0.1323 0.0060 -0.8630
v -0.1069 0.0056 -0.8658
v -0.1069 0.0056 -0.9620
v -0.1323 0.0060 -0.8630
v -0.1323 0.0060 -0.7671
v -0.1069 0.0056 -0.7696
v -0.1069 0.0056 -0.8658
v -0.1323 0.0060 -0.7671
v -0.1323 0.0060 -0.6712
v -0.1069 0.0056 -0.6734
v -0.1069 0.0056 -0.7696
v -0.1323 0.0060 -0.6712
v -0.1323 0.0060 -0.5753
v -0.1069 0.0056 -0.5772
v -0.1069 0.0056 -0.6734
v -0.1323 0.0060 -0.5753
v -0.1323 0.0060 -0.4794
v -0.1069 0.0056 -0.4810
v -0.1069 0.0056 -0.5772
v -0.1323 0.0060 -0.4794
v -0.1323 0.0060 -0.3835
v -0.1069 0.0056 -0.3848
v -0.1069 0.0056 -0.4810
v -0.1323 0.0060 -0.3835
v -0.1323 0.0060 -0.2877
v -0.1069 0.0056 -0.2886
v -0.1069 0.0056 -0.3848
v -0.1323 0.0060 -0.2877
v -0.1323 0.0060 -0.1918
v -0.1069 0.0056 -0.1924
v -0.1069 0.0056 -0.2886
v -0.1323 0.0060 -0.1918
v -0.1323 -0.0113 -0.1832
v -0.1069 -0.0117 -0.1838
v -0.1069 0.0056 -0.1924
v -0.1323 -0.0113 -0.1832
v -0.1323 -0.0314 -0.1746
v -0.1069 -0.0319 -0.1751
v -0.1069 -0.0117 -0.1838
v -0.1323 -0.0314 -0.1746
v -0.1323 -0.0570 -0.1660
v -0.1069 -0.0576 -0.1665
v -0.1069 -0.0319 -0.1751
v -0.1323 -0.0570 -0.1660
v -0.1323 -0.1120 -0.1574
v -0.1069 -0.1128 -0.1579
v -0.1069 -0.0576 -0.1665
v -0.1323 -0.1120 -0.1574
v -0.1323 -0.1120 -0.0787
v -0.1069 -0.1128 -0.0789
v -0.1069 -0.1128 -0.1579
v -0.1323 -0.1120 -0.0787
v -0.1323 -0.1120 0.0000
v -0.1069 -0.1128 0.0000
v -0.1069 -0.1128 -0.0789
v -0.1323 -0.1120 0.0000
v -0.1323 -0.1120 0.0787
v -0.1069 -0.1128 0.0789
v -0.1069 -0.1128 0.0000
v -0.1323 -0.1120 0.0787
v -0.1323 -0.1120 0.1574
v -0.1069 -0.1128 0.1579
v -0.1069 -0.1128 0.0789
v -0.1323 -0.1120 0.1574
v -0.1323 -0.0570 0.1660
v -0.1069 -0.0576 0.1665
v -0.1069 -0.1128 0.1579
v -0.1323 -0.0570 0.1660
v -0.1323 -0.0314 0.1746
v -0.1069 -0.0319 0.1751
v -0.1069 -0.0576 0.1665
v -0.1323 -0.0314 0.1746
v -0.1323 -0.0113 0.1832
v -0.1069 -0.0117 0.1838
v -0.1069 -0.0319 0.1751
v -0.1323 -0.0113 0.1832
v -0.1323 0.0060 0.1918
v -0.1069 0.0056 0.1924
v -0.1069 -0.0117 0.1838
v -0.1323 0.0060 0.1918
v -0.1323 0.0060 0.2877
v -0.1069 0.0056 0.2886
v -0.1069 0.0056 0.1924
v -0.1323 0.0060 0.2877
v -0.1323 0.0060 0.3835
v -0.1069 0.0056 0.3848
v -0.1069 0.0056 0.2886
v -0.1323 0.0060 0.3835
v -0.1323 0.0060 0.4794
v -0.1069 0.0056 0.4810
v -0.1069 0.0056 0.3848
v -0.1323 0.0060 0.4794
v -0.1323 0.0060 0.5753
v -0.1069 0.0056 0.5772
v -0.1069 0.0056 0.4810
v -0.1323 0.0060 0.5753
v -0.1323 0.0060 0.6712
v -0.1069 0.0056 0.6734
v -0.1069 0.0056 0.5772
v -0.1323 0.0060 0.6712
v -0.1323 0.0060 0.7671
v -0.1069 0.0056 0.7696
v -0.1069 0.0056 0.6734
v -0.1323 0.0060 0.7671
v -0.1323 0.0060 0.8630
v -0.1069 0.0056 0.8658
v -0.1069 0.0056 0.7696
v -0.1323 0.0060 0.8630
v -0.1323 0.0060 0.9589
v -0.1069 0.0056 0.9620
v -0.1069 0.0056 0.8658
v -0.1069 0.0056 -0.9620
v -0.1069 0.0056 -0.8658
v -0.0815 0.0052 -0.8685
v -0.0815 0.0052 -0.9651
v -0.1069 0.0056 -0.8658
v -0.1069 0.0056 -0.7696
v -0.0815 0.0052 -0.7720
v -0.0815 0.0052 -0.8685
v -0.1069 0.0056 -0.7696
v -0.1069 0.0056 -0.6734
v -0.0815 0.0052 -0.6755
v -0.0815 0.0052 -0.7720
v -0.1069 0.0056 -0.6734
v -0.1069 0.0056 -0.5772
v -0.0815 0.0052 -0.5790
v -0.0815 0.0052 -0.6755
v -0.1069 0.0056 -0.5772
v -0.1069 0.0056 -0.4810
v -0.0815 0.0052 -0.4825
v -0.0815 0.0052 -0.5790
v -0.1069 0.0056 -0.4810
v -0.1069 0.0056 -0.3848
v -0.0815 0.0052 -0.3860
v -0.0815 0.0052 -0.4825
v -0.1069 0.0056 -0.3848
v -0.1069 0.0056 -0.2886
v -0.0815 0.0052 -0.2895
v -0.0815 0.0052 -0.3860
v -0.1069 0.0056 -0.2886
v -0.1069 0.0056 -0.1924
v -0.0815 0.0052 -0.1930
v -0.0815 0.0052 -0.2895
v -0.1069 0.0056 -0.1924
v -0.1069 -0.0117 -0.1838
v -0.0815 -0.0122 -0.1844
v -0.0815 0.0052 -0.1930
v -0.1069 -0.0117 -0.1838
v -0.1069 -0.0319 -0.1751
v -0.0815 -0.0324 -0.1757
v -0.0815 -0.0122 -0.1844
v -0.1069 -0.0319 -0.1751
v -0.1069 -0.0576 -0.1665
v -0.0815 -0.0581 -0.1670
v -0.0815 -0.0324 -0.1757
v -0.1069 -0.0576 -0.1665
v -0.1069 -0.1128 -0.1579
v -0.0815 -0.1136 -0.1584
v -0.0815 -0.0581 -0.1670
v -0.1069 -0.1128 -0.1579
v -0.1069 -0.1128 -0.0789
v -0.0815 -0.1136 -0.0792
v -0.0815 -0.1136 -0.1584
v -0.1069 -0.1128 -0.0789
v -0.1069 -0.1128 0.0000
v -0.0815 -0.1136 0.0000
v -0.0815 -0.1136 -0.0792
v -0.1069 -0.1128 0.0000
v -0.1069 -0.1128 0.0789
v -0.0815 -0.1136 0.0792
v -0.0815 -0.1136 0.0000
v -0.1069 -0.1128 0.0789
v -0.1069 -0.1128 0.1579
v -0.0815 -0.1136 0.1584
v -0.0815 -0.1136 0.0792
v -0.1069 -0.1128 0.1579
v -0.1069 -0.0576 0.1665
v -0.0815 -0.0581 0.1670
v -0.0815 -0.1136 0.1584
v -0.1069 -0.0576 0.1665
v -0.1069 -0.0319 0.1751
v -0.0815 -0.0324 0.1757
v -0.0815 -0.0581 0.1670
v -0.1069 -0.0319 0.1751
v -0.1069 -0.0117 0.1838
v -0.0815 -0.0122 0.1844
v -0.0815 -0.0324 0.1757
v -0.1069 -0.0117 0.1838
v -0.1069 0.0056 0.1924
v -0.0815 0.0052 0.1930
v -0.0815 -0.0122 0.1844
v -0.1069 0.0056 0.1924
v -0.1069 0.0056 0.2886
v -0.0815 0.0052 0.2895
v -0.0815 0.0052 0.1930
v -0.1069 0.0056 0.2886
v -0.1069 0.0056 0.3848
v -0.0815 0.0052 0.3860
v -0.0815 0.0052 0.2895
v -0.1069 0.0056 0.3848
v -0.1069 0.0056 0.4810
v -0.0815 0.0052 0.4825
v -0.0815 0.0052 0.3860
v -0.1069 0.0056 0.4810
v -0.1069 0.0056 0.5772
v -0.0815 0.0052 0.5790
v -0.0815 0.0052 0.4825
v -0.1069 0.0056 0.5772
v -0.1069 0.0056 0.6734
v -0.0815 0.0052 0.6755
v -0.0815 0.0052 0.5790
v -0.1069 0.0056 0.6734
v -0.1069 0.0056 0.7696
v -0.0815 0.0052 0.7720
v -0.0815 0.0052 0.6755
v -0.1069 0.0056 0.7696
v -0.1069 0.0056 0.8658
v -0.0815 0.0052 0.8685
v -0.0815 0.0052 0.7720
v -0.1069 0.0056 0.8658
v -0.1069 0.0056 0.9620
v -0.0815 0.0052 0.9651
v -0.0815 0.0052 0.8685
v -0.0815 0.0052 -0.9651
v -0.0815 0.0052 -0.8685
v -0.0562 0.0048 -0.8713
v -0.0562 0.0048 -0.9681
v -0.0815 0.0052 -0.8685
v -0.0815 0.0052 -0.7720
v -0.0562 0.0048 -0.7745
v -0.0562 0.0048 -0.8713
v -0.0815 0.0052 -0.7720
v -0.0815 0.0052 -0.6755
v -0.0562 0.0048 -0.6777
v -0.0562 0.0048 -0.7745
v -0.0815 0.0052 -0.6755
v -0.0815 0.0052 -0.5790
v -0.0562 0.0048 -0.5809
v -0.0562 0.0048 -0.6777
v -0.0815 0.0052 -0.5790
v -0.0815 0.0052 -0.4825
v -0.0562 0.0048 -0.4841
v -0.0562 0.0048 -0.5809
v -0.0815 0.0052 -0.4825
v -0.0815 0.0052 -0.3860
v -0.0562 0.0048 -0.3873
v -0.0562 0.0048 -0.4841
v -0.0815 0.0052 -0.3860
v -0.0815 0.0052 -0.2895
v -0.0562 0.0048 -0.2904
v -0.0562 0.0048 -0.3873
v -0.0815 0.0052 -0.2895
v -0.0815 0.0052 -0.1930
v -0.0562 0.0048 -0.1936
v -0.0562 0.0048 -0.2904
v -0.0815 0.0052 -0.1930
v -0.0815 -0.0122 -0.1844
v -0.0562 -0.0126 -0.1849
v -0.0562 0.0048 -0.1936
v -0.0815 -0.0122 -0.1844
v -0.0815 -0.0324 -0.1757
v -0.0562 -0.0329 -0.1763
v -0.0562 -0.0126 -0.1849
v -0.0815 -0.0324 -0.1757
v -0.0815 -0.0581 -0.1670
v -0.0562 -0.0587 -0.1676
v -0.0562 -0.0329 -0.1763
v -0.0815 -0.0581 -0.1670
v -0.0815 -0.1136 -0.1584
v -0.0562 -0.1143 -0.1589
v -0.0562 -0.0587 -0.1676
v -0.0815 -0.1136 -0.1584
v -0.0815 -0.1136 -0.0792
v -0.0562 -0.1143 -0.0794
v -0.0562 -0.1143 -0.1589
v -0.0815 -0.1136 -0.0792
v -0.0815 -0.1136 0.0000
v -0.0562 -0.1143 0.0000
v -0.0562 -0.1143 -0.0794
v -0.0815 -0.1136 0.0000
v -0.0815 -0.1136 0.0792
v -0.0562 -0.1143 0.0794
v -0.0562 -0.1143 0.0000
v -0.0815 -0.1136 0.0792
v -0.0815 -0.1136 0.1584
v -0.0562 -0.1143 0.1589
v -0.0562 -0.1143 0.0794
v -0.0815 -0.1136 0.1584
v -0.0815 -0.0581 0.1670
v -0.0562 -0.0587 0.1676
v -0.0562 -0.1143 0.1589
v -0.0815 -0.0581 0.1670
v -0.0815 -0.0324 0.1757
v -0.0562 -0.0329 0.1763
v -0.0562 -0.0587 0.1676
v -0.0815 -0.0324 0.1757
v -0.0815 -0.0122 0.1844
v -0.0562 -0.0126 0.1849
v -0.0562 -0.0329 0.1763
v -0.0815 -0.0122 0.1844
v -0.0815 0.0052 0.1930
v -0.0562 0.0048 0.1936
v -0.0562 -0.0126 0.1849
v -0.0815 0.0052 0.1930
v -0.0815 0.0052 0.2895
v -0.0562 0.0048 0.2904
v -0.0562 0.0048 0.1936
v -0.0815 0.0052 0.2895
v -0.0815 0.0052 0.3860
v -0.0562 0.0048 0.3873
v -0.0562 0.0048 0.2904
v -0.0815 0.0052 0.3860
v -0.0815 0.0052 0.4825
v -0.0562 0.0048 0.4841
v -0.0562 0.0048 0.3873
v -0.0815 0.0052 0.4825
v -0.0815 0.0052 0.5790
v -0.0562 0.0048 0.5809
v -0.0562 0.0048 0.4841
v -0.0815 0.0052 0.5790
v -0.0815 0.0052 0.6755
v -0.0562 0.0048 0.6777
v -0.0562 0.0048 0.5809
v -0.0815 0.0052 0.6755
v -0.0815 0.0052 0.7720
v -0.0562 0.0048 0.7745
v -0.0562 0.0048 0.6777
v -0.0815 0.0052 0.7720
v -0.0815 0.0052 0.8685
v -0.0562 0.0048 0.8713
v -0.0562 0.0048 0.7745
v -0.0815 0.0052 0.8685
v -0.0815 0.0052 0.9651
v -0.0562 0.0048 0.9681
v -0.0562 0.0048 0.8713
v -0.0562 0.0048 -0.9681
v -0.0562 0.0048 -0.8713
v -0.0308 0.0045 -0.8741
v -0.0308 0.0045 -0.9712
v -0.0562 0.0048 -0.8713
v -0.0562 0.0048 -0.7745
v -0.0308 0.0045 -0.7770
v -0.0308 0.0045 -0.8741
v -0.0562 0.0048 -0.7745
v -0.0562 0.0048 -0.6777
v -0.0308 0.0045 -0.6799
v -0.0308 0.0045 -0.7770
v -0.0562 0.0048 -0.6777
v -0.0562 0.0048 -0.5809
v -0.0308 0.0045 -0.5827
v -0.0308 0.0045 -0.6799
v -0.0562 0.0048 -0.5809
v -0.0562 0.0048 -0.4841
v -0.0308 0.0045 -0.4856
v -0.0308 0.0045 -0.5827
v -0.0562 0.0048 -0.4841
v -0.0562 0.0048 -0.3873
v -0.0308 0.0045 -0.3885
v -0.0308 0.0045 -0.4856
v -0.0562 0.0048 -0.3873
v -0.0562 0.0048 -0.2904
v -0.0308 0.0045 -0.2914
v -0.0308 0.0045 -0.3885
v -0.0562 0.0048 -0.2904
v -0.0562 0.0048 -0.1936
v -0.0308 0.0045 -0.1943
v -0.0308 0.0045 -0.2914
v -0.0562 0.0048 -0.1936
v -0.0562 -0.0126 -0.1849
v -0.0308 -0.0130 -0.1855
v -0.0308 0.0045 -0.1943
v -0.0562 -0.0126 -0.1849
v -0.0562 -0.0329 -0.1763
v -0.0308 -0.0334 -0.1768
v -0.0308 -0.0130 -0.1855
v -0.0562 -0.0329 -0.1763
v -0.0562 -0.0587 -0.1676
v -0.0308 -0.0593 -0.1681
v -0.0308 -0.0334 -0.1768
v -0.0562 -0.0587 -0.1676
v -0.0562 -0.1143 -0.1589
v -0.0308 -0.1151 -0.1594
v -0.0308 -0.0593 -0.1681
v -0.0562 -0.1143 -0.1589
v -0.0562 -0.1143 -0.0794
v -0.0308 -0.1151 -0.0797
v -0.0308 -0.1151 -0.1594
v -0.0562 -0.1143 -0.0794
v -0.0562 -0.1143 0.0000
v -0.0308 -0.1151 0.0000
v -0.0308 -0.1151 -0.0797
v -0.0562 -0.1143 0.0000
v -0.0562 -0.1143 0.0794
v -0.0308 -0.1151 0.0797
v -0.0308 -0.1151 0.0000
v -0.0562 -0.1143 0.0794
v -0.0562 -0.1143 0.1589
v -0.0308 -0.1151 0.1594
v -0.0308 -0.1151 0.0797
v -0.0562 -0.1143 0.1589
v -0.0562 -0.0587 0.1676
v -0.0308 -0.0593 0.1681
v -0.0308 -0.1151 0.1594
v -0.0562 -0.0587 0.1676
v -0.0562 -0.0329 0.1763
v -0.0308 -0.0334 0.1768
v -0.0308 -0.0593 0.1681
v -0.0562 -0.0329 0.1763
v -0.0562 -0.0126 0.1849
v -0.0308 -0.0130 0.1855
v -0.0308 -0.0334 0.1768
v -0.0562 -0.0126 0.1849
v -0.0562 0.0048 0.1936
v -0.0308 0.0045 0.1943
v -0.0308 -0.0130 0.1855
v -0.0562 0.0048 0.1936
v -0.0562 0.0048 0.2904
v -0.0308 0.0045 0.2914
v -0.0308 0.0045 0.1943
v -0.0562 0.0048 0.2904
v -0.0562 0.0048 0.3873
v -0.0308 0.0045 0.3885
v -0.0308 0.0045 0.2914
v -0.0562 0.0048 0.3873
v -0.0562 0.0048 0.4841
v -0.0308 0.0045 0.4856
v -0.0308 0.0045 0.3885
v -0.0562 0.0048 0.4841
v -0.0562 0.0048 0.5809
v -0.0308 0.0045 0.5827
v -0.0308 0.0045 0.4856
v -0.0562 0.0048 0.5809
v -0.0562 0.0048 0.6777
v -0.0308 0.0045 0.6799
v -0.0308 0.0045 0.5827
v -0.0562 0.0048 0.6777
v -0.0562 0.0048 0.7745
v -0.0308 0.0045 0.7770
v -0.0308 0.0045 0.6799
v -0.0562 0.0048 0.7745
v -0.0562 0.0048 0.8713
v -0.0308 0.0045 0.8741
v -0.0308 0.0045 0.7770
v -0.0562 0.0048 0.8713
v -0.0562 0.0048 0.9681
v -0.0308 0.0045 0.9712
v -0.0308 0.0045 0.8741
v -0.0308 0.0045 -0.9712
v -0.0308 0.0045 -0.8741
v -0.0054 0.0041 -0.8769
v -0.0054 0.0041 -0.9743
v -0.0308 0.0045 -0.8741
v -0.0308 0.0045 -0.7770
v -0.0054 0.0041 -0.7795
v -0.0054 0.0041 -0.8769
v -0.0308 0.0045 -0.7770
v -0.0308 0.0045 -0.6799
v -0.0054 0.0041 -0.6820
v -0.0054 0.0041 -0.7795
v -0.0308 0.0045 -0.6799
v -0.0308 0.0045 -0.5827
v -0.0054 0.0041 -0.5846
v -0.0054 0.0041 -0.6820
v -0.0308 0.0045 -0.5827
v -0.0308 0.0045 -0.4856
v -0.0054 0.0041 -0.4872
v -0.0054 0.0041 -0.5846
v -0.0308 0.0045 -0.4856
v -0.0308 0.0045 -0.3885
v -0.0054 0.0041 -0.3897
v -0.0054 0.0041 -0.4872
v -0.0308 0.0045 -0.3885
v -0.0308 0.0045 -0.2914
v -0.0054 0.0041 -0.2923
v -0.0054 0.0041 -0.3897
v -0.0308 0.0045 -0.2914
v -0.0308 0.0045 -0.1943
v -0.0054 0.0041 -0.1949
v -0.0054 0.0041 -0.2923
v -0.0308 0.0045 -0.1943
v -0.0308 -0.0130 -0.1855
v -0.0054 -0.0135 -0.1861
v -0.0054 0.0041 -0.1949
v -0.0308 -0.0130 -0.1855
v -0.0308 -0.0334 -0.1768
v -0.0054 -0.0339 -0.1774
v -0.0054 -0.0135 -0.1861
v -0.0308 -0.0334 -0.1768
v -0.0308 -0.0593 -0.1681
v -0.0054 -0.0599 -0.1686
v -0.0054 -0.0339 -0.1774
v -0.0308 -0.0593 -0.1681
v -0.0308 -0.1151 -0.1594
v -0.0054 -0.1158 -0.1599
v -0.0054 -0.0599 -0.1686
v -0.0308 -0.1151 -0.1594
v -0.0308 -0.1151 -0.0797
v -0.0054 -0.1158 -0.0799
v -0.0054 -0.1158 -0.1599
v -0.0308 -0.1151 -0.0797
v -0.0308 -0.1151 0.0000
v -0.0054 -0.1158 0.0000
v -0.0054 -0.1158 -0.0799
v -0.0308 -0.1151 0.0000
v -0.0308 -0.1151 0.0797
v -0.0054 -0.1158 0.0799
v -0.0054 -0.1158 0.0000
v -0.0308 -0.1151 0.0797
v -0.0308 -0.1151 0.1594
v -0.0054 -0.1158 0.1599
v -0.0054 -0.1158 0.0799
v -0.0308 -0.1151 0.1594
v -0.0308 -0.0593 0.1681
v -0.0054 -0.0599 0.1686
v -0.0054 -0.1158 0.1599
v -0.0308 -0.0593 0.1681
v -0.0308 -0.0334 0.1768
v -0.0054 -0.0339 0.1774
v -0.0054 -0.0599 0.1686
v -0.0308 -0.0334 0.1768
v -0.0308 -0.0130 0.1855
v -0.0054 -0.0135 0.1861
v -0.0054 -0.0339 0.1774
v -0.0308 -0.0130 0.1855
v -0.0308 0.0045 0.1943
v -0.0054 0.0041 0.1949
v -0.0054 -0.0135 0.1861
v -0.0308 0.0045 0.1943
v -0.0308 0.0045 0.2914
v -0.0054 0.0041 0.2923
v -0.0054 0.0041 0.1949
v -0.0308 0.0045 0.2914
v -0.0308 0.0045 0.3885
v -0.0054 0.0041 0.3897
v -0.0054 0.0041 0.2923
v -0.0308 0.0045 0.3885
v -0.0308 0.0045 0.4856
v -0.0054 0.0041 0.4872
v -0.0054 0.0041 0.3897
v -0.0308 0.0045 0.4856
v -0.0308 0.0045 0.5827
v -0.0054 0.0041 0.5846
v -0.0054 0.0041 0.4872
v -0.0308 0.0045 0.5827
v -0.0308 0.0045 0.6799
v -0.0054 0.0041 0.6820
v -0.0054 0.0041 0.5846
v -0.0308 0.0045 0.6799
v -0.0308 0.0045 0.7770
v -0.0054 0.0041 0.7795
v -0.0054 0.0041 0.6820
v -0.0308 0.0045 0.7770
v -0.0308 0.0045 0.8741
v -0.0054 0.0041 0.8769
v -0.0054 0.0041 0.7795
v -0.0308 0.0045 0.8741
v -0.0308 0.0045 0.9712
v -0.0054 0.0041 0.9743
v -0.0054 0.0041 0.8769
v -0.0054 0.0041 -0.9743
v -0.0054 0.0041 -0.8769
v 0.0200 0.0040 -0.8775
v 0.0200 0.0040 -0.9750
v -0.0054 0.0041 -0.8769
v -0.0054 0.0041 -0.7795
v 0.0200 0.0040 -0.7800
v 0.0200 0.0040 -0.8775
v -0.0054 0.0041 -0.7795
v -0.0054 0.0041 -0.6820
v 0.0200 0.0040 -0.6825
v 0.0200 0.0040 -0.7800
v -0.0054 0.0041 -0.6820
v -0.0054 0.0041 -0.5846
v 0.0200 0.0040 -0.5850
v 0.0200 0.0040 -0.6825
v -0.0054 0.0041 -0.5846
v -0.0054 0.0041 -0.4872
v 0.0200 0.0040 -0.4875
v 0.0200 0.0040 -0.5850
v -0.0054 0.0041 -0.4872
v -0.0054 0.0041 -0.3897
v 0.0200 0.0040 -0.3900
v 0.0200 0.0040 -0.4875
v -0.0054 0.0041 -0.3897
v -0.0054 0.0041 -0.2923
v 0.0200 0.0040 -0.2925
v 0.0200 0.0040 -0.3900
v -0.0054 0.0041 -0.2923
v -0.0054 0.0041 -0.1949
v 0.0200 0.0040 -0.1950
v 0.0200 0.0040 -0.2925
v -0.0054 0.0041 -0.1949
v -0.0054 -0.0135 -0.1861
v 0.0200 -0.0136 -0.1862
v 0.0200 0.0040 -0.1950
v -0.0054 -0.0135 -0.1861
v -0.0054 -0.0339 -0.1774
v 0.0200 -0.0340 -0.1775
v 0.0200 -0.0136 -0.1862
v -0.0054 -0.0339 -0.1774
v -0.0054 -0.0599 -0.1686
v 0.0200 -0.0600 -0.1688
v 0.0200 -0.0340 -0.1775
v -0.0054 -0.0599 -0.1686
v -0.0054 -0.1158 -0.1599
v 0.0200 -0.1160 -0.1600
v 0.0200 -0.0600 -0.1688
v -0.0054 -0.1158 -0.1599
v -0.0054 -0.1158 -0.0799
v 0.0200 -0.1160 -0.0800
v 0.0200 -0.1160 -0.1600
v -0.0054 -0.1158 -0.0799
v -0.0054 -0.1158 0.0000
v 0.0200 -0.1160 0.0000
v 0.0200 -0.1160 -0.0800
v -0.0054 -0.1158 0.0000
v -0.0054 -0.1158 0.0799
v 0.0200 -0.1160 0.0800
v 0.0200 -0.1160 0.0000
v -0.0054 -0.1158 0.0799
v -0.0054 -0.1158 0.1599
v 0.0200 -0.1160 0.1600
v 0.0200 -0.1160 0.0800
v -0.0054 -0.1158 0.1599
v -0.0054 -0.0599 0.1686
v 0.0200 -0.0600 0.1688
v 0.0200 -0.1160 0.1600
v -0.0054 -0.0599 0.1686
v -0.0054 -0.0339 0.1774
v 0.0200 -0.0340 0.1775
v 0.0200 -0.0600 0.1688
v -0.0054 -0.0339 0.1774
v -0.0054 -0.0135 0.1861
v 0.0200 -0.0136 0.1862
v 0.0200 -0.0340 0.1775
v -0.0054 -0.0135 0.1861
v -0.0054 0.0041 0.1949
v 0.0200 0.0040 0.1950
v 0.0200 -0.0136 0.1862
v -0.0054 0.0041 0.1949
v -0.0054 0.0041 0.2923
v 0.0200 0.0040 0.2925
v 0.0200 0.0040 0.1950
v -0.0054 0.0041 0.2923
v -0.0054 0.0041 0.3897
v 0.0200 0.0040 0.3900
v 0.0200 0.0040 0.2925
v -0.0054 0.0041 0.3897
v -0.0054 0.0041 0.4872
v 0.0200 0.0040 0.4875
v 0.0200 0.0040 0.3900
v -0.0054 0.0041 0.4872
v -0.0054 0.0041 0.5846
v 0.0200 0.0040 0.5850
v 0.0200 0.0040 0.4875
v -0.0054 0.0041 0.5846
v -0.0054 0.0041 0.6820
v 0.0200 0.0040 0.6825
v 0.0200 0.0040 0.5850
v -0.0054 0.0041 0.6820
v -0.0054 0.0041 0.7795
v 0.0200 0.0040 0.7800
v 0.0200 0.0040 0.6825
v -0.0054 0.0041 0.7795
v -0.0054 0.0041 0.8769
v 0.0200 0.0040 0.8775
v 0.0200 0.0040 0.7800
v -0.0054 0.0041 0.8769
v -0.0054 0.0041 0.9743
v 0.0200 0.0040 0.9750
v 0.0200 0.0040 0.8775
vt -0.3100 -0.9372
vt -0.3100 -0.8435
vt -0.2846 -0.8463
vt -0.2846 -0.9403
vt -0.3100 -0.8435
vt -0.3100 -0.7498
vt -0.2846 -0.7522
vt -0.2846 -0.8463
vt -0.3100 -0.7498
vt -0.3100 -0.6560
vt -0.2846 -0.6582
vt -0.2846 -0.7522
vt -0.3100 -0.6560
vt -0.3100 -0.5623
vt -0.2846 -0.5642
vt -0.2846 -0.6582
vt -0.3100 -0.5623
vt -0.3100 -0.4686
vt -0.2846 -0.4702
vt -0.2846 -0.5642
vt -0.3100 -0.4686
vt -0.3100 -0.3749
vt -0.2846 -0.3761
vt -0.2846 -0.4702
vt -0.3100 -0.3749
vt -0.3100 -0.2812
vt -0.2846 -0.2821
vt -0.2846 -0.3761
vt -0.3100 -0.2812
vt -0.3100 -0.1874
vt -0.2846 -0.1881
vt -0.2846 -0.2821
vt -0.3100 0.0087
vt -0.3100 -0.0083
vt -0.2846 -0.0087
vt -0.2846 0.0083
vt -0.3100 -0.0083
vt -0.3100 -0.0281
vt -0.2846 -0.0286
vt -0.2846 -0.0087
vt -0.3100 -0.0281
vt -0.3100 -0.0532
vt -0.2846 -0.0537
vt -0.2846 -0.0286
vt -0.3100 -0.0532
vt -0.3100 -0.1074
vt -0.2846 -0.1080
vt -0.2846 -0.0537
vt -0.3100 -0.1538
vt -0.3100 -0.0769
vt -0.2846 -0.0772
vt -0.2846 -0.1543
vt -0.3100 -0.0769
vt -0.3100 0.0000
vt -0.2846 0.0000
vt -0.2846 -0.0772
vt -0.3100 0.0000
vt -0.3100 0.0769
vt -0.2846 0.0772
vt -0.2846 0.0000
vt -0.3100 0.0769
vt -0.3100 0.1538
vt -0.2846 0.1543
vt -0.2846 0.0772
vt -0.3100 -0.1074
vt -0.3100 -0.0532
vt -0.2846 -0.0537
vt -0.2846 -0.1080
vt -0.3100 -0.0532
vt -0.3100 -0.0281
vt -0.2846 -0.0286
vt -0.2846 -0.0537
vt -0.3100 -0.0281
vt -0.3100 -0.0083
vt -0.2846 -0.0087
vt -0.2846 -0.0286
vt -0.3100 -0.0083
vt -0.3100 0.0087
vt -0.2846 0.0083
vt -0.2846 -0.0087
vt -0.3100 0.1874
vt -0.3100 0.2812
vt -0.2846 0.2821
vt -0.2846 0.1881
vt -0.3100 0.2812
vt -0.3100 0.3749
vt -0.2846 0.3761
vt -0.2846 0.2821
vt -0.3100 0.3749
vt -0.3100 0.4686
vt -0.2846 0.4702
vt -0.2846 0.3761
vt -0.3100 0.4686
vt -0.3100 0.5623
vt -0.2846 0.5642
vt -0.2846 0.4702
vt -0.3100 0.5623
vt -0.3100 0.6560
vt -0.2846 0.6582
vt -0.2846 0.5642
vt -0.3100 0.6560
vt -0.3100 0.7498
vt -0.2846 0.7522
vt -0.2846 0.6582
vt -0.3100 0.7498
vt -0.3100 0.8435
vt -0.2846 0.8463
vt -0.2846 0.7522
vt -0.3100 0.8435
vt -0.3100 0.9372
vt -0.2846 0.9403
vt -0.2846 0.8463
vt -0.2846 -0.9403
vt -0.2846 -0.8463
vt -0.2592 -0.8491
vt -0.2592 -0.9434
vt -0.2846 -0.8463
vt -0.2846 -0.7522
vt -0.2592 -0.7547
vt -0.2592 -0.8491
vt -0.2846 -0.7522
vt -0.2846 -0.6582
vt -0.2592 -0.6604
vt -0.2592 -0.7547
vt -0.2846 -0.6582
vt -0.2846 -0.5642
vt -0.2592 -0.5660
vt -0.2592 -0.6604
vt -0.2846 -0.5642
vt -0.2846 -0.4702
vt -0.2592 -0.4717
vt -0.2592 -0.5660
vt -0.2846 -0.4702
vt -0.2846 -0.3761
vt -0.2592 -0.3774
vt -0.2592 -0.4717
vt -0.2846 -0.3761
vt -0.2846 -0.2821
vt -0.2592 -0.2830
vt -0.2592 -0.3774
vt -0.2846 -0.2821
vt -0.2846 -0.1881
vt -0.2592 -0.1887
vt -0.2592 -0.2830
vt -0.2846 0.0083
vt -0.2846 -0.0087
vt -0.2592 -0.0092
vt -0.2592 0.0079
vt -0.2846 -0.0087
vt -0.2846 -0.0286
vt -0.2592 -0.0290
vt -0.2592 -0.0092
vt -0.2846 -0.0286
vt -0.2846 -0.0537
vt -0.2592 -0.0542
vt -0.2592 -0.0290
vt -0.2846 -0.0537
vt -0.2846 -0.1080
vt -0.2592 -0.1086
vt -0.2592 -0.0542
vt -0.2846 -0.1543
vt -0.2846 -0.0772
vt -0.2592 -0.0774
vt -0.2592 -0.1548
vt -0.2846 -0.0772
vt -0.2846 0.0000
vt -0.2592 0.0000
vt -0.2592 -0.0774
vt -0.2846 0.0000
vt -0.2846 0.0772
vt -0.2592 0.0774
vt -0.2592 0.0000
vt -0.2846 0.0772
vt -0.2846 0.1543
vt -0.2592 0.1548
vt -0.2592 0.0774
vt -0.2846 -0.1080
vt -0.2846 -0.0537
vt -0.2592 -0.0542
vt -0.2592 -0.1086
vt -0.2846 -0.0537
vt -0.2846 -0.0286
vt -0.2592 -0.0290
vt -0.2592 -0.0542
vt -0.2846 -0.0286
vt -0.2846 -0.0087
vt -0.2592 -0.0092
vt -0.2592 -0.0290
vt -0.2846 -0.0087
vt -0.2846 0.0083
vt -0.2592 0.0079
vt -0.2592 -0.0092
vt -0.2846 0.1881
vt -0.2846 0.2821
vt -0.2592 0.2830
vt -0.2592 0.1887
vt -0.2846 0.2821
vt -0.2846 0.3761
vt -0.2592 0.3774
vt -0.2592 0.2830
vt -0.2846 0.3761
vt -0.2846 0.4702
vt -0.2592 0.4717
vt -0.2592 0.3774
vt -0.2846 0.4702
vt -0.2846 0.5642
vt -0.2592 0.5660
vt -0.2592 0.4717
vt -0.2846 0.5642
vt -0.2846 0.6582
vt -0.2592 0.6604
vt -0.2592 0.5660
vt -0.2846 0.6582
vt -0.2846 0.7522
vt -0.2592 0.7547
vt -0.2592 0.6604
vt -0.2846 0.7522
vt -0.2846 0.8463
vt -0.2592 0.8491
vt -0.2592 0.7547
vt -0.2846 0.8463
vt -0.2846 0.9403
vt -0.2592 0.9434
vt -0.2592 0.8491
vt -0.2592 -0.9434
vt -0.2592 -0.8491
vt -0.2338 -0.8518
vt -0.2338 -0.9465
vt -0.2592 -0.8491
vt -0.2592 -0.7547
vt -0.2338 -0.7572
vt -0.2338 -0.8518
vt -0.2592 -0.7547
vt -0.2592 -0.6604
vt -0.2338 -0.6625
vt -0.2338 -0.7572
vt -0.2592 -0.6604
vt -0.2592 -0.5660
vt -0.2338 -0.5679
vt -0.2338 -0.6625
vt -0.2592 -0.5660
vt -0.2592 -0.4717
vt -0.2338 -0.4732
vt -0.2338 -0.5679
vt -0.2592 -0.4717
vt -0.2592 -0.3774
vt -0.2338 -0.3786
vt -0.2338 -0.4732
vt -0.2592 -0.3774
vt -0.2592 -0.2830
vt -0.2338 -0.2839
vt -0.2338 -0.3786
vt -0.2592 -0.2830
vt -0.2592 -0.1887
vt -0.2338 -0.1893
vt -0.2338 -0.2839
vt -0.2592 0.0079
vt -0.2592 -0.0092
vt -0.2338 -0.0096
vt -0.2338 0.0075
vt -0.2592 -0.0092
vt -0.2592 -0.0290
vt -0.2338 -0.0295
vt -0.2338 -0.0096
vt -0.2592 -0.0290
vt -0.2592 -0.0542
vt -0.2338 -0.0547
vt -0.2338 -0.0295
vt -0.2592 -0.0542
vt -0.2592 -0.1086
vt -0.2338 -0.1092
vt -0.2338 -0.0547
vt -0.2592 -0.1548
vt -0.2592 -0.0774
vt -0.2338 -0.0777
vt -0.2338 -0.1553
vt -0.2592 -0.0774
vt -0.2592 0.0000
vt -0.2338 0.0000
vt -0.2338 -0.0777
vt -0.2592 0.0000
vt -0.2592 0.0774
vt -0.2338 0.0777
vt -0.2338 0.0000
vt -0.2592 0.0774
vt -0.2592 0.1548
vt -0.2338 0.1553
vt -0.2338 0.0777
vt -0.2592 -0.1086
vt -0.2592 -0.0542
vt -0.2338 -0.0547
vt -0.2338 -0.1092
vt -0.2592 -0.0542
vt -0.2592 -0.0290
vt -0.2338 -0.0295
vt -0.2338 -0.0547
vt -0.2592 -0.0290
vt -0.2592 -0.0092
vt -0.2338 -0.0096
vt -0.2338 -0.0295
vt -0.2592 -0.0092
vt -0.2592 0.0079
vt -0.2338 0.0075
vt -0.2338 -0.0096
vt -0.2592 0.1887
vt -0.2592 0.2830
vt -0.2338 0.2839
vt -0.2338 0.1893
vt -0.2592 0.2830
vt -0.2592 0.3774
vt -0.2338 0.3786
vt -0.2338 0.2839
vt -0.2592 0.3774
vt -0.2592 0.4717
vt -0.2338 0.4732
vt -0.2338 0.3786
vt -0.2592 0.4717
vt -0.2592 0.5660
vt -0.2338 0.5679
vt -0.2338 0.4732
vt -0.2592 0.5660
vt -0.2592 0.6604
vt -0.2338 0.6625
vt -0.2338 0.5679
vt -0.2592 0.6604
vt -0.2592 0.7547
vt -0.2338 0.7572
vt -0.2338 0.6625
vt -0.2592 0.7547
vt -0.2592 0.8491
vt -0.2338 0.8518
vt -0.2338 0.7572
vt -0.2592 0.8491
vt -0.2592 0.9434
vt -0.2338 0.9465
vt -0.2338 0.8518
vt -0.2338 -0.9465
vt -0.2338 -0.8518
vt -0.2085 -0.8546
vt -0.2085 -0.9496
vt -0.2338 -0.8518
vt -0.2338 -0.7572
vt -0.2085 -0.7597
vt -0.2085 -0.8546
vt -0.2338 -0.7572
vt -0.2338 -0.6625
vt -0.2085 -0.6647
vt -0.2085 -0.7597
vt -0.2338 -0.6625
vt -0.2338 -0.5679
vt -0.2085 -0.5698
vt -0.2085 -0.6647
vt -0.2338 -0.5679
vt -0.2338 -0.4732
vt -0.2085 -0.4748
vt -0.2085 -0.5698
vt -0.2338 -0.4732
vt -0.2338 -0.3786
vt -0.2085 -0.3798
vt -0.2085 -0.4748
vt -0.2338 -0.3786
vt -0.2338 -0.2839
vt -0.2085 -0.2849
vt -0.2085 -0.3798
vt -0.2338 -0.2839
vt -0.2338 -0.1893
vt -0.2085 -0.1899
vt -0.2085 -0.2849
vt -0.2338 0.0075
vt -0.2338 -0.0096
vt -0.2085 -0.0100
vt -0.2085 0.0071
vt -0.2338 -0.0096
vt -0.2338 -0.0295
vt -0.2085 -0.0299
vt -0.2085 -0.0100
vt -0.2338 -0.0295
vt -0.2338 -0.0547
vt -0.2085 -0.0553
vt -0.2085 -0.0299
vt -0.2338 -0.0547
vt -0.2338 -0.1092
vt -0.2085 -0.1098
vt -0.2085 -0.0553
vt -0.2338 -0.1553
vt -0.2338 -0.0777
vt -0.2085 -0.0779
vt -0.2085 -0.1558
vt -0.2338 -0.0777
vt -0.2338 0.0000
vt -0.2085 0.0000
vt -0.2085 -0.0779
vt -0.2338 0.0000
vt -0.2338 0.0777
vt -0.2085 0.0779
vt -0.2085 0.0000
vt -0.2338 0.0777
vt -0.2338 0.1553
vt -0.2085 0.1558
vt -0.2085 0.0779
vt -0.2338 -0.1092
vt -0.2338 -0.0547
vt -0.2085 -0.0553
vt -0.2085 -0.1098
vt -0.2338 -0.0547
vt -0.2338 -0.0295
vt -0.2085 -0.0299
vt -0.2085 -0.0553
vt -0.2338 -0.0295
vt -0.2338 -0.0096
vt -0.2085 -0.0100
vt -0.2085 -0.0299
vt -0.2338 -0.0096
vt -0.2338 0.0075
vt -0.2085 0.0071
vt -0.2085 -0.0100
vt -0.2338 0.1893
vt -0.2338 0.2839
vt -0.2085 0.2849
vt -0.2085 0.1899
vt -0.2338 0.2839
vt -0.2338 0.3786
vt -0.2085 0.3798
vt -0.2085 0.2849
vt -0.2338 0.3786
vt -0.2338 0.4732
vt -0.2085 0.4748
vt -0.2085 0.3798
vt -0.2338 0.4732
vt -0.2338 0.5679
vt -0.2085 0.5698
vt -0.2085 0.4748
vt -0.2338 0.5679
vt -0.2338 0.6625
vt -0.2085 0.6647
vt -0.2085 0.5698
vt -0.2338 0.6625
vt -0.2338 0.7572
vt -0.2085 0.7597
vt -0.2085 0.6647
vt -0.2338 0.7572
vt -0.2338 0.8518
vt -0.2085 0.8546
vt -0.2085 0.7597
vt -0.2338 0.8518
vt -0.2338 0.9465
vt -0.2085 0.9496
vt -0.2085 0.8546
vt -0.2085 -0.9496
vt -0.2085 -0.8546
vt -0.1831 -0.8574
vt -0.1831 -0.9527
vt -0.2085 -0.8546
vt -0.2085 -0.7597
vt -0.1831 -0.7621
vt -0.1831 -0.8574
vt -0.2085 -0.7597
vt -0.2085 -0.6647
vt -0.1831 -0.6669
vt -0.1831 -0.7621
vt -0.2085 -0.6647
vt -0.2085 -0.5698
vt -0.1831 -0.5716
vt -0.1831 -0.6669
vt -0.2085 -0.5698
vt -0.2085 -0.4748
vt -0.1831 -0.4763
vt -0.1831 -0.5716
vt -0.2085 -0.4748
vt -0.2085 -0.3798
vt -0.1831 -0.3811
vt -0.1831 -0.4763
vt -0.2085 -0.3798
vt -0.2085 -0.2849
vt -0.1831 -0.2858
vt -0.1831 -0.3811
vt -0.2085 -0.2849
vt -0.2085 -0.1899
vt -0.1831 -0.1905
vt -0.1831 -0.2858
vt -0.2085 0.0071
vt -0.2085 -0.0100
vt -0.1831 -0.0104
vt -0.1831 0.0067
vt -0.2085 -0.0100
vt -0.2085 -0.0299
vt -0.1831 -0.0304
vt -0.1831 -0.0104
vt -0.2085 -0.0299
vt -0.2085 -0.0553
vt -0.1831 -0.0558
vt -0.1831 -0.0304
vt -0.2085 -0.0553
vt -0.2085 -0.1098
vt -0.1831 -0.1105
vt -0.1831 -0.0558
vt -0.2085 -0.1558
vt -0.2085 -0.0779
vt -0.1831 -0.0782
vt -0.1831 -0.1563
vt -0.2085 -0.0779
vt -0.2085 0.0000
vt -0.1831 0.0000
vt -0.1831 -0.0782
vt -0.2085 0.0000
vt -0.2085 0.0779
vt -0.1831 0.0782
vt -0.1831 0.0000
vt -0.2085 0.0779
vt -0.2085 0.1558
vt -0.1831 0.1563
vt -0.1831 0.0782
vt -0.2085 -0.1098
vt -0.2085 -0.0553
vt -0.1831 -0.0558
vt -0.1831 -0.1105
vt -0.2085 -0.0553
vt -0.2085 -0.0299
vt -0.1831 -0.0304
vt -0.1831 -0.0558
vt -0.2085 -0.0299
vt -0.2085 -0.0100
vt -0.1831 -0.0104
vt -0.1831 -0.0304
vt -0.2085 -0.0100
vt -0.2085 0.0071
vt -0.1831 0.0067
vt -0.1831 -0.0104
vt -0.2085 0.1899
vt -0.2085 0.2849
vt -0.1831 0.2858
vt -0.1831 0.1905
vt -0.2085 0.2849
vt -0.2085 0.3798
vt -0.1831 0.3811
vt -0.1831 0.2858
vt -0.2085 0.3798
vt -0.2085 0.4748
vt -0.1831 0.4763
vt -0.1831 0.3811
vt -0.2085 0.4748
vt -0.2085 0.5698
vt -0.1831 0.5716
vt -0.1831 0.4763
vt -0.2085 0.5698
vt -0.2085 0.6647
vt -0.1831 0.6669
vt -0.1831 0.5716
vt -0.2085 0.6647
vt -0.2085 0.7597
vt -0.1831 0.7621
vt -0.1831 0.6669
vt -0.2085 0.7597
vt -0.2085 0.8546
vt -0.1831 0.8574
vt -0.1831 0.7621
vt -0.2085 0.8546
vt -0.2085 0.9496
vt -0.1831 0.9527
vt -0.1831 0.8574
vt -0.1831 -0.9527
vt -0.1831 -0.8574
vt -0.1577 -0.8602
vt -0.1577 -0.9558
vt -0.1831 -0.8574
vt -0.1831 -0.7621
vt -0.1577 -0.7646
vt -0.1577 -0.8602
vt -0.1831 -0.7621
vt -0.1831 -0.6669
vt -0.1577 -0.6690
vt -0.1577 -0.7646
vt -0.1831 -0.6669
vt -0.1831 -0.5716
vt -0.1577 -0.5735
vt -0.1577 -0.6690
vt -0.1831 -0.5716
vt -0.1831 -0.4763
vt -0.1577 -0.4779
vt -0.1577 -0.5735
vt -0.1831 -0.4763
vt -0.1831 -0.3811
vt -0.1577 -0.3823
vt -0.1577 -0.4779
vt -0.1831 -0.3811
vt -0.1831 -0.2858
vt -0.1577 -0.2867
vt -0.1577 -0.3823
vt -0.1831 -0.2858
vt -0.1831 -0.1905
vt -0.1577 -0.1912
vt -0.1577 -0.2867
vt -0.1831 0.0067
vt -0.1831 -0.0104
vt -0.1577 -0.0108
vt -0.1577 0.0064
vt -0.1831 -0.0104
vt -0.1831 -0.0304
vt -0.1577 -0.0309
vt -0.1577 -0.0108
vt -0.1831 -0.0304
vt -0.1831 -0.0558
vt -0.1577 -0.0564
vt -0.1577 -0.0309
vt -0.1831 -0.0558
vt -0.1831 -0.1105
vt -0.1577 -0.1113
vt -0.1577 -0.0564
vt -0.1831 -0.1563
vt -0.1831 -0.0782
vt -0.1577 -0.0784
vt -0.1577 -0.1568
vt -0.1831 -0.0782
vt -0.1831 0.0000
vt -0.1577 0.0000
vt -0.1577 -0.0784
vt -0.1831 0.0000
vt -0.1831 0.0782
vt -0.1577 0.0784
vt -0.1577 0.0000
vt -0.1831 0.0782
vt -0.1831 0.1563
vt -0.1577 0.1568
vt -0.1577 0.0784
vt -0.1831 -0.1105
vt -0.1831 -0.0558
vt -0.1577 -0.0564
vt -0.1577 -0.1113
vt -0.1831 -0.0558
vt -0.1831 -0.0304
vt -0.1577 -0.0309
vt -0.1577 -0.0564
vt -0.1831 -0.0304
vt -0.1831 -0.0104
vt -0.1577 -0.0108
vt -0.1577 -0.0309
vt -0.1831 -0.0104
vt -0.1831 0.0067
vt -0.1577 0.0064
vt -0.1577 -0.0108
vt -0.1831 0.1905
vt -0.1831 0.2858
vt -0.1577 0.2867
vt -0.1577 0.1912
vt -0.1831 0.2858
vt -0.1831 0.3811
vt -0.1577 0.3823
vt -0.1577 0.2867
vt -0.1831 0.3811
vt -0.1831 0.4763
vt -0.1577 0.4779
vt -0.1577 0.3823
vt -0.1831 0.4763
vt -0.1831 0.5716
vt -0.1577 0.5735
vt -0.1577 0.4779
vt -0.1831 0.5716
vt -0.1831 0.6669
vt -0.1577 0.6690
vt -0.1577 0.5735
vt -0.1831 0.6669
vt -0.1831 0.7621
vt -0.1577 0.7646
vt -0.1577 0.6690
vt -0.1831 0.7621
vt -0.1831 0.8574
vt -0.1577 0.8602
vt -0.1577 0.7646
vt -0.1831 0.8574
vt -0.1831 0.9527
vt -0.1577 0.9558
vt -0.1577 0.8602
vt -0.1577 -0.9558
vt -0.1577 -0.8602
vt -0.1323 -0.8630
vt -0.1323 -0.9589
vt -0.1577 -0.8602
vt -0.1577 -0.7646
vt -0.1323 -0.7671
vt -0.1323 -0.8630
vt -0.1577 -0.7646
vt -0.1577 -0.6690
vt -0.1323 -0.6712
vt -0.1323 -0.7671
vt -0.1577 -0.6690
vt -0.1577 -0.5735
vt -0.1323 -0.5753
vt -0.1323 -0.6712
vt -0.1577 -0.5735
vt -0.1577 -0.4779
vt -0.1323 -0.4794
vt -0.1323 -0.5753
vt -0.1577 -0.4779
vt -0.1577 -0.3823
vt -0.1323 -0.3835
vt -0.1323 -0.4794
vt -0.1577 -0.3823
vt -0.1577 -0.2867
vt -0.1323 -0.2877
vt -0.1323 -0.3835
vt -0.1577 -0.2867
vt -0.1577 -0.1912
vt -0.1323 -0.1918
vt -0.1323 -0.2877
vt -0.1577 0.0064
vt -0.1577 -0.0108
vt -0.1323 -0.0113
vt -0.1323 0.0060
vt -0.1577 -0.0108
vt -0.1577 -0.0309
vt -0.1323 -0.0314
vt -0.1323 -0.0113
vt -0.1577 -0.0309
vt -0.1577 -0.0564
vt -0.1323 -0.0570
vt -0.1323 -0.0314
vt -0.1577 -0.0564
vt -0.1577 -0.1113
vt -0.1323 -0.1120
vt -0.1323 -0.0570
vt -0.1577 -0.1568
vt -0.1577 -0.0784
vt -0.1323 -0.0787
vt -0.1323 -0.1574
vt -0.1577 -0.0784
vt -0.1577 0.0000
vt -0.1323 0.0000
vt -0.1323 -0.0787
vt -0.1577 0.0000
vt -0.1577 0.0784
vt -0.1323 0.0787
vt -0.1323 0.0000
vt -0.1577 0.0784
vt -0.1577 0.1568
vt -0.1323 0.1574
vt -0.1323 0.0787
vt -0.1577 -0.1113
vt -0.1577 -0.0564
vt -0.1323 -0.0570
vt -0.1323 -0.1120
vt -0.1577 -0.0564
vt -0.1577 -0.0309
vt -0.1323 -0.0314
vt -0.1323 -0.0570
vt -0.1577 -0.0309
vt -0.1577 -0.0108
vt -0.1323 -0.0113
vt -0.1323 -0.0314
vt -0.1577 -0.0108
vt -0.1577 0.0064
vt -0.1323 0.0060
vt -0.1323 -0.0113
vt -0.1577 0.1912
vt -0.1577 0.2867
vt -0.1323 0.2877
vt -0.1323 0.1918
vt -0.1577 0.2867
vt -0.1577 0.3823
vt -0.1323 0.3835
vt -0.1323 0.2877
vt -0.1577 0.3823
vt -0.1577 0.4779
vt -0.1323 0.4794
vt -0.1323 0.3835
vt -0.1577 0.4779
vt -0.1577 0.5735
vt -0.1323 0.5753
vt -0.1323 0.4794
vt -0.1577 0.5735
vt -0.1577 0.6690
vt -0.1323 0.6712
vt -0.1323 0.5753
vt -0.1577 0.6690
vt -0.1577 0.7646
vt -0.1323 0.7671
vt -0.1323 0.6712
vt -0.1577 0.7646
vt -0.1577 0.8602
vt -0.1323 0.8630
vt -0.1323 0.7671
vt -0.1577 0.8602
vt -0.1577 0.9558
vt -0.1323 0.9589
vt -0.1323 0.8630
vt -0.1323 -0.9589
vt -0.1323 -0.8630
vt -0.1069 -0.8658
vt -0.1069 -0.9620
vt -0.1323 -0.8630
vt -0.1323 -0.7671
vt -0.1069 -0.7696
vt -0.1069 -0.8658
vt -0.1323 -0.7671
vt -0.1323 -0.6712
vt -0.1069 -0.6734
vt -0.1069 -0.7696
vt -0.1323 -0.6712
vt -0.1323 -0.5753
vt -0.1069 -0.5772
vt -0.1069 -0.6734
vt -0.1323 -0.5753
vt -0.1323 -0.4794
vt -0.1069 -0.4810
vt -0.1069 -0.5772
vt -0.1323 -0.4794
vt -0.1323 -0.3835
vt -0.1069 -0.3848
vt -0.1069 -0.4810
vt -0.1323 -0.3835
vt -0.1323 -0.2877
vt -0.1069 -0.2886
vt -0.1069 -0.3848
vt -0.1323 -0.2877
vt -0.1323 -0.1918
vt -0.1069 -0.1924
vt -0.1069 -0.2886
vt -0.1323 0.0060
vt -0.1323 -0.0113
vt -0.1069 -0.0117
vt -0.1069 0.0056
vt -0.1323 -0.0113
vt -0.1323 -0.0314
vt -0.1069 -0.0319
vt -0.1069 -0.0117
vt -0.1323 -0.0314
vt -0.1323 -0.0570
vt -0.1069 -0.0576
vt -0.1069 -0.0319
vt -0.1323 -0.0570
vt -0.1323 -0.1120
vt -0.1069 -0.1128
vt -0.1069 -0.0576
vt -0.1323 -0.1574
vt -0.1323 -0.0787
vt -0.1069 -0.0789
vt -0.1069 -0.1579
vt -0.1323 -0.0787
vt -0.1323 0.0000
vt -0.1069 0.0000
vt -0.1069 -0.0789
vt -0.1323 0.0000
vt -0.1323 0.0787
vt -0.1069 0.0789
vt -0.1069 0.0000
vt -0.1323 0.0787
vt -0.1323 0.1574
vt -0.1069 0.1579
vt -0.1069 0.0789
vt -0.1323 -0.1120
vt -0.1323 -0.0570
vt -0.1069 -0.0576
vt -0.1069 -0.1128
vt -0.1323 -0.0570
vt -0.1323 -0.0314
vt -0.1069 -0.0319
vt -0.1069 -0.0576
vt -0.1323 -0.0314
vt -0.1323 -0.0113
vt -0.1069 -0.0117
vt -0.1069 -0.0319
vt -0.1323 -0.0113
vt -0.1323 0.0060
vt -0.1069 0.0056
vt -0.1069 -0.0117
vt -0.1323 0.1918
vt -0.1323 0.2877
vt -0.1069 0.2886
vt -0.1069 0.1924
vt -0.1323 0.2877
vt -0.1323 0.3835
vt -0.1069 0.3848
vt -0.1069 0.2886
vt -0.1323 0.3835
vt -0.1323 0.4794
vt -0.1069 0.4810
vt -0.1069 0.3848
vt -0.1323 0.4794
vt -0.1323 0.5753
vt -0.1069 0.5772
vt -0.1069 0.4810
vt -0.1323 0.5753
vt -0.1323 0.6712
vt -0.1069 0.6734
vt -0.1069 0.5772
vt -0.1323 0.6712
vt -0.1323 0.7671
vt -0.1069 0.7696
vt -0.1069 0.6734
vt -0.1323 0.7671
vt -0.1323 0.8630
vt -0.1069 0.8658
vt -0.1069 0.7696
vt -0.1323 0.8630
vt -0.1323 0.9589
vt -0.1069 0.9620
vt -0.1069 0.8658
vt -0.1069 -0.9620
vt -0.1069 -0.8658
vt -0.0815 -0.8685
vt -0.0815 -0.9651
vt -0.1069 -0.8658
vt -0.1069 -0.7696
vt -0.0815 -0.7720
vt -0.0815 -0.8685
vt -0.1069 -0.7696
vt -0.1069 -0.6734
vt -0.0815 -0.6755
vt -0.0815 -0.7720
vt -0.1069 -0.6734
vt -0.1069 -0.5772
vt -0.0815 -0.5790
vt -0.0815 -0.6755
vt -0.1069 -0.5772
vt -0.1069 -0.4810
vt -0.0815 -0.4825
vt -0.0815 -0.5790
vt -0.1069 -0.4810
vt -0.1069 -0.3848
vt -0.0815 -0.3860
vt -0.0815 -0.4825
vt -0.1069 -0.3848
vt -0.1069 -0.2886
vt -0.0815 -0.2895
vt -0.0815 -0.3860
vt -0.1069 -0.2886
vt -0.1069 -0.1924
vt -0.0815 -0.1930
vt -0.0815 -0.2895
vt -0.1069 0.0056
vt -0.1069 -0.0117
vt -0.0815 -0.0122
vt -0.0815 0.0052
vt -0.1069 -0.0117
vt -0.1069 -0.0319
vt -0.0815 -0.0324
vt -0.0815 -0.0122
vt -0.1069 -0.0319
vt -0.1069 -0.0576
vt -0.0815 -0.0581
vt -0.0815 -0.0324
vt -0.1069 -0.0576
vt -0.1069 -0.1128
vt -0.0815 -0.1136
vt -0.0815 -0.0581
vt -0.1069 -0.1579
vt -0.1069 -0.0789
vt -0.0815 -0.0792
vt -0.0815 -0.1584
vt -0.1069 -0.0789
vt -0.1069 0.0000
vt -0.0815 0.0000
vt -0.0815 -0.0792
vt -0.1069 0.0000
vt -0.1069 0.0789
vt -0.0815 0.0792
vt -0.0815 0.0000
vt -0.1069 0.0789
vt -0.1069 0.1579
vt -0.0815 0.1584
vt -0.0815 0.0792
vt -0.1069 -0.1128
vt -0.1069 -0.0576
vt -0.0815 -0.0581
vt -0.0815 -0.1136
vt -0.1069 -0.0576
vt -0.1069 -0.0319
vt -0.0815 -0.0324
vt -0.0815 -0.0581
vt -0.1069 -0.0319
vt -0.1069 -0.0117
vt -0.0815 -0.0122
vt -0.0815 -0.0324
vt -0.1069 -0.0117
vt -0.1069 0.0056
vt -0.0815 0.0052
vt -0.0815 -0.0122
vt -0.1069 0.1924
vt -0.1069 0.2886
vt -0.0815 0.2895
vt -0.0815 0.1930
vt -0.1069 0.2886
vt -0.1069 0.3848
vt -0.0815 0.3860
vt -0.0815 0.2895
vt -0.1069 0.3848
vt -0.1069 0.4810
vt -0.0815 0.4825
vt -0.0815 0.3860
vt -0.1069 0.4810
vt -0.1069 0.5772
vt -0.0815 0.5790
vt -0.0815 0.4825
vt -0.1069 0.5772
vt -0.1069 0.6734
vt -0.0815 0.6755
vt -0.0815 0.5790
vt -0.1069 0.6734
vt -0.1069 0.7696
vt -0.0815 0.7720
vt -0.0815 0.6755
vt -0.1069 0.7696
vt -0.1069 0.8658
vt -0.0815 0.8685
vt -0.0815 0.7720
vt -0.1069 0.8658
vt -0.1069 0.9620
vt -0.0815 0.9651
vt -0.0815 0.8685
vt -0.0815 -0.9651
vt -0.0815 -0.8685
vt -0.0562 -0.8713
vt -0.0562 -0.9681
vt -0.0815 -0.8685
vt -0.0815 -0.7720
vt -0.0562 -0.7745
vt -0.0562 -0.8713
vt -0.0815 -0.7720
vt -0.0815 -0.6755
vt -0.0562 -0.6777
vt -0.0562 -0.7745
vt -0.0815 -0.6755
vt -0.0815 -0.5790
vt -0.0562 -0.5809
vt -0.0562 -0.6777
vt -0.0815 -0.5790
vt -0.0815 -0.4825
vt -0.0562 -0.4841
vt -0.0562 -0.5809
vt -0.0815 -0.4825
vt -0.0815 -0.3860
vt -0.0562 -0.3873
vt -0.0562 -0.4841
vt -0.0815 -0.3860
vt -0.0815 -0.2895
vt -0.0562 -0.2904
vt -0.0562 -0.3873
vt -0.0815 -0.2895
vt -0.0815 -0.1930
vt -0.0562 -0.1936
vt -0.0562 -0.2904
vt -0.0815 0.0052
vt -0.0815 -0.0122
vt -0.0562 -0.0126
vt -0.0562 0.0048
vt -0.0815 -0.0122
vt -0.0815 -0.0324
vt -0.0562 -0.0329
vt -0.0562 -0.0126
vt -0.0815 -0.0324
vt -0.0815 -0.0581
vt -0.0562 -0.0587
vt -0.0562 -0.0329
vt -0.0815 -0.0581
vt -0.0815 -0.1136
vt -0.0562 -0.1143
vt -0.0562 -0.0587
vt -0.0815 -0.1584
vt -0.0815 -0.0792
vt -0.0562 -0.0794
vt -0.0562 -0.1589
vt -0.0815 -0.0792
vt -0.0815 0.0000
vt -0.0562 0.0000
vt -0.0562 -0.0794
vt -0.0815 0.0000
vt -0.0815 0.0792
vt -0.0562 0.0794
vt -0.0562 0.0000
vt -0.0815 0.0792
vt -0.0815 0.1584
vt -0.0562 0.1589
vt -0.0562 0.0794
vt -0.0815 -0.1136
vt -0.0815 -0.0581
vt -0.0562 -0.0587
vt -0.0562 -0.1143
vt -0.0815 -0.0581
vt -0.0815 -0.0324
vt -0.0562 -0.0329
vt -0.0562 -0.0587
vt -0.0815 -0.0324
vt -0.0815 -0.0122
vt -0.0562 -0.0126
vt -0.0562 -0.0329
vt -0.0815 -0.0122
vt -0.0815 0.0052
vt -0.0562 0.0048
vt -0.0562 -0.0126
vt -0.0815 0.1930
vt -0.0815 0.2895
vt -0.0562 0.2904
vt -0.0562 0.1936
vt -0.0815 0.2895
vt -0.0815 0.3860
vt -0.0562 0.3873
vt -0.0562 0.2904
vt -0.0815 0.3860
vt -0.0815 0.4825
vt -0.0562 0.4841
vt -0.0562 0.3873
vt -0.0815 0.4825
vt -0.0815 0.5790
vt -0.0562 0.5809
vt -0.0562 0.4841
vt -0.0815 0.5790
vt -0.0815 0.6755
vt -0.0562 0.6777
vt -0.0562 0.5809
vt -0.0815 0.6755
vt -0.0815 0.7720
vt -0.0562 0.7745
vt -0.0562 0.6777
vt -0.0815 0.7720
vt -0.0815 0.8685
vt -0.0562 0.8713
vt -0.0562 0.7745
vt -0.0815 0.8685
vt -0.0815 0.9651
vt -0.0562 0.9681
vt -0.0562 0.8713
vt -0.0562 -0.9681
vt -0.0562 -0.8713
vt -0.0308 -0.8741
vt -0.0308 -0.9712
vt -0.0562 -0.8713
vt -0.0562 -0.7745
vt -0.0308 -0.7770
vt -0.0308 -0.8741
vt -0.0562 -0.7745
vt -0.0562 -0.6777
vt -0.0308 -0.6799
vt -0.0308 -0.7770
vt -0.0562 -0.6777
vt -0.0562 -0.5809
vt -0.0308 -0.5827
vt -0.0308 -0.6799
vt -0.0562 -0.5809
vt -0.0562 -0.4841
vt -0.0308 -0.4856
vt -0.0308 -0.5827
vt -0.0562 -0.4841
vt -0.0562 -0.3873
vt -0.0308 -0.3885
vt -0.0308 -0.4856
vt -0.0562 -0.3873
vt -0.0562 -0.2904
vt -0.0308 -0.2914
vt -0.0308 -0.3885
vt -0.0562 -0.2904
vt -0.0562 -0.1936
vt -0.0308 -0.1943
vt -0.0308 -0.2914
vt -0.0562 0.0048
vt -0.0562 -0.0126
vt -0.0308 -0.0130
vt -0.0308 0.0045
vt -0.0562 -0.0126
vt -0.0562 -0.0329
vt -0.0308 -0.0334
vt -0.0308 -0.0130
vt -0.0562 -0.0329
vt -0.0562 -0.0587
vt -0.0308 -0.0593
vt -0.0308 -0.0334
vt -0.0562 -0.0587
vt -0.0562 -0.1143
vt -0.0308 -0.1151
vt -0.0308 -0.0593
vt -0.0562 -0.1589
vt -0.0562 -0.0794
vt -0.0308 -0.0797
vt -0.0308 -0.1594
vt -0.0562 -0.0794
vt -0.0562 0.0000
vt -0.0308 0.0000
vt -0.0308 -0.0797
vt -0.0562 0.0000
vt -0.0562 0.0794
vt -0.0308 0.0797
vt -0.0308 0.0000
vt -0.0562 0.0794
vt -0.0562 0.1589
vt -0.0308 0.1594
vt -0.0308 0.0797
vt -0.0562 -0.1143
vt -0.0562 -0.0587
vt -0.0308 -0.0593
vt -0.0308 -0.1151
vt -0.0562 -0.0587
vt -0.0562 -0.0329
vt -0.0308 -0.0334
vt -0.0308 -0.0593
vt -0.0562 -0.0329
vt -0.0562 -0.0126
vt -0.0308 -0.0130
vt -0.0308 -0.0334
vt -0.0562 -0.0126
vt -0.0562 0.0048
vt -0.0308 0.0045
vt -0.0308 -0.0130
vt -0.0562 0.1936
vt -0.0562 0.2904
vt -0.0308 0.2914
vt -0.0308 0.1943
vt -0.0562 0.2904
vt -0.0562 0.3873
vt -0.0308 0.3885
vt -0.0308 0.2914
vt -0.0562 0.3873
vt -0.0562 0.4841
vt -0.0308 0.4856
vt -0.0308 0.3885
vt -0.0562 0.4841
vt -0.0562 0.5809
vt -0.0308 0.5827
vt -0.0308 0.4856
vt -0.0562 0.5809
vt -0.0562 0.6777
vt -0.0308 0.6799
vt -0.0308 0.5827
vt -0.0562 0.6777
vt -0.0562 0.7745
vt -0.0308 0.7770
vt -0.0308 0.6799
vt -0.0562 0.7745
vt -0.0562 0.8713
vt -0.0308 0.8741
vt -0.0308 0.7770
vt -0.0562 0.8713
vt -0.0562 0.9681
vt -0.0308 0.9712
vt -0.0308 0.8741
vt -0.0308 -0.9712
vt -0.0308 -0.8741
vt -0.0054 -0.8769
vt -0.0054 -0.9743
vt -0.0308 -0.8741
vt -0.0308 -0.7770
vt -0.0054 -0.7795
vt -0.0054 -0.8769
vt -0.0308 -0.7770
vt -0.0308 -0.6799
vt -0.0054 -0.6820
vt -0.0054 -0.7795
vt -0.0308 -0.6799
vt -0.0308 -0.5827
vt -0.0054 -0.5846
vt -0.0054 -0.6820
vt -0.0308 -0.5827
vt -0.0308 -0.4856
vt -0.0054 -0.4872
vt -0.0054 -0.5846
vt -0.0308 -0.4856
vt -0.0308 -0.3885
vt -0.0054 -0.3897
vt -0.0054 -0.4872
vt -0.0308 -0.3885
vt -0.0308 -0.2914
vt -0.0054 -0.2923
vt -0.0054 -0.3897
vt -0.0308 -0.2914
vt -0.0308 -0.1943
vt -0.0054 -0.1949
vt -0.0054 -0.2923
vt -0.0308 0.0045
vt -0.0308 -0.0130
vt -0.0054 -0.0135
vt -0.0054 0.0041
vt -0.0308 -0.0130
vt -0.0308 -0.0334
vt -0.0054 -0.0339
vt -0.0054 -0.0135
vt -0.0308 -0.0334
vt -0.0308 -0.0593
vt -0.0054 -0.0599
vt -0.0054 -0.0339
vt -0.0308 -0.0593
vt -0.0308 -0.1151
vt -0.0054 -0.1158
vt -0.0054 -0.0599
vt -0.0308 -0.1594
vt -0.0308 -0.0797
vt -0.0054 -0.0799
vt -0.0054 -0.1599
vt -0.0308 -0.0797
vt -0.0308 0.0000
vt -0.0054 0.0000
vt -0.0054 -0.0799
vt -0.0308 0.0000
vt -0.0308 0.0797
vt -0.0054 0.0799
vt -0.0054 0.0000
vt -0.0308 0.0797
vt -0.0308 0.1594
vt -0.0054 0.1599
vt -0.0054 0.0799
vt -0.0308 -0.1151
vt -0.0308 -0.0593
vt -0.0054 -0.0599
vt -0.0054 -0.1158
vt -0.0308 -0.0593
vt -0.0308 -0.0334
vt -0.0054 -0.0339
vt -0.0054 -0.0599
vt -0.0308 -0.0334
vt -0.0308 -0.0130
vt -0.0054 -0.0135
vt -0.0054 -0.0339
vt -0.0308 -0.0130
vt -0.0308 0.0045
vt -0.0054 0.0041
vt -0.0054 -0.0135
vt -0.0308 0.1943
vt -0.0308 0.2914
vt -0.0054 0.2923
vt -0.0054 0.1949
vt -0.0308 0.2914
vt -0.0308 0.3885
vt -0.0054 0.3897
vt -0.0054 0.2923
vt -0.0308 0.3885
vt -0.0308 0.4856
vt -0.0054 0.4872
vt -0.0054 0.3897
vt -0.0308 0.4856
vt -0.0308 0.5827
vt -0.0054 0.5846
vt -0.0054 0.4872
vt -0.0308 0.5827
vt -0.0308 0.6799
vt -0.0054 0.6820
vt -0.0054 0.5846
vt -0.0308 0.6799
vt -0.0308 0.7770
vt -0.0054 0.7795
vt -0.0054 0.6820
vt -0.0308 0.7770
vt -0.0308 0.8741
vt -0.0054 0.8769
vt -0.0054 0.7795
vt -0.0308 0.8741
vt -0.0308 0.9712
vt -0.0054 0.9743
vt -0.0054 0.8769
vt -0.0054 -0.9743
vt -0.0054 -0.8769
vt 0.0200 -0.8775
vt 0.0200 -0.9750
vt -0.0054 -0.8769
vt -0.0054 -0.7795
vt 0.0200 -0.7800
vt 0.0200 -0.8775
vt -0.0054 -0.7795
vt -0.0054 -0.6820
vt 0.0200 -0.6825
vt 0.0200 -0.7800
vt -0.0054 -0.6820
vt -0.0054 -0.5846
vt 0.0200 -0.5850
vt 0.0200 -0.6825
vt -0.0054 -0.5846
vt -0.0054 -0.4872
vt 0.0200 -0.4875
vt 0.0200 -0.5850
vt -0.0054 -0.4872
vt -0.0054 -0.3897
vt 0.0200 -0.3900
vt 0.0200 -0.4875
vt -0.0054 -0.3897
vt -0.0054 -0.2923
vt 0.0200 -0.2925
vt 0.0200 -0.3900
vt -0.0054 -0.2923
vt -0.0054 -0.1949
vt 0.0200 -0.1950
vt 0.0200 -0.2925
vt -0.0054 0.0041
vt -0.0054 -0.0135
vt 0.0200 -0.0136
vt 0.0200 0.0040
vt -0.0054 -0.0135
vt -0.0054 -0.0339
vt 0.0200 -0.0340
vt 0.0200 -0.0136
vt -0.0054 -0.0339
vt -0.0054 -0.0599
vt 0.0200 -0.0600
vt 0.0200 -0.0340
vt -0.0054 -0.0599
vt -0.0054 -0.1158
vt 0.0200 -0.1160
vt 0.0200 -0.0600
vt -0.0054 -0.1599
vt -0.0054 -0.0799
vt 0.0200 -0.0800
vt 0.0200 -0.1600
vt -0.0054 -0.0799
vt -0.0054 0.0000
vt 0.0200 0.0000
vt 0.0200 -0.0800
vt -0.0054 0.0000
vt -0.0054 0.0799
vt 0.0200 0.0800
vt 0.0200 0.0000
vt -0.0054 0.0799
vt -0.0054 0.1599
vt 0.0200 0.1600
vt 0.0200 0.0800
vt -0.0054 -0.1158
vt -0.0054 -0.0599
vt 0.0200 -0.0600
vt 0.0200 -0.1160
vt -0.0054 -0.0599
vt -0.0054 -0.0339
vt 0.0200 -0.0340
vt 0.0200 -0.0600
vt -0.0054 -0.0339
vt -0.0054 -0.0135
vt 0.0200 -0.0136
vt 0.0200 -0.0340
vt -0.0054 -0.0135
vt -0.0054 0.0041
vt 0.0200 0.0040
vt 0.0200 -0.0136
vt -0.0054 0.1949
vt -0.0054 0.2923
vt 0.0200 0.2925
vt 0.0200 0.1950
vt -0.0054 0.2923
vt -0.0054 0.3897
vt 0.0200 0.3900
vt 0.0200 0.2925
vt -0.0054 0.3897
vt -0.0054 0.4872
vt 0.0200 0.4875
vt 0.0200 0.3900
vt -0.0054 0.4872
vt -0.0054 0.5846
vt 0.0200 0.5850
vt 0.0200 0.4875
vt -0.0054 0.5846
vt -0.0054 0.6820
vt 0.0200 0.6825
vt 0.0200 0.5850
vt -0.0054 0.6820
vt -0.0054 0.7795
vt 0.0200 0.7800
vt 0.0200 0.6825
vt -0.0054 0.7795
vt -0.0054 0.8769
vt 0.0200 0.8775
vt 0.0200 0.7800
vt -0.0054 0.8769
vt -0.0054 0.9743
vt 0.0200 0.9750
vt 0.0200 0.8775
f 1921/5525 1922/5526 1923/5527 1924/5528
f 1925/5529 1926/5530 1927/5531 1928/5532
f 1929/5533 1930/5534 1931/5535 1932/5536
f 1933/5537 1934/5538 1935/5539 1936/5540
f 1937/5541 1938/5542 1939/5543 1940/5544
f 1941/5545 1942/5546 1943/5547 1944/5548
f 1945/5549 1946/5550 1947/5551 1948/5552
f 1949/5553 1950/5554 1951/5555 1952/5556
f 1953/5557 1954/5558 1955/5559 1956/5560
f 1957/5561 1958/5562 1959/5563 1960/5564
f 1961/5565 1962/5566 1963/5567 1964/5568
f 1965/5569 1966/5570 1967/5571 1968/5572
f 1969/5573 1970/5574 1971/5575 1972/5576
f 1973/5577 1974/5578 1975/5579 1976/5580
f 1977/5581 1978/5582 1979/5583 1980/5584
f 1981/5585 1982/5586 1983/5587 1984/5588
f 1985/5589 1986/5590 1987/5591 1988/5592
f 1989/5593 1990/5594 1991/5595 1992/5596
f 1993/5597 1994/5598 1995/5599 1996/5600
f 1997/5601 1998/5602 1999/5603 2000/5604
f 2001/5605 2002/5606 2003/5607 2004/5608
f 2005/5609 2006/5610 2007/5611 2008/5612
f 2009/5613 2010/5614 2011/5615 2012/5616
f 2013/5617 2014/5618 2015/5619 2016/5620
f 2017/5621 2018/5622 2019/5623 2020/5624
f 2021/5625 2022/5626 2023/5627 2024/5628
f 2025/5629 2026/5630 2027/5631 2028/5632
f 2029/5633 2030/5634 2031/5635 2032/5636
f 2033/5637 2034/5638 2035/5639 2036/5640
f 2037/5641 2038/5642 2039/5643 2040/5644
f 2041/5645 2042/5646 2043/5647 2044/5648
f 2045/5649 2046/5650 2047/5651 2048/5652
f 2049/5653 2050/5654 2051/5655 2052/5656
f 2053/5657 2054/5658 2055/5659 2056/5660
f 2057/5661 2058/5662 2059/5663 2060/5664
f 2061/5665 2062/5666 2063/5667 2064/5668
f 2065/5669 2066/5670 2067/5671 2068/5672
f 2069/5673 2070/5674 2071/5675 2072/5676
f 2073/5677 2074/5678 2075/5679 2076/5680
f 2077/5681 2078/5682 2079/5683 2080/5684
f 2081/5685 2082/5686 2083/5687 2084/5688
f 2085/5689 2086/5690 2087/5691 2088/5692
f 2089/5693 2090/5694 2091/5695 2092/5696
f 2093/5697 2094/5698 2095/5699 2096/5700
f 2097/5701 2098/5702 2099/5703 2100/5704
f 2101/5705 2102/5706 2103/5707 2104/5708
f 2105/5709 2106/5710 2107/5711 2108/5712
f 2109/5713 2110/5714 2111/5715 2112/5716
f 2113/5717 2114/5718 2115/5719 2116/5720
f 2117/5721 2118/5722 2119/5723 2120/5724
f 2121/5725 2122/5726 2123/5727 2124/5728
f 2125/5729 2126/5730 2127/5731 2128/5732
f 2129/5733 2130/5734 2131/5735 2132/5736
f 2133/5737 2134/5738 2135/5739 2136/5740
f 2137/5741 2138/5742 2139/5743 2140/5744
f 2141/5745 2142/5746 2143/5747 2144/5748
f 2145/5749 2146/5750 2147/5751 2148/5752
f 2149/5753 2150/5754 2151/5755 2152/5756
f 2153/5757 2154/5758 2155/5759 2156/5760
f 2157/5761 2158/5762 2159/5763 2160/5764
f 2161/5765 2162/5766 2163/5767 2164/5768
f 2165/5769 2166/5770 2167/5771 2168/5772
f 2169/5773 2170/5774 2171/5775 2172/5776
f 2173/5777 2174/5778 2175/5779 2176/5780
f 2177/5781 2178/5782 2179/5783 2180/5784
f 2181/5785 2182/5786 2183/5787 2184/5788
f 2185/5789 2186/5790 2187/5791 2188/5792
f 2189/5793 2190/5794 2191/5795 2192/5796
f 2193/5797 2194/5798 2195/5799 2196/5800
f 2197/5801 2198/5802 2199/5803 2200/5804
f 2201/5805 2202/5806 2203/5807 2204/5808
f 2205/5809 2206/5810 2207/5811 2208/5812
f 2209/5813 2210/5814 2211/5815 2212/5816
f 2213/5817 2214/5818 2215/5819 2216/5820
f 2217/5821 2218/5822 2219/5823 2220/5824
f 2221/5825 2222/5826 2223/5827 2224/5828
f 2225/5829 2226/5830 2227/5831 2228/5832
f 2229/5833 2230/5834 2231/5835 2232/5836
f 2233/5837 2234/5838 2235/5839 2236/5840
f 2237/5841 2238/5842 2239/5843 2240/5844
f 2241/5845 2242/5846 2243/5847 2244/5848
f 2245/5849 2246/5850 2247/5851 2248/5852
f 2249/5853 2250/5854 2251/5855 2252/5856
f 2253/5857 2254/5858 2255/5859 2256/5860
f 2257/5861 2258/5862 2259/5863 2260/5864
f 2261/5865 2262/5866 2263/5867 2264/5868
f 2265/5869 2266/5870 2267/5871 2268/5872
f 2269/5873 2270/5874 2271/5875 2272/5876
f 2273/5877 2274/5878 2275/5879 2276/5880
f 2277/5881 2278/5882 2279/5883 2280/5884
f 2281/5885 2282/5886 2283/5887 2284/5888
f 2285/5889 2286/5890 2287/5891 2288/5892
f 2289/5893 2290/5894 2291/5895 2292/5896
f 2293/5897 2294/5898 2295/5899 2296/5900
f 2297/5901 2298/5902 2299/5903 2300/5904
f 2301/5905 2302/5906 2303/5907 2304/5908
f 2305/5909 2306/5910 2307/5911 2308/5912
f 2309/5913 2310/5914 2311/5915 2312/5916
f 2313/5917 2314/5918 2315/5919 2316/5920
f 2317/5921 2318/5922 2319/5923 2320/5924
f 2321/5925 2322/5926 2323/5927 2324/5928
f 2325/5929 2326/5930 2327/5931 2328/5932
f 2329/5933 2330/5934 2331/5935 2332/5936
f 2333/5937 2334/5938 2335/5939 2336/5940
f 2337/5941 2338/5942 2339/5943 2340/5944
f 2341/5945 2342/5946 2343/5947 2344/5948
f 2345/5949 2346/5950 2347/5951 2348/5952
f 2349/5953 2350/5954 2351/5955 2352/5956
f 2353/5957 2354/5958 2355/5959 2356/5960
f 2357/5961 2358/5962 2359/5963 2360/5964
f 2361/5965 2362/5966 2363/5967 2364/5968
f 2365/5969 2366/5970 2367/5971 2368/5972
f 2369/5973 2370/5974 2371/5975 2372/5976
f 2373/5977 2374/5978 2375/5979 2376/5980
f 2377/5981 2378/5982 2379/5983 2380/5984
f 2381/5985 2382/5986 2383/5987 2384/5988
f 2385/5989 2386/5990 2387/5991 2388/5992
f 2389/5993 2390/5994 2391/5995 2392/5996
f 2393/5997 2394/5998 2395/5999 2396/6000
f 2397/6001 2398/6002 2399/6003 2400/6004
f 2401/6005 2402/6006 2403/6007 2404/6008
f 2405/6009 2406/6010 2407/6011 2408/6012
f 2409/6013 2410/6014 2411/6015 2412/6016
f 2413/6017 2414/6018 2415/6019 2416/6020
f 2417/6021 2418/6022 2419/6023 2420/6024
f 2421/6025 2422/6026 2423/6027 2424/6028
f 2425/6029 2426/6030 2427/6031 2428/6032
f 2429/6033 2430/6034 2431/6035 2432/6036
f 2433/6037 2434/6038 2435/6039 2436/6040
f 2437/6041 2438/6042 2439/6043 2440/6044
f 2441/6045 2442/6046 2443/6047 2444/6048
f 2445/6049 2446/6050 2447/6051 2448/6052
f 2449/6053 2450/6054 2451/6055 2452/6056
f 2453/6057 2454/6058 2455/6059 2456/6060
f 2457/6061 2458/6062 2459/6063 2460/6064
f 2461/6065 2462/6066 2463/6067 2464/6068
f 2465/6069 2466/6070 2467/6071 2468/6072
f 2469/6073 2470/6074 2471/6075 2472/6076
f 2473/6077 2474/6078 2475/6079 2476/6080
f 2477/6081 2478/6082 2479/6083 2480/6084
f 2481/6085 2482/6086 2483/6087 2484/6088
f 2485/6089 2486/6090 2487/6091 2488/6092
f 2489/6093 2490/6094 2491/6095 2492/6096
f 2493/6097 2494/6098 2495/6099 2496/6100
f 2497/6101 2498/6102 2499/6103 2500/6104
f 2501/6105 2502/6106 2503/6107 2504/6108
f 2505/6109 2506/6110 2507/6111 2508/6112
f 2509/6113 2510/6114 2511/6115 2512/6116
f 2513/6117 2514/6118 2515/6119 2516/6120
f 2517/6121 2518/6122 2519/6123 2520/6124
f 2521/6125 2522/6126 2523/6127 2524/6128
f 2525/6129 2526/6130 2527/6131 2528/6132
f 2529/6133 2530/6134 2531/6135 2532/6136
f 2533/6137 2534/6138 2535/6139 2536/6140
f 2537/6141 2538/6142 2539/6143 2540/6144
f 2541/6145 2542/6146 2543/6147 2544/6148
f 2545/6149 2546/6150 2547/6151 2548/6152
f 2549/6153 2550/6154 2551/6155 2552/6156
f 2553/6157 2554/6158 2555/6159 2556/6160
f 2557/6161 2558/6162 2559/6163 2560/6164
f 2561/6165 2562/6166 2563/6167 2564/6168
f 2565/6169 2566/6170 2567/6171 2568/6172
f 2569/6173 2570/6174 2571/6175 2572/6176
f 2573/6177 2574/6178 2575/6179 2576/6180
f 2577/6181 2578/6182 2579/6183 2580/6184
f 2581/6185 2582/6186 2583/6187 2584/6188
f 2585/6189 2586/6190 2587/6191 2588/6192
f 2589/6193 2590/6194 2591/6195 2592/6196
f 2593/6197 2594/6198 2595/6199 2596/6200
f 2597/6201 2598/6202 2599/6203 2600/6204
f 2601/6205 2602/6206 2603/6207 2604/6208
f 2605/6209 2606/6210 2607/6211 2608/6212
f 2609/6213 2610/6214 2611/6215 2612/6216
f 2613/6217 2614/6218 2615/6219 2616/6220
f 2617/6221 2618/6222 2619/6223 2620/6224
f 2621/6225 2622/6226 2623/6227 2624/6228
f 2625/6229 2626/6230 2627/6231 2628/6232
f 2629/6233 2630/6234 2631/6235 2632/6236
f 2633/6237 2634/6238 2635/6239 2636/6240
f 2637/6241 2638/6242 2639/6243 2640/6244
f 2641/6245 2642/6246 2643/6247 2644/6248
f 2645/6249 2646/6250 2647/6251 2648/6252
f 2649/6253 2650/6254 2651/6255 2652/6256
f 2653/6257 2654/6258 2655/6259 2656/6260
f 2657/6261 2658/6262 2659/6263 2660/6264
f 2661/6265 2662/6266 2663/6267 2664/6268
f 2665/6269 2666/6270 2667/6271 2668/6272
f 2669/6273 2670/6274 2671/6275 2672/6276
f 2673/6277 2674/6278 2675/6279 2676/6280
f 2677/6281 2678/6282 2679/6283 2680/6284
f 2681/6285 2682/6286 2683/6287 2684/6288
f 2685/6289 2686/6290 2687/6291 2688/6292
f 2689/6293 2690/6294 2691/6295 2692/6296
f 2693/6297 2694/6298 2695/6299 2696/6300
f 2697/6301 2698/6302 2699/6303 2700/6304
f 2701/6305 2702/6306 2703/6307 2704/6308
f 2705/6309 2706/6310 2707/6311 2708/6312
f 2709/6313 2710/6314 2711/6315 2712/6316
f 2713/6317 2714/6318 2715/6319 2716/6320
f 2717/6321 2718/6322 2719/6323 2720/6324
f 2721/6325 2722/6326 2723/6327 2724/6328
f 2725/6329 2726/6330 2727/6331 2728/6332
f 2729/6333 2730/6334 2731/6335 2732/6336
f 2733/6337 2734/6338 2735/6339 2736/6340
f 2737/6341 2738/6342 2739/6343 2740/6344
f 2741/6345 2742/6346 2743/6347 2744/6348
f 2745/6349 2746/6350 2747/6351 2748/6352
f 2749/6353 2750/6354 2751/6355 2752/6356
f 2753/6357 2754/6358 2755/6359 2756/6360
f 2757/6361 2758/6362 2759/6363 2760/6364
f 2761/6365 2762/6366 2763/6367 2764/6368
f 2765/6369 2766/6370 2767/6371 2768/6372
f 2769/6373 2770/6374 2771/6375 2772/6376
f 2773/6377 2774/6378 2775/6379 2776/6380
f 2777/6381 2778/6382 2779/6383 2780/6384
f 2781/6385 2782/6386 2783/6387 2784/6388
f 2785/6389 2786/6390 2787/6391 2788/6392
f 2789/6393 2790/6394 2791/6395 2792/6396
f 2793/6397 2794/6398 2795/6399 2796/6400
f 2797/6401 2798/6402 2799/6403 2800/6404
f 2801/6405 2802/6406 2803/6407 2804/6408
f 2805/6409 2806/6410 2807/6411 2808/6412
f 2809/6413 2810/6414 2811/6415 2812/6416
f 2813/6417 2814/6418 2815/6419 2816/6420
f 2817/6421 2818/6422 2819/6423 2820/6424
f 2821/6425 2822/6426 2823/6427 2824/6428
f 2825/6429 2826/6430 2827/6431 2828/6432
f 2829/6433 2830/6434 2831/6435 2832/6436
f 2833/6437 2834/6438 2835/6439 2836/6440
f 2837/6441 2838/6442 2839/6443 2840/6444
f 2841/6445 2842/6446 2843/6447 2844/6448
f 2845/6449 2846/6450 2847/6451 2848/6452
f 2849/6453 2850/6454 2851/6455 2852/6456
f 2853/6457 2854/6458 2855/6459 2856/6460
f 2857/6461 2858/6462 2859/6463 2860/6464
f 2861/6465 2862/6466 2863/6467 2864/6468
f 2865/6469 2866/6470 2867/6471 2868/6472
f 2869/6473 2870/6474 2871/6475 2872/6476
f 2873/6477 2874/6478 2875/6479 2876/6480
f 2877/6481 2878/6482 2879/6483 2880/6484
f 2881/6485 2882/6486 2883/6487 2884/6488
f 2885/6489 2886/6490 2887/6491 2888/6492
f 2889/6493 2890/6494 2891/6495 2892/6496
f 2893/6497 2894/6498 2895/6499 2896/6500
f 2897/6501 2898/6502 2899/6503 2900/6504
f 2901/6505 2902/6506 2903/6507 2904/6508
f 2905/6509 2906/6510 2907/6511 2908/6512
f 2909/6513 2910/6514 2911/6515 2912/6516
f 2913/6517 2914/6518 2915/6519 2916/6520
f 2917/6521 2918/6522 2919/6523 2920/6524
f 2921/6525 2922/6526 2923/6527 2924/6528
f 2925/6529 2926/6530 2927/6531 2928/6532
f 2929/6533 2930/6534 2931/6535 2932/6536
f 2933/6537 2934/6538 2935/6539 2936/6540
f 2937/6541 2938/6542 2939/6543 2940/6544
f 2941/6545 2942/6546 2943/6547 2944/6548
f 2945/6549 2946/6550 2947/6551 2948/6552
f 2949/6553 2950/6554 2951/6555 2952/6556
f 2953/6557 2954/6558 2955/6559 2956/6560
f 2957/6561 2958/6562 2959/6563 2960/6564
f 2961/6565 2962/6566 2963/6567 2964/6568
f 2965/6569 2966/6570 2967/6571 2968/6572
f 2969/6573 2970/6574 2971/6575 2972/6576
f 2973/6577 2974/6578 2975/6579 2976/6580
f 2977/6581 2978/6582 2979/6583 2980/6584
f 2981/6585 2982/6586 2983/6587 2984/6588
f 2985/6589 2986/6590 2987/6591 2988/6592
f 2989/6593 2990/6594 2991/6595 2992/6596
f 2993/6597 2994/6598 2995/6599 2996/6600
f 2997/6601 2998/6602 2999/6603 3000/6604
f 3001/6605 3002/6606 3003/6607 3004/6608
f 3005/6609 3006/6610 3007/6611 3008/6612
f 3009/6613 3010/6614 3011/6615 3012/6616
f 3013/6617 3014/6618 3015/6619 3016/6620
f 3017/6621 3018/6622 3019/6623 3020/6624
f 3021/6625 3022/6626 3023/6627 3024/6628
f 3025/6629 3026/6630 3027/6631 3028/6632
f 3029/6633 3030/6634 3031/6635 3032/6636
f 3033/6637 3034/6638 3035/6639 3036/6640
f 3037/6641 3038/6642 3039/6643 3040/6644
f 3041/6645 3042/6646 3043/6647 3044/6648
f 3045/6649 3046/6650 3047/6651 3048/6652
f 3049/6653 3050/6654 3051/6655 3052/6656
f 3053/6657 3054/6658 3055/6659 3056/6660
f 3057/6661 3058/6662 3059/6663 3060/6664
f 3061/6665 3062/6666 3063/6667 3064/6668
f 3065/6669 3066/6670 3067/6671 3068/6672
f 3069/6673 3070/6674 3071/6675 3072/6676
f 3073/6677 3074/6678 3075/6679 3076/6680
f 3077/6681 3078/6682 3079/6683 3080/6684
f 3081/6685 3082/6686 3083/6687 3084/6688
f 3085/6689 3086/6690 3087/6691 3088/6692
f 3089/6693 3090/6694 3091/6695 3092/6696
f 3093/6697 3094/6698 3095/6699 3096/6700
f 3097/6701 3098/6702 3099/6703 3100/6704
f 3101/6705 3102/6706 3103/6707 3104/6708
f 3105/6709 3106/6710 3107/6711 3108/6712
f 3109/6713 3110/6714 3111/6715 3112/6716
f 3113/6717 3114/6718 3115/6719 3116/6720
f 3117/6721 3118/6722 3119/6723 3120/6724
f 3121/6725 3122/6726 3123/6727 3124/6728
f 3125/6729 3126/6730 3127/6731 3128/6732
f 3129/6733 3130/6734 3131/6735 3132/6736
f 3133/6737 3134/6738 3135/6739 3136/6740
f 3137/6741 3138/6742 3139/6743 3140/6744
f 3141/6745 3142/6746 3143/6747 3144/6748
f 3145/6749 3146/6750 3147/6751 3148/6752
f 3149/6753 3150/6754 3151/6755 3152/6756
f 3153/6757 3154/6758 3155/6759 3156/6760
f 3157/6761 3158/6762 3159/6763 3160/6764
f 3161/6765 3162/6766 3163/6767 3164/6768
f 3165/6769 3166/6770 3167/6771 3168/6772
f 3169/6773 3170/6774 3171/6775 3172/6776
f 3173/6777 3174/6778 3175/6779 3176/6780
f 3177/6781 3178/6782 3179/6783 3180/6784
f 3181/6785 3182/6786 3183/6787 3184/6788
f 3185/6789 3186/6790 3187/6791 3188/6792
f 3189/6793 3190/6794 3191/6795 3192/6796
f 3193/6797 3194/6798 3195/6799 3196/6800
f 3197/6801 3198/6802 3199/6803 3200/6804
f 3201/6805 3202/6806 3203/6807 3204/6808
f 3205/6809 3206/6810 3207/6811 3208/6812
f 3209/6813 3210/6814 3211/6815 3212/6816
f 3213/6817 3214/6818 3215/6819 3216/6820
f 3217/6821 3218/6822 3219/6823 3220/6824
f 3221/6825 3222/6826 3223/6827 3224/6828
f 3225/6829 3226/6830 3227/6831 3228/6832
f 3229/6833 3230/6834 3231/6835 3232/6836
f 3233/6837 3234/6838 3235/6839 3236/6840
f 3237/6841 3238/6842 3239/6843 3240/6844
f 3241/6845 3242/6846 3243/6847 3244/6848
f 3245/6849 3246/6850 3247/6851 3248/6852
f 3249/6853 3250/6854 3251/6855 3252/6856
f 3253/6857 3254/6858 3255/6859 3256/6860
f 3257/6861 3258/6862 3259/6863 3260/6864
f 3261/6865 3262/6866 3263/6867 3264/6868
f 3265/6869 3266/6870 3267/6871 3268/6872
f 3269/6873 3270/6874 3271/6875 3272/6876
f 3273/6877 3274/6878 3275/6879 3276/6880
f 3277/6881 3278/6882 3279/6883 3280/6884
f 3281/6885 3282/6886 3283/6887 3284/6888
f 3285/6889 3286/6890 3287/6891 3288/6892
f 3289/6893 3290/6894 3291/6895 3292/6896
f 3293/6897 3294/6898 3295/6899 3296/6900
f 3297/6901 3298/6902 3299/6903 3300/6904
f 3301/6905 3302/6906 3303/6907 3304/6908
f 3305/6909 3306/6910 3307/6911 3308/6912
f 3309/6913 3310/6914 3311/6915 3312/6916
f 3313/6917 3314/6918 3315/6919 3316/6920
f 3317/6921 3318/6922 3319/6923 3320/6924
f 3321/6925 3322/6926 3323/6927 3324/6928
f 3325/6929 3326/6930 3327/6931 3328/6932
f 3329/6933 3330/6934 3331/6935 3332/6936
f 3333/6937 3334/6938 3335/6939 3336/6940
f 3337/6941 3338/6942 3339/6943 3340/6944
f 3341/6945 3342/6946 3343/6947 3344/6948
f 3345/6949 3346/6950 3347/6951 3348/6952
f 3349/6953 3350/6954 3351/6955 3352/6956
f 3353/6957 3354/6958 3355/6959 3356/6960
f 3357/6961 3358/6962 3359/6963 3360/6964
f 3361/6965 3362/6966 3363/6967 3364/6968
f 3365/6969 3366/6970 3367/6971 3368/6972
f 3369/6973 3370/6974 3371/6975 3372/6976
f 3373/6977 3374/6978 3375/6979 3376/6980
o Cockpit_CeilingCam
v -0.1420 1.6662 -0.5432
v 0.0420 1.6662 -0.5432
v 0.0420 1.7306 -0.3968
v -0.1420 1.7306 -0.3968
v -0.1070 1.5776 -0.4764
v 0.0070 1.5776 -0.4764
v 0.0070 1.6214 -0.3768
v -0.1070 1.6214 -0.3768
vt -0.1420 -0.3968
vt 0.0420 -0.3968
vt 0.0420 -0.5432
vt -0.1420 -0.5432
vt -0.1070 -0.4764
vt 0.0070 -0.4764
vt 0.0070 -0.3768
vt -0.1070 -0.3768
vt -0.1420 1.6662
vt 0.0420 1.6662
vt 0.0070 1.5776
vt -0.1070 1.5776
vt 0.0420 1.7306
vt -0.1420 1.7306
vt -0.1070 1.6214
vt 0.0070 1.6214
vt -0.5432 1.6662
vt -0.3968 1.7306
vt -0.3768 1.6214
vt -0.4764 1.5776
vt -0.4764 1.5776
vt -0.3768 1.6214
vt -0.3968 1.7306
vt -0.5432 1.6662
f 3380/6981 3379/6982 3378/6983 3377/6984
f 3381/6985 3382/6986 3383/6987 3384/6988
f 3377/6989 3378/6990 3382/6991 3381/6992
f 3379/6993 3380/6994 3384/6995 3383/6996
f 3378/6997 3379/6998 3383/6999 3382/7000
f 3381/7001 3384/7002 3380/7003 3377/7004
o Cockpit_CeilingCam_Lens
v 0.0177 1.6320 -0.4518
v 0.0162 1.6265 -0.4527
v 0.0150 1.6214 -0.4551
v 0.0142 1.6170 -0.4587
v 0.0138 1.6137 -0.4633
v 0.0139 1.6115 -0.4687
v 0.0144 1.6108 -0.4744
v 0.0154 1.6115 -0.4800
v 0.0167 1.6137 -0.4852
v 0.0182 1.6170 -0.4896
v 0.0199 1.6214 -0.4929
v 0.0217 1.6265 -0.4949
v 0.0233 1.6320 -0.4954
v 0.0248 1.6374 -0.4945
v 0.0260 1.6425 -0.4921
v 0.0268 1.6469 -0.4885
v 0.0272 1.6502 -0.4838
v 0.0271 1.6524 -0.4785
v 0.0266 1.6531 -0.4728
v 0.0257 1.6524 -0.4672
v 0.0244 1.6502 -0.4620
v 0.0228 1.6469 -0.4576
v 0.0211 1.6425 -0.4543
v 0.0194 1.6374 -0.4523
v 0.0195 1.6314 -0.4523
v 0.0181 1.6262 -0.4532
v 0.0170 1.6212 -0.4555
v 0.0162 1.6170 -0.4590
v 0.0158 1.6138 -0.4635
v 0.0159 1.6117 -0.4686
v 0.0164 1.6110 -0.4741
v 0.0173 1.6117 -0.4795
v 0.0185 1.6138 -0.4846
v 0.0200 1.6170 -0.4888
v 0.0217 1.6212 -0.4920
v 0.0233 1.6262 -0.4939
v 0.0250 1.6314 -0.4944
v 0.0264 1.6367 -0.4935
v 0.0275 1.6417 -0.4912
v 0.0283 1.6459 -0.4877
v 0.0287 1.6491 -0.4832
v 0.0286 1.6512 -0.4781
v 0.0281 1.6519 -0.4726
v 0.0272 1.6512 -0.4672
v 0.0260 1.6491 -0.4622
v 0.0245 1.6459 -0.4579
v 0.0228 1.6417 -0.4547
v 0.0211 1.6367 -0.4528
v 0.0195 1.6314 -0.4523
v 0.0181 1.6262 -0.4532
v 0.0170 1.6212 -0.4555
v 0.0162 1.6170 -0.4590
v 0.0158 1.6138 -0.4635
v 0.0159 1.6117 -0.4686
v 0.0164 1.6110 -0.4741
v 0.0173 1.6117 -0.4795
v 0.0185 1.6138 -0.4846
v 0.0200 1.6170 -0.4888
v 0.0217 1.6212 -0.4920
v 0.0233 1.6262 -0.4939
v 0.0250 1.6314 -0.4944
v 0.0264 1.6367 -0.4935
v 0.0275 1.6417 -0.4912
v 0.0283 1.6459 -0.4877
v 0.0287 1.6491 -0.4832
v 0.0286 1.6512 -0.4781
v 0.0281 1.6519 -0.4726
v 0.0272 1.6512 -0.4672
v 0.0260 1.6491 -0.4622
v 0.0245 1.6459 -0.4579
v 0.0228 1.6417 -0.4547
v 0.0211 1.6367 -0.4528
v 0.0214 1.6310 -0.4543
v 0.0201 1.6262 -0.4551
v 0.0191 1.6218 -0.4571
v 0.0184 1.6180 -0.4603
v 0.0181 1.6151 -0.4643
v 0.0181 1.6133 -0.4689
v 0.0186 1.6127 -0.4738
v 0.0194 1.6133 -0.4787
v 0.0205 1.6151 -0.4832
v 0.0218 1.6180 -0.4870
v 0.0233 1.6218 -0.4899
v 0.0248 1.6262 -0.4916
v 0.0263 1.6310 -0.4920
v 0.0276 1.6357 -0.4912
v 0.0286 1.6401 -0.4892
v 0.0293 1.6439 -0.4860
v 0.0296 1.6468 -0.4820
v 0.0296 1.6486 -0.4774
v 0.0291 1.6493 -0.4725
v 0.0283 1.6486 -0.4676
v 0.0272 1.6468 -0.4631
v 0.0259 1.6439 -0.4593
v 0.0244 1.6401 -0.4564
v 0.0229 1.6357 -0.4547
v 0.0214 1.6310 -0.4543
v 0.0201 1.6262 -0.4551
v 0.0191 1.6218 -0.4571
v 0.0184 1.6180 -0.4603
v 0.0181 1.6151 -0.4643
v 0.0181 1.6133 -0.4689
v 0.0186 1.6127 -0.4738
v 0.0194 1.6133 -0.4787
v 0.0205 1.6151 -0.4832
v 0.0218 1.6180 -0.4870
v 0.0233 1.6218 -0.4899
v 0.0248 1.6262 -0.4916
v 0.0263 1.6310 -0.4920
v 0.0276 1.6357 -0.4912
v 0.0286 1.6401 -0.4892
v 0.0293 1.6439 -0.4860
v 0.0296 1.6468 -0.4820
v 0.0296 1.6486 -0.4774
v 0.0291 1.6493 -0.4725
v 0.0283 1.6486 -0.4676
v 0.0272 1.6468 -0.4631
v 0.0259 1.6439 -0.4593
v 0.0244 1.6401 -0.4564
v 0.0229 1.6357 -0.4547
v 0.0232 1.6306 -0.4575
v 0.0222 1.6267 -0.4582
v 0.0214 1.6231 -0.4599
v 0.0208 1.6200 -0.4625
v 0.0205 1.6176 -0.4657
v 0.0206 1.6161 -0.4695
v 0.0209 1.6156 -0.4735
v 0.0216 1.6161 -0.4775
v 0.0225 1.6176 -0.4812
v 0.0236 1.6200 -0.4843
v 0.0248 1.6231 -0.4866
v 0.0260 1.6267 -0.4880
v 0.0272 1.6306 -0.4884
v 0.0283 1.6344 -0.4877
v 0.0291 1.6380 -0.4861
v 0.0297 1.6411 -0.4835
v 0.0300 1.6435 -0.4802
v 0.0299 1.6450 -0.4764
v 0.0295 1.6455 -0.4724
v 0.0289 1.6450 -0.4684
v 0.0280 1.6435 -0.4648
v 0.0269 1.6411 -0.4617
v 0.0257 1.6380 -0.4593
v 0.0244 1.6344 -0.4579
v 0.0232 1.6306 -0.4575
v 0.0222 1.6267 -0.4582
v 0.0214 1.6231 -0.4599
v 0.0208 1.6200 -0.4625
v 0.0205 1.6176 -0.4657
v 0.0206 1.6161 -0.4695
v 0.0209 1.6156 -0.4735
v 0.0216 1.6161 -0.4775
v 0.0225 1.6176 -0.4812
v 0.0236 1.6200 -0.4843
v 0.0248 1.6231 -0.4866
v 0.0260 1.6267 -0.4880
v 0.0272 1.6306 -0.4884
v 0.0283 1.6344 -0.4877
v 0.0291 1.6380 -0.4861
v 0.0297 1.6411 -0.4835
v 0.0300 1.6435 -0.4802
v 0.0299 1.6450 -0.4764
v 0.0295 1.6455 -0.4724
v 0.0289 1.6450 -0.4684
v 0.0280 1.6435 -0.4648
v 0.0269 1.6411 -0.4617
v 0.0257 1.6380 -0.4593
v 0.0244 1.6344 -0.4579
v 0.0249 1.6303 -0.4619
v 0.0241 1.6275 -0.4624
v 0.0236 1.6250 -0.4636
v 0.0231 1.6228 -0.4654
v 0.0230 1.6211 -0.4677
v 0.0230 1.6201 -0.4704
v 0.0232 1.6197 -0.4732
v 0.0237 1.6201 -0.4760
v 0.0244 1.6211 -0.4786
v 0.0251 1.6228 -0.4808
v 0.0260 1.6250 -0.4825
v 0.0269 1.6275 -0.4835
v 0.0277 1.6303 -0.4837
v 0.0284 1.6330 -0.4833
v 0.0290 1.6355 -0.4821
v 0.0294 1.6377 -0.4803
v 0.0296 1.6394 -0.4780
v 0.0296 1.6405 -0.4753
v 0.0293 1.6408 -0.4724
v 0.0289 1.6405 -0.4696
v 0.0282 1.6394 -0.4670
v 0.0275 1.6377 -0.4648
v 0.0266 1.6355 -0.4632
v 0.0257 1.6330 -0.4622
v 0.0249 1.6303 -0.4619
v 0.0241 1.6275 -0.4624
v 0.0236 1.6250 -0.4636
v 0.0231 1.6228 -0.4654
v 0.0230 1.6211 -0.4677
v 0.0230 1.6201 -0.4704
v 0.0232 1.6197 -0.4732
v 0.0237 1.6201 -0.4760
v 0.0244 1.6211 -0.4786
v 0.0251 1.6228 -0.4808
v 0.0260 1.6250 -0.4825
v 0.0269 1.6275 -0.4835
v 0.0277 1.6303 -0.4837
v 0.0284 1.6330 -0.4833
v 0.0290 1.6355 -0.4821
v 0.0294 1.6377 -0.4803
v 0.0296 1.6394 -0.4780
v 0.0296 1.6405 -0.4753
v 0.0293 1.6408 -0.4724
v 0.0289 1.6405 -0.4696
v 0.0282 1.6394 -0.4670
v 0.0275 1.6377 -0.4648
v 0.0266 1.6355 -0.4632
v 0.0257 1.6330 -0.4622
v 0.0262 1.6301 -0.4671
v 0.0258 1.6287 -0.4673
v 0.0255 1.6273 -0.4680
v 0.0253 1.6262 -0.4689
v 0.0252 1.6253 -0.4701
v 0.0252 1.6248 -0.4715
v 0.0254 1.6246 -0.4730
v 0.0256 1.6248 -0.4744
v 0.0260 1.6253 -0.4757
v 0.0264 1.6262 -0.4769
v 0.0268 1.6273 -0.4777
v 0.0273 1.6287 -0.4783
v 0.0277 1.6301 -0.4784
v 0.0281 1.6315 -0.4782
v 0.0284 1.6328 -0.4775
v 0.0286 1.6339 -0.4766
v 0.0287 1.6348 -0.4754
v 0.0287 1.6353 -0.4740
v 0.0285 1.6355 -0.4725
v 0.0283 1.6353 -0.4711
v 0.0280 1.6348 -0.4698
v 0.0276 1.6339 -0.4686
v 0.0271 1.6328 -0.4678
v 0.0267 1.6315 -0.4672
v 0.0262 1.6301 -0.4671
v 0.0258 1.6287 -0.4673
v 0.0255 1.6273 -0.4680
v 0.0253 1.6262 -0.4689
v 0.0252 1.6253 -0.4701
v 0.0252 1.6248 -0.4715
v 0.0254 1.6246 -0.4730
v 0.0256 1.6248 -0.4744
v 0.0260 1.6253 -0.4757
v 0.0264 1.6262 -0.4769
v 0.0268 1.6273 -0.4777
v 0.0273 1.6287 -0.4783
v 0.0277 1.6301 -0.4784
v 0.0281 1.6315 -0.4782
v 0.0284 1.6328 -0.4775
v 0.0286 1.6339 -0.4766
v 0.0287 1.6348 -0.4754
v 0.0287 1.6353 -0.4740
v 0.0285 1.6355 -0.4725
v 0.0283 1.6353 -0.4711
v 0.0280 1.6348 -0.4698
v 0.0276 1.6339 -0.4686
v 0.0271 1.6328 -0.4678
v 0.0267 1.6315 -0.4672
v 0.0272 1.6300 -0.4727
v 0.0272 1.6300 -0.4727
v 0.0272 1.6300 -0.4727
v 0.0272 1.6300 -0.4727
v 0.0272 1.6300 -0.4727
v 0.0272 1.6300 -0.4727
v 0.0272 1.6300 -0.4727
v 0.0272 1.6300 -0.4727
v 0.0272 1.6300 -0.4727
v 0.0272 1.6300 -0.4727
v 0.0272 1.6300 -0.4727
v 0.0272 1.6300 -0.4727
v 0.0272 1.6300 -0.4727
v 0.0272 1.6300 -0.4727
v 0.0272 1.6300 -0.4727
v 0.0272 1.6300 -0.4727
v 0.0272 1.6300 -0.4727
v 0.0272 1.6300 -0.4727
v 0.0272 1.6300 -0.4727
v 0.0272 1.6300 -0.4727
v 0.0272 1.6300 -0.4727
v 0.0272 1.6300 -0.4727
v 0.0272 1.6300 -0.4727
v 0.0272 1.6300 -0.4727
v 0.0205 1.6320 -0.4736
v 0.0205 1.6320 -0.4736
v 0.0205 1.6320 -0.4736
v 0.0205 1.6320 -0.4736
v 0.0205 1.6320 -0.4736
v 0.0205 1.6320 -0.4736
v 0.0205 1.6320 -0.4736
v 0.0205 1.6320 -0.4736
v 0.0205 1.6320 -0.4736
v 0.0205 1.6320 -0.4736
v 0.0205 1.6320 -0.4736
v 0.0205 1.6320 -0.4736
v 0.0205 1.6320 -0.4736
v 0.0205 1.6320 -0.4736
v 0.0205 1.6320 -0.4736
v 0.0205 1.6320 -0.4736
v 0.0205 1.6320 -0.4736
v 0.0205 1.6320 -0.4736
v 0.0205 1.6320 -0.4736
v 0.0205 1.6320 -0.4736
v 0.0205 1.6320 -0.4736
v 0.0205 1.6320 -0.4736
v 0.0205 1.6320 -0.4736
v 0.0205 1.6320 -0.4736
v 0.0177 1.6320 -0.4518
v 0.0162 1.6265 -0.4527
v 0.0150 1.6214 -0.4551
v 0.0142 1.6170 -0.4587
v 0.0138 1.6137 -0.4633
v 0.0139 1.6115 -0.4687
v 0.0144 1.6108 -0.4744
v 0.0154 1.6115 -0.4800
v 0.0167 1.6137 -0.4852
v 0.0182 1.6170 -0.4896
v 0.0199 1.6214 -0.4929
v 0.0217 1.6265 -0.4949
v 0.0233 1.6320 -0.4954
v 0.0248 1.6374 -0.4945
v 0.0260 1.6425 -0.4921
v 0.0268 1.6469 -0.4885
v 0.0272 1.6502 -0.4838
v 0.0271 1.6524 -0.4785
v 0.0266 1.6531 -0.4728
v 0.0257 1.6524 -0.4672
v 0.0244 1.6502 -0.4620
v 0.0228 1.6469 -0.4576
v 0.0211 1.6425 -0.4543
v 0.0194 1.6374 -0.4523
vt 0.0177 1.6320
vt 0.0162 1.6265
vt 0.0181 1.6262
vt 0.0195 1.6314
vt 0.0162 1.6265
vt 0.0150 1.6214
vt 0.0170 1.6212
vt 0.0181 1.6262
vt 0.0150 1.6214
vt 0.0142 1.6170
vt 0.0162 1.6170
vt 0.0170 1.6212
vt 0.0142 -0.4587
vt 0.0138 -0.4633
vt 0.0158 -0.4635
vt 0.0162 -0.4590
vt 0.0138 -0.4633
vt 0.0139 -0.4687
vt 0.0159 -0.4686
vt 0.0158 -0.4635
vt 0.0139 -0.4687
vt 0.0144 -0.4744
vt 0.0164 -0.4741
vt 0.0159 -0.4686
vt 0.0144 -0.4744
vt 0.0154 -0.4800
vt 0.0173 -0.4795
vt 0.0164 -0.4741
vt 0.0154 -0.4800
vt 0.0167 -0.4852
vt 0.0185 -0.4846
vt 0.0173 -0.4795
vt 0.0167 -0.4852
vt 0.0182 -0.4896
vt 0.0200 -0.4888
vt 0.0185 -0.4846
vt 0.0182 1.6170
vt 0.0199 1.6214
vt 0.0217 1.6212
vt 0.0200 1.6170
vt 0.0199 1.6214
vt 0.0217 1.6265
vt 0.0233 1.6262
vt 0.0217 1.6212
vt 0.0217 1.6265
vt 0.0233 1.6320
vt 0.0250 1.6314
vt 0.0233 1.6262
vt 0.0233 1.6320
vt 0.0248 1.6374
vt 0.0264 1.6367
vt 0.0250 1.6314
vt 0.0248 1.6374
vt 0.0260 1.6425
vt 0.0275 1.6417
vt 0.0264 1.6367
vt 0.0260 1.6425
vt 0.0268 1.6469
vt 0.0283 1.6459
vt 0.0275 1.6417
vt -0.4885 1.6469
vt -0.4838 1.6502
vt -0.4832 1.6491
vt -0.4877 1.6459
vt 0.0272 -0.4838
vt 0.0271 -0.4785
vt 0.0286 -0.4781
vt 0.0287 -0.4832
vt 0.0271 -0.4785
vt 0.0266 -0.4728
vt 0.0281 -0.4726
vt 0.0286 -0.4781
vt 0.0266 -0.4728
vt 0.0257 -0.4672
vt 0.0272 -0.4672
vt 0.0281 -0.4726
vt 0.0257 -0.4672
vt 0.0244 -0.4620
vt 0.0260 -0.4622
vt 0.0272 -0.4672
vt 0.0244 1.6502
vt 0.0228 1.6469
vt 0.0245 1.6459
vt 0.0260 1.6491
vt 0.0228 1.6469
vt 0.0211 1.6425
vt 0.0228 1.6417
vt 0.0245 1.6459
vt 0.0211 1.6425
vt 0.0194 1.6374
vt 0.0211 1.6367
vt 0.0228 1.6417
vt 0.0194 1.6374
vt 0.0177 1.6320
vt 0.0195 1.6314
vt 0.0211 1.6367
vt 0.0195 1.6314
vt 0.0181 1.6262
vt 0.0201 1.6262
vt 0.0214 1.6310
vt 0.0181 1.6262
vt 0.0170 1.6212
vt 0.0191 1.6218
vt 0.0201 1.6262
vt -0.4555 1.6212
vt -0.4590 1.6170
vt -0.4603 1.6180
vt -0.4571 1.6218
vt 0.0162 -0.4590
vt 0.0158 -0.4635
vt 0.0181 -0.4643
vt 0.0184 -0.4603
vt 0.0158 -0.4635
vt 0.0159 -0.4686
vt 0.0181 -0.4689
vt 0.0181 -0.4643
vt 0.0159 -0.4686
vt 0.0164 -0.4741
vt 0.0186 -0.4738
vt 0.0181 -0.4689
vt 0.0164 -0.4741
vt 0.0173 -0.4795
vt 0.0194 -0.4787
vt 0.0186 -0.4738
vt 0.0173 -0.4795
vt 0.0185 -0.4846
vt 0.0205 -0.4832
vt 0.0194 -0.4787
vt 0.0185 -0.4846
vt 0.0200 -0.4888
vt 0.0218 -0.4870
vt 0.0205 -0.4832
vt -0.4888 1.6170
vt -0.4920 1.6212
vt -0.4899 1.6218
vt -0.4870 1.6180
vt -0.4920 1.6212
vt -0.4939 1.6262
vt -0.4916 1.6262
vt -0.4899 1.6218
vt -0.4939 1.6262
vt -0.4944 1.6314
vt -0.4920 1.6310
vt -0.4916 1.6262
vt -0.4944 1.6314
vt -0.4935 1.6367
vt -0.4912 1.6357
vt -0.4920 1.6310
vt -0.4935 1.6367
vt -0.4912 1.6417
vt -0.4892 1.6401
vt -0.4912 1.6357
vt -0.4912 1.6417
vt -0.4877 1.6459
vt -0.4860 1.6439
vt -0.4892 1.6401
vt -0.4877 1.6459
vt -0.4832 1.6491
vt -0.4820 1.6468
vt -0.4860 1.6439
vt -0.4832 1.6491
vt -0.4781 1.6512
vt -0.4774 1.6486
vt -0.4820 1.6468
vt -0.4781 1.6512
vt -0.4726 1.6519
vt -0.4725 1.6493
vt -0.4774 1.6486
vt -0.4726 1.6519
vt -0.4672 1.6512
vt -0.4676 1.6486
vt -0.4725 1.6493
vt -0.4672 1.6512
vt -0.4622 1.6491
vt -0.4631 1.6468
vt -0.4676 1.6486
vt -0.4622 1.6491
vt -0.4579 1.6459
vt -0.4593 1.6439
vt -0.4631 1.6468
vt -0.4579 1.6459
vt -0.4547 1.6417
vt -0.4564 1.6401
vt -0.4593 1.6439
vt -0.4547 1.6417
vt -0.4528 1.6367
vt -0.4547 1.6357
vt -0.4564 1.6401
vt 0.0211 1.6367
vt 0.0195 1.6314
vt 0.0214 1.6310
vt 0.0229 1.6357
vt -0.4543 1.6310
vt -0.4551 1.6262
vt -0.4582 1.6267
vt -0.4575 1.6306
vt -0.4551 1.6262
vt -0.4571 1.6218
vt -0.4599 1.6231
vt -0.4582 1.6267
vt -0.4571 1.6218
vt -0.4603 1.6180
vt -0.4625 1.6200
vt -0.4599 1.6231
vt -0.4603 1.6180
vt -0.4643 1.6151
vt -0.4657 1.6176
vt -0.4625 1.6200
vt -0.4643 1.6151
vt -0.4689 1.6133
vt -0.4695 1.6161
vt -0.4657 1.6176
vt -0.4689 1.6133
vt -0.4738 1.6127
vt -0.4735 1.6156
vt -0.4695 1.6161
vt -0.4738 1.6127
vt -0.4787 1.6133
vt -0.4775 1.6161
vt -0.4735 1.6156
vt -0.4787 1.6133
vt -0.4832 1.6151
vt -0.4812 1.6176
vt -0.4775 1.6161
vt -0.4832 1.6151
vt -0.4870 1.6180
vt -0.4843 1.6200
vt -0.4812 1.6176
vt -0.4870 1.6180
vt -0.4899 1.6218
vt -0.4866 1.6231
vt -0.4843 1.6200
vt -0.4899 1.6218
vt -0.4916 1.6262
vt -0.4880 1.6267
vt -0.4866 1.6231
vt -0.4916 1.6262
vt -0.4920 1.6310
vt -0.4884 1.6306
vt -0.4880 1.6267
vt -0.4920 1.6310
vt -0.4912 1.6357
vt -0.4877 1.6344
vt -0.4884 1.6306
vt -0.4912 1.6357
vt -0.4892 1.6401
vt -0.4861 1.6380
vt -0.4877 1.6344
vt -0.4892 1.6401
vt -0.4860 1.6439
vt -0.4835 1.6411
vt -0.4861 1.6380
vt -0.4860 1.6439
vt -0.4820 1.6468
vt -0.4802 1.6435
vt -0.4835 1.6411
vt -0.4820 1.6468
vt -0.4774 1.6486
vt -0.4764 1.6450
vt -0.4802 1.6435
vt -0.4774 1.6486
vt -0.4725 1.6493
vt -0.4724 1.6455
vt -0.4764 1.6450
vt -0.4725 1.6493
vt -0.4676 1.6486
vt -0.4684 1.6450
vt -0.4724 1.6455
vt -0.4676 1.6486
vt -0.4631 1.6468
vt -0.4648 1.6435
vt -0.4684 1.6450
vt -0.4631 1.6468
vt -0.4593 1.6439
vt -0.4617 1.6411
vt -0.4648 1.6435
vt -0.4593 1.6439
vt -0.4564 1.6401
vt -0.4593 1.6380
vt -0.4617 1.6411
vt -0.4564 1.6401
vt -0.4547 1.6357
vt -0.4579 1.6344
vt -0.4593 1.6380
vt -0.4547 1.6357
vt -0.4543 1.6310
vt -0.4575 1.6306
vt -0.4579 1.6344
vt -0.4575 1.6306
vt -0.4582 1.6267
vt -0.4624 1.6275
vt -0.4619 1.6303
vt -0.4582 1.6267
vt -0.4599 1.6231
vt -0.4636 1.6250
vt -0.4624 1.6275
vt -0.4599 1.6231
vt -0.4625 1.6200
vt -0.4654 1.6228
vt -0.4636 1.6250
vt -0.4625 1.6200
vt -0.4657 1.6176
vt -0.4677 1.6211
vt -0.4654 1.6228
vt -0.4657 1.6176
vt -0.4695 1.6161
vt -0.4704 1.6201
vt -0.4677 1.6211
vt -0.4695 1.6161
vt -0.4735 1.6156
vt -0.4732 1.6197
vt -0.4704 1.6201
vt -0.4735 1.6156
vt -0.4775 1.6161
vt -0.4760 1.6201
vt -0.4732 1.6197
vt -0.4775 1.6161
vt -0.4812 1.6176
vt -0.4786 1.6211
vt -0.4760 1.6201
vt -0.4812 1.6176
vt -0.4843 1.6200
vt -0.4808 1.6228
vt -0.4786 1.6211
vt -0.4843 1.6200
vt -0.4866 1.6231
vt -0.4825 1.6250
vt -0.4808 1.6228
vt -0.4866 1.6231
vt -0.4880 1.6267
vt -0.4835 1.6275
vt -0.4825 1.6250
vt -0.4880 1.6267
vt -0.4884 1.6306
vt -0.4837 1.6303
vt -0.4835 1.6275
vt -0.4884 1.6306
vt -0.4877 1.6344
vt -0.4833 1.6330
vt -0.4837 1.6303
vt -0.4877 1.6344
vt -0.4861 1.6380
vt -0.4821 1.6355
vt -0.4833 1.6330
vt -0.4861 1.6380
vt -0.4835 1.6411
vt -0.4803 1.6377
vt -0.4821 1.6355
vt -0.4835 1.6411
vt -0.4802 1.6435
vt -0.4780 1.6394
vt -0.4803 1.6377
vt -0.4802 1.6435
vt -0.4764 1.6450
vt -0.4753 1.6405
vt -0.4780 1.6394
vt -0.4764 1.6450
vt -0.4724 1.6455
vt -0.4724 1.6408
vt -0.4753 1.6405
vt -0.4724 1.6455
vt -0.4684 1.6450
vt -0.4696 1.6405
vt -0.4724 1.6408
vt -0.4684 1.6450
vt -0.4648 1.6435
vt -0.4670 1.6394
vt -0.4696 1.6405
vt -0.4648 1.6435
vt -0.4617 1.6411
vt -0.4648 1.6377
vt -0.4670 1.6394
vt -0.4617 1.6411
vt -0.4593 1.6380
vt -0.4632 1.6355
vt -0.4648 1.6377
vt -0.4593 1.6380
vt -0.4579 1.6344
vt -0.4622 1.6330
vt -0.4632 1.6355
vt -0.4579 1.6344
vt -0.4575 1.6306
vt -0.4619 1.6303
vt -0.4622 1.6330
vt -0.4619 1.6303
vt -0.4624 1.6275
vt -0.4673 1.6287
vt -0.4671 1.6301
vt -0.4624 1.6275
vt -0.4636 1.6250
vt -0.4680 1.6273
vt -0.4673 1.6287
vt -0.4636 1.6250
vt -0.4654 1.6228
vt -0.4689 1.6262
vt -0.4680 1.6273
vt -0.4654 1.6228
vt -0.4677 1.6211
vt -0.4701 1.6253
vt -0.4689 1.6262
vt -0.4677 1.6211
vt -0.4704 1.6201
vt -0.4715 1.6248
vt -0.4701 1.6253
vt -0.4704 1.6201
vt -0.4732 1.6197
vt -0.4730 1.6246
vt -0.4715 1.6248
vt -0.4732 1.6197
vt -0.4760 1.6201
vt -0.4744 1.6248
vt -0.4730 1.6246
vt -0.4760 1.6201
vt -0.4786 1.6211
vt -0.4757 1.6253
vt -0.4744 1.6248
vt -0.4786 1.6211
vt -0.4808 1.6228
vt -0.4769 1.6262
vt -0.4757 1.6253
vt -0.4808 1.6228
vt -0.4825 1.6250
vt -0.4777 1.6273
vt -0.4769 1.6262
vt -0.4825 1.6250
vt -0.4835 1.6275
vt -0.4783 1.6287
vt -0.4777 1.6273
vt -0.4835 1.6275
vt -0.4837 1.6303
vt -0.4784 1.6301
vt -0.4783 1.6287
vt -0.4837 1.6303
vt -0.4833 1.6330
vt -0.4782 1.6315
vt -0.4784 1.6301
vt -0.4833 1.6330
vt -0.4821 1.6355
vt -0.4775 1.6328
vt -0.4782 1.6315
vt -0.4821 1.6355
vt -0.4803 1.6377
vt -0.4766 1.6339
vt -0.4775 1.6328
vt -0.4803 1.6377
vt -0.4780 1.6394
vt -0.4754 1.6348
vt -0.4766 1.6339
vt -0.4780 1.6394
vt -0.4753 1.6405
vt -0.4740 1.6353
vt -0.4754 1.6348
vt -0.4753 1.6405
vt -0.4724 1.6408
vt -0.4725 1.6355
vt -0.4740 1.6353
vt -0.4724 1.6408
vt -0.4696 1.6405
vt -0.4711 1.6353
vt -0.4725 1.6355
vt -0.4696 1.6405
vt -0.4670 1.6394
vt -0.4698 1.6348
vt -0.4711 1.6353
vt -0.4670 1.6394
vt -0.4648 1.6377
vt -0.4686 1.6339
vt -0.4698 1.6348
vt -0.4648 1.6377
vt -0.4632 1.6355
vt -0.4678 1.6328
vt -0.4686 1.6339
vt -0.4632 1.6355
vt -0.4622 1.6330
vt -0.4672 1.6315
vt -0.4678 1.6328
vt -0.4622 1.6330
vt -0.4619 1.6303
vt -0.4671 1.6301
vt -0.4672 1.6315
vt -0.4671 1.6301
vt -0.4673 1.6287
vt -0.4727 1.6300
vt -0.4727 1.6300
vt -0.4673 1.6287
vt -0.4680 1.6273
vt -0.4727 1.6300
vt -0.4727 1.6300
vt -0.4680 1.6273
vt -0.4689 1.6262
vt -0.4727 1.6300
vt -0.4727 1.6300
vt -0.4689 1.6262
vt -0.4701 1.6253
vt -0.4727 1.6300
vt -0.4727 1.6300
vt -0.4701 1.6253
vt -0.4715 1.6248
vt -0.4727 1.6300
vt -0.4727 1.6300
vt -0.4715 1.6248
vt -0.4730 1.6246
vt -0.4727 1.6300
vt -0.4727 1.6300
vt -0.4730 1.6246
vt -0.4744 1.6248
vt -0.4727 1.6300
vt -0.4727 1.6300
vt -0.4744 1.6248
vt -0.4757 1.6253
vt -0.4727 1.6300
vt -0.4727 1.6300
vt -0.4757 1.6253
vt -0.4769 1.6262
vt -0.4727 1.6300
vt -0.4727 1.6300
vt -0.4769 1.6262
vt -0.4777 1.6273
vt -0.4727 1.6300
vt -0.4727 1.6300
vt -0.4777 1.6273
vt -0.4783 1.6287
vt -0.4727 1.6300
vt -0.4727 1.6300
vt -0.4783 1.6287
vt -0.4784 1.6301
vt -0.4727 1.6300
vt -0.4727 1.6300
vt -0.4784 1.6301
vt -0.4782 1.6315
vt -0.4727 1.6300
vt -0.4727 1.6300
vt -0.4782 1.6315
vt -0.4775 1.6328
vt -0.4727 1.6300
vt -0.4727 1.6300
vt -0.4775 1.6328
vt -0.4766 1.6339
vt -0.4727 1.6300
vt -0.4727 1.6300
vt -0.4766 1.6339
vt -0.4754 1.6348
vt -0.4727 1.6300
vt -0.4727 1.6300
vt -0.4754 1.6348
vt -0.4740 1.6353
vt -0.4727 1.6300
vt -0.4727 1.6300
vt -0.4740 1.6353
vt -0.4725 1.6355
vt -0.4727 1.6300
vt -0.4727 1.6300
vt -0.4725 1.6355
vt -0.4711 1.6353
vt -0.4727 1.6300
vt -0.4727 1.6300
vt -0.4711 1.6353
vt -0.4698 1.6348
vt -0.4727 1.6300
vt -0.4727 1.6300
vt -0.4698 1.6348
vt -0.4686 1.6339
vt -0.4727 1.6300
vt -0.4727 1.6300
vt -0.4686 1.6339
vt -0.4678 1.6328
vt -0.4727 1.6300
vt -0.4727 1.6300
vt -0.4678 1.6328
vt -0.4672 1.6315
vt -0.4727 1.6300
vt -0.4727 1.6300
vt -0.4672 1.6315
vt -0.4671 1.6301
vt -0.4727 1.6300
vt -0.4727 1.6300
vt -0.4736 1.6320
vt -0.4736 1.6320
vt -0.4527 1.6265
vt -0.4518 1.6320
vt -0.4736 1.6320
vt -0.4736 1.6320
vt -0.4551 1.6214
vt -0.4527 1.6265
vt -0.4736 1.6320
vt -0.4736 1.6320
vt -0.4587 1.6170
vt -0.4551 1.6214
vt -0.4736 1.6320
vt -0.4736 1.6320
vt -0.4633 1.6137
vt -0.4587 1.6170
vt -0.4736 1.6320
vt -0.4736 1.6320
vt -0.4687 1.6115
vt -0.4633 1.6137
vt -0.4736 1.6320
vt -0.4736 1.6320
vt -0.4744 1.6108
vt -0.4687 1.6115
vt -0.4736 1.6320
vt -0.4736 1.6320
vt -0.4800 1.6115
vt -0.4744 1.6108
vt -0.4736 1.6320
vt -0.4736 1.6320
vt -0.4852 1.6137
vt -0.4800 1.6115
vt -0.4736 1.6320
vt -0.4736 1.6320
vt -0.4896 1.6170
vt -0.4852 1.6137
vt -0.4736 1.6320
vt -0.4736 1.6320
vt -0.4929 1.6214
vt -0.4896 1.6170
vt -0.4736 1.6320
vt -0.4736 1.6320
vt -0.4949 1.6265
vt -0.4929 1.6214
vt -0.4736 1.6320
vt -0.4736 1.6320
vt -0.4954 1.6320
vt -0.4949 1.6265
vt -0.4736 1.6320
vt -0.4736 1.6320
vt -0.4945 1.6374
vt -0.4954 1.6320
vt -0.4736 1.6320
vt -0.4736 1.6320
vt -0.4921 1.6425
vt -0.4945 1.6374
vt -0.4736 1.6320
vt -0.4736 1.6320
vt -0.4885 1.6469
vt -0.4921 1.6425
vt -0.4736 1.6320
vt -0.4736 1.6320
vt -0.4838 1.6502
vt -0.4885 1.6469
vt -0.4736 1.6320
vt -0.4736 1.6320
vt -0.4785 1.6524
vt -0.4838 1.6502
vt -0.4736 1.6320
vt -0.4736 1.6320
vt -0.4728 1.6531
vt -0.4785 1.6524
vt -0.4736 1.6320
vt -0.4736 1.6320
vt -0.4672 1.6524
vt -0.4728 1.6531
vt -0.4736 1.6320
vt -0.4736 1.6320
vt -0.4620 1.6502
vt -0.4672 1.6524
vt -0.4736 1.6320
vt -0.4736 1.6320
vt -0.4576 1.6469
vt -0.4620 1.6502
vt -0.4736 1.6320
vt -0.4736 1.6320
vt -0.4543 1.6425
vt -0.4576 1.6469
vt -0.4736 1.6320
vt -0.4736 1.6320
vt -0.4523 1.6374
vt -0.4543 1.6425
vt -0.4736 1.6320
vt -0.4736 1.6320
vt -0.4518 1.6320
vt -0.4523 1.6374
f 3385/7005 3386/7006 3410/7007 3409/7008
f 3386/7009 3387/7010 3411/7011 3410/7012
f 3387/7013 3388/7014 3412/7015 3411/7016
f 3388/7017 3389/7018 3413/7019 3412/7020
f 3389/7021 3390/7022 3414/7023 3413/7024
f 3390/7025 3391/7026 3415/7027 3414/7028
f 3391/7029 3392/7030 3416/7031 3415/7032
f 3392/7033 3393/7034 3417/7035 3416/7036
f 3393/7037 3394/7038 3418/7039 3417/7040
f 3394/7041 3395/7042 3419/7043 3418/7044
f 3395/7045 3396/7046 3420/7047 3419/7048
f 3396/7049 3397/7050 3421/7051 3420/7052
f 3397/7053 3398/7054 3422/7055 3421/7056
f 3398/7057 3399/7058 3423/7059 3422/7060
f 3399/7061 3400/7062 3424/7063 3423/7064
f 3400/7065 3401/7066 3425/7067 3424/7068
f 3401/7069 3402/7070 3426/7071 3425/7072
f 3402/7073 3403/7074 3427/7075 3426/7076
f 3403/7077 3404/7078 3428/7079 3427/7080
f 3404/7081 3405/7082 3429/7083 3428/7084
f 3405/7085 3406/7086 3430/7087 3429/7088
f 3406/7089 3407/7090 3431/7091 3430/7092
f 3407/7093 3408/7094 3432/7095 3431/7096
f 3408/7097 3385/7098 3409/7099 3432/7100
f 3433/7101 3434/7102 3458/7103 3457/7104
f 3434/7105 3435/7106 3459/7107 3458/7108
f 3435/7109 3436/7110 3460/7111 3459/7112
f 3436/7113 3437/7114 3461/7115 3460/7116
f 3437/7117 3438/7118 3462/7119 3461/7120
f 3438/7121 3439/7122 3463/7123 3462/7124
f 3439/7125 3440/7126 3464/7127 3463/7128
f 3440/7129 3441/7130 3465/7131 3464/7132
f 3441/7133 3442/7134 3466/7135 3465/7136
f 3442/7137 3443/7138 3467/7139 3466/7140
f 3443/7141 3444/7142 3468/7143 3467/7144
f 3444/7145 3445/7146 3469/7147 3468/7148
f 3445/7149 3446/7150 3470/7151 3469/7152
f 3446/7153 3447/7154 3471/7155 3470/7156
f 3447/7157 3448/7158 3472/7159 3471/7160
f 3448/7161 3449/7162 3473/7163 3472/7164
f 3449/7165 3450/7166 3474/7167 3473/7168
f 3450/7169 3451/7170 3475/7171 3474/7172
f 3451/7173 3452/7174 3476/7175 3475/7176
f 3452/7177 3453/7178 3477/7179 3476/7180
f 3453/7181 3454/7182 3478/7183 3477/7184
f 3454/7185 3455/7186 3479/7187 3478/7188
f 3455/7189 3456/7190 3480/7191 3479/7192
f 3456/7193 3433/7194 3457/7195 3480/7196
f 3481/7197 3482/7198 3506/7199 3505/7200
f 3482/7201 3483/7202 3507/7203 3506/7204
f 3483/7205 3484/7206 3508/7207 3507/7208
f 3484/7209 3485/7210 3509/7211 3508/7212
f 3485/7213 3486/7214 3510/7215 3509/7216
f 3486/7217 3487/7218 3511/7219 3510/7220
f 3487/7221 3488/7222 3512/7223 3511/7224
f 3488/7225 3489/7226 3513/7227 3512/7228
f 3489/7229 3490/7230 3514/7231 3513/7232
f 3490/7233 3491/7234 3515/7235 3514/7236
f 3491/7237 3492/7238 3516/7239 3515/7240
f 3492/7241 3493/7242 3517/7243 3516/7244
f 3493/7245 3494/7246 3518/7247 3517/7248
f 3494/7249 3495/7250 3519/7251 3518/7252
f 3495/7253 3496/7254 3520/7255 3519/7256
f 3496/7257 3497/7258 3521/7259 3520/7260
f 3497/7261 3498/7262 3522/7263 3521/7264
f 3498/7265 3499/7266 3523/7267 3522/7268
f 3499/7269 3500/7270 3524/7271 3523/7272
f 3500/7273 3501/7274 3525/7275 3524/7276
f 3501/7277 3502/7278 3526/7279 3525/7280
f 3502/7281 3503/7282 3527/7283 3526/7284
f 3503/7285 3504/7286 3528/7287 3527/7288
f 3504/7289 3481/7290 3505/7291 3528/7292
f 3529/7293 3530/7294 3554/7295 3553/7296
f 3530/7297 3531/7298 3555/7299 3554/7300
f 3531/7301 3532/7302 3556/7303 3555/7304
f 3532/7305 3533/7306 3557/7307 3556/7308
f 3533/7309 3534/7310 3558/7311 3557/7312
f 3534/7313 3535/7314 3559/7315 3558/7316
f 3535/7317 3536/7318 3560/7319 3559/7320
f 3536/7321 3537/7322 3561/7323 3560/7324
f 3537/7325 3538/7326 3562/7327 3561/7328
f 3538/7329 3539/7330 3563/7331 3562/7332
f 3539/7333 3540/7334 3564/7335 3563/7336
f 3540/7337 3541/7338 3565/7339 3564/7340
f 3541/7341 3542/7342 3566/7343 3565/7344
f 3542/7345 3543/7346 3567/7347 3566/7348
f 3543/7349 3544/7350 3568/7351 3567/7352
f 3544/7353 3545/7354 3569/7355 3568/7356
f 3545/7357 3546/7358 3570/7359 3569/7360
f 3546/7361 3547/7362 3571/7363 3570/7364
f 3547/7365 3548/7366 3572/7367 3571/7368
f 3548/7369 3549/7370 3573/7371 3572/7372
f 3549/7373 3550/7374 3574/7375 3573/7376
f 3550/7377 3551/7378 3575/7379 3574/7380
f 3551/7381 3552/7382 3576/7383 3575/7384
f 3552/7385 3529/7386 3553/7387 3576/7388
f 3577/7389 3578/7390 3602/7391 3601/7392
f 3578/7393 3579/7394 3603/7395 3602/7396
f 3579/7397 3580/7398 3604/7399 3603/7400
f 3580/7401 3581/7402 3605/7403 3604/7404
f 3581/7405 3582/7406 3606/7407 3605/7408
f 3582/7409 3583/7410 3607/7411 3606/7412
f 3583/7413 3584/7414 3608/7415 3607/7416
f 3584/7417 3585/7418 3609/7419 3608/7420
f 3585/7421 3586/7422 3610/7423 3609/7424
f 3586/7425 3587/7426 3611/7427 3610/7428
f 3587/7429 3588/7430 3612/7431 3611/7432
f 3588/7433 3589/7434 3613/7435 3612/7436
f 3589/7437 3590/7438 3614/7439 3613/7440
f 3590/7441 3591/7442 3615/7443 3614/7444
f 3591/7445 3592/7446 3616/7447 3615/7448
f 3592/7449 3593/7450 3617/7451 3616/7452
f 3593/7453 3594/7454 3618/7455 3617/7456
f 3594/7457 3595/7458 3619/7459 3618/7460
f 3595/7461 3596/7462 3620/7463 3619/7464
f 3596/7465 3597/7466 3621/7467 3620/7468
f 3597/7469 3598/7470 3622/7471 3621/7472
f 3598/7473 3599/7474 3623/7475 3622/7476
f 3599/7477 3600/7478 3624/7479 3623/7480
f 3600/7481 3577/7482 3601/7483 3624/7484
f 3625/7485 3626/7486 3650/7487 3649/7488
f 3626/7489 3627/7490 3651/7491 3650/7492
f 3627/7493 3628/7494 3652/7495 3651/7496
f 3628/7497 3629/7498 3653/7499 3652/7500
f 3629/7501 3630/7502 3654/7503 3653/7504
f 3630/7505 3631/7506 3655/7507 3654/7508
f 3631/7509 3632/7510 3656/7511 3655/7512
f 3632/7513 3633/7514 3657/7515 3656/7516
f 3633/7517 3634/7518 3658/7519 3657/7520
f 3634/7521 3635/7522 3659/7523 3658/7524
f 3635/7525 3636/7526 3660/7527 3659/7528
f 3636/7529 3637/7530 3661/7531 3660/7532
f 3637/7533 3638/7534 3662/7535 3661/7536
f 3638/7537 3639/7538 3663/7539 3662/7540
f 3639/7541 3640/7542 3664/7543 3663/7544
f 3640/7545 3641/7546 3665/7547 3664/7548
f 3641/7549 3642/7550 3666/7551 3665/7552
f 3642/7553 3643/7554 3667/7555 3666/7556
f 3643/7557 3644/7558 3668/7559 3667/7560
f 3644/7561 3645/7562 3669/7563 3668/7564
f 3645/7565 3646/7566 3670/7567 3669/7568
f 3646/7569 3647/7570 3671/7571 3670/7572
f 3647/7573 3648/7574 3672/7575 3671/7576
f 3648/7577 3625/7578 3649/7579 3672/7580
f 3673/7581 3674/7582 3698/7583 3697/7584
f 3674/7585 3675/7586 3699/7587 3698/7588
f 3675/7589 3676/7590 3700/7591 3699/7592
f 3676/7593 3677/7594 3701/7595 3700/7596
f 3677/7597 3678/7598 3702/7599 3701/7600
f 3678/7601 3679/7602 3703/7603 3702/7604
f 3679/7605 3680/7606 3704/7607 3703/7608
f 3680/7609 3681/7610 3705/7611 3704/7612
f 3681/7613 3682/7614 3706/7615 3705/7616
f 3682/7617 3683/7618 3707/7619 3706/7620
f 3683/7621 3684/7622 3708/7623 3707/7624
f 3684/7625 3685/7626 3709/7627 3708/7628
f 3685/7629 3686/7630 3710/7631 3709/7632
f 3686/7633 3687/7634 3711/7635 3710/7636
f 3687/7637 3688/7638 3712/7639 3711/7640
f 3688/7641 3689/7642 3713/7643 3712/7644
f 3689/7645 3690/7646 3714/7647 3713/7648
f 3690/7649 3691/7650 3715/7651 3714/7652
f 3691/7653 3692/7654 3716/7655 3715/7656
f 3692/7657 3693/7658 3717/7659 3716/7660
f 3693/7661 3694/7662 3718/7663 3717/7664
f 3694/7665 3695/7666 3719/7667 3718/7668
f 3695/7669 3696/7670 3720/7671 3719/7672
f 3696/7673 3673/7674 3697/7675 3720/7676
o Cockpit_CeilingCam_LensFwd
v -0.1233 1.6561 -0.4405
v -0.1217 1.6506 -0.4399
v -0.1199 1.6455 -0.4379
v -0.1182 1.6411 -0.4346
v -0.1167 1.6378 -0.4302
v -0.1154 1.6357 -0.4250
v -0.1144 1.6350 -0.4194
v -0.1139 1.6357 -0.4138
v -0.1138 1.6378 -0.4084
v -0.1142 1.6411 -0.4038
v -0.1150 1.6455 -0.4001
v -0.1162 1.6506 -0.3978
v -0.1177 1.6561 -0.3968
v -0.1194 1.6615 -0.3974
v -0.1211 1.6666 -0.3994
v -0.1228 1.6710 -0.4027
v -0.1244 1.6744 -0.4071
v -0.1257 1.6765 -0.4122
v -0.1266 1.6772 -0.4179
v -0.1271 1.6765 -0.4235
v -0.1272 1.6744 -0.4289
v -0.1268 1.6710 -0.4335
v -0.1260 1.6666 -0.4371
v -0.1248 1.6615 -0.4395
v -0.1250 1.6556 -0.4395
v -0.1233 1.6503 -0.4390
v -0.1217 1.6454 -0.4371
v -0.1200 1.6411 -0.4339
v -0.1185 1.6379 -0.4296
v -0.1173 1.6359 -0.4246
v -0.1164 1.6352 -0.4192
v -0.1159 1.6359 -0.4137
v -0.1158 1.6379 -0.4085
v -0.1162 1.6411 -0.4041
v -0.1170 1.6454 -0.4005
v -0.1181 1.6503 -0.3983
v -0.1195 1.6556 -0.3973
v -0.1211 1.6609 -0.3979
v -0.1228 1.6658 -0.3998
v -0.1245 1.6700 -0.4030
v -0.1260 1.6732 -0.4072
v -0.1272 1.6753 -0.4122
v -0.1281 1.6760 -0.4177
v -0.1286 1.6753 -0.4231
v -0.1287 1.6732 -0.4283
v -0.1283 1.6700 -0.4328
v -0.1275 1.6658 -0.4363
v -0.1264 1.6609 -0.4386
v -0.1250 1.6556 -0.4395
v -0.1233 1.6503 -0.4390
v -0.1217 1.6454 -0.4371
v -0.1200 1.6411 -0.4339
v -0.1185 1.6379 -0.4296
v -0.1173 1.6359 -0.4246
v -0.1164 1.6352 -0.4192
v -0.1159 1.6359 -0.4137
v -0.1158 1.6379 -0.4085
v -0.1162 1.6411 -0.4041
v -0.1170 1.6454 -0.4005
v -0.1181 1.6503 -0.3983
v -0.1195 1.6556 -0.3973
v -0.1211 1.6609 -0.3979
v -0.1228 1.6658 -0.3998
v -0.1245 1.6700 -0.4030
v -0.1260 1.6732 -0.4072
v -0.1272 1.6753 -0.4122
v -0.1281 1.6760 -0.4177
v -0.1286 1.6753 -0.4231
v -0.1287 1.6732 -0.4283
v -0.1283 1.6700 -0.4328
v -0.1275 1.6658 -0.4363
v -0.1264 1.6609 -0.4386
v -0.1263 1.6551 -0.4371
v -0.1248 1.6504 -0.4366
v -0.1233 1.6460 -0.4349
v -0.1218 1.6422 -0.4321
v -0.1205 1.6393 -0.4283
v -0.1194 1.6374 -0.4238
v -0.1186 1.6368 -0.4189
v -0.1181 1.6374 -0.4140
v -0.1181 1.6393 -0.4094
v -0.1184 1.6422 -0.4053
v -0.1191 1.6460 -0.4022
v -0.1201 1.6504 -0.4001
v -0.1214 1.6551 -0.3993
v -0.1229 1.6598 -0.3998
v -0.1244 1.6643 -0.4015
v -0.1259 1.6680 -0.4044
v -0.1272 1.6710 -0.4082
v -0.1283 1.6728 -0.4127
v -0.1291 1.6734 -0.4175
v -0.1296 1.6728 -0.4225
v -0.1296 1.6710 -0.4271
v -0.1293 1.6680 -0.4311
v -0.1286 1.6643 -0.4342
v -0.1276 1.6598 -0.4363
v -0.1263 1.6551 -0.4371
v -0.1248 1.6504 -0.4366
v -0.1233 1.6460 -0.4349
v -0.1218 1.6422 -0.4321
v -0.1205 1.6393 -0.4283
v -0.1194 1.6374 -0.4238
v -0.1186 1.6368 -0.4189
v -0.1181 1.6374 -0.4140
v -0.1181 1.6393 -0.4094
v -0.1184 1.6422 -0.4053
v -0.1191 1.6460 -0.4022
v -0.1201 1.6504 -0.4001
v -0.1214 1.6551 -0.3993
v -0.1229 1.6598 -0.3998
v -0.1244 1.6643 -0.4015
v -0.1259 1.6680 -0.4044
v -0.1272 1.6710 -0.4082
v -0.1283 1.6728 -0.4127
v -0.1291 1.6734 -0.4175
v -0.1296 1.6728 -0.4225
v -0.1296 1.6710 -0.4271
v -0.1293 1.6680 -0.4311
v -0.1286 1.6643 -0.4342
v -0.1276 1.6598 -0.4363
v -0.1272 1.6547 -0.4335
v -0.1260 1.6508 -0.4331
v -0.1248 1.6472 -0.4317
v -0.1236 1.6441 -0.4293
v -0.1225 1.6418 -0.4262
v -0.1216 1.6403 -0.4226
v -0.1209 1.6398 -0.4186
v -0.1206 1.6403 -0.4146
v -0.1205 1.6418 -0.4108
v -0.1208 1.6441 -0.4075
v -0.1214 1.6472 -0.4050
v -0.1222 1.6508 -0.4033
v -0.1232 1.6547 -0.4026
v -0.1244 1.6586 -0.4030
v -0.1257 1.6622 -0.4044
v -0.1269 1.6653 -0.4067
v -0.1280 1.6676 -0.4098
v -0.1289 1.6691 -0.4135
v -0.1295 1.6696 -0.4175
v -0.1299 1.6691 -0.4215
v -0.1300 1.6676 -0.4253
v -0.1297 1.6653 -0.4286
v -0.1291 1.6622 -0.4311
v -0.1283 1.6586 -0.4328
v -0.1272 1.6547 -0.4335
v -0.1260 1.6508 -0.4331
v -0.1248 1.6472 -0.4317
v -0.1236 1.6441 -0.4293
v -0.1225 1.6418 -0.4262
v -0.1216 1.6403 -0.4226
v -0.1209 1.6398 -0.4186
v -0.1206 1.6403 -0.4146
v -0.1205 1.6418 -0.4108
v -0.1208 1.6441 -0.4075
v -0.1214 1.6472 -0.4050
v -0.1222 1.6508 -0.4033
v -0.1232 1.6547 -0.4026
v -0.1244 1.6586 -0.4030
v -0.1257 1.6622 -0.4044
v -0.1269 1.6653 -0.4067
v -0.1280 1.6676 -0.4098
v -0.1289 1.6691 -0.4135
v -0.1295 1.6696 -0.4175
v -0.1299 1.6691 -0.4215
v -0.1300 1.6676 -0.4253
v -0.1297 1.6653 -0.4286
v -0.1291 1.6622 -0.4311
v -0.1283 1.6586 -0.4328
v -0.1277 1.6544 -0.4288
v -0.1269 1.6517 -0.4285
v -0.1260 1.6491 -0.4275
v -0.1251 1.6469 -0.4259
v -0.1244 1.6452 -0.4237
v -0.1237 1.6442 -0.4211
v -0.1232 1.6438 -0.4183
v -0.1230 1.6442 -0.4155
v -0.1230 1.6452 -0.4128
v -0.1231 1.6469 -0.4105
v -0.1236 1.6491 -0.4086
v -0.1241 1.6517 -0.4075
v -0.1249 1.6544 -0.4070
v -0.1257 1.6571 -0.4073
v -0.1266 1.6597 -0.4083
v -0.1275 1.6619 -0.4099
v -0.1282 1.6635 -0.4121
v -0.1289 1.6646 -0.4147
v -0.1293 1.6650 -0.4175
v -0.1296 1.6646 -0.4203
v -0.1296 1.6635 -0.4230
v -0.1294 1.6619 -0.4253
v -0.1290 1.6597 -0.4272
v -0.1284 1.6571 -0.4283
v -0.1277 1.6544 -0.4288
v -0.1269 1.6517 -0.4285
v -0.1260 1.6491 -0.4275
v -0.1251 1.6469 -0.4259
v -0.1244 1.6452 -0.4237
v -0.1237 1.6442 -0.4211
v -0.1232 1.6438 -0.4183
v -0.1230 1.6442 -0.4155
v -0.1230 1.6452 -0.4128
v -0.1231 1.6469 -0.4105
v -0.1236 1.6491 -0.4086
v -0.1241 1.6517 -0.4075
v -0.1249 1.6544 -0.4070
v -0.1257 1.6571 -0.4073
v -0.1266 1.6597 -0.4083
v -0.1275 1.6619 -0.4099
v -0.1282 1.6635 -0.4121
v -0.1289 1.6646 -0.4147
v -0.1293 1.6650 -0.4175
v -0.1296 1.6646 -0.4203
v -0.1296 1.6635 -0.4230
v -0.1294 1.6619 -0.4253
v -0.1290 1.6597 -0.4272
v -0.1284 1.6571 -0.4283
v -0.1277 1.6542 -0.4235
v -0.1273 1.6528 -0.4233
v -0.1268 1.6515 -0.4228
v -0.1264 1.6503 -0.4220
v -0.1260 1.6495 -0.4208
v -0.1256 1.6489 -0.4195
v -0.1254 1.6487 -0.4180
v -0.1252 1.6489 -0.4166
v -0.1252 1.6495 -0.4152
v -0.1253 1.6503 -0.4140
v -0.1255 1.6515 -0.4130
v -0.1258 1.6528 -0.4124
v -0.1262 1.6542 -0.4122
v -0.1267 1.6556 -0.4123
v -0.1271 1.6569 -0.4128
v -0.1276 1.6581 -0.4137
v -0.1280 1.6589 -0.4148
v -0.1283 1.6595 -0.4162
v -0.1285 1.6597 -0.4176
v -0.1287 1.6595 -0.4191
v -0.1287 1.6589 -0.4205
v -0.1286 1.6581 -0.4217
v -0.1284 1.6569 -0.4226
v -0.1281 1.6556 -0.4232
v -0.1277 1.6542 -0.4235
v -0.1273 1.6528 -0.4233
v -0.1268 1.6515 -0.4228
v -0.1264 1.6503 -0.4220
v -0.1260 1.6495 -0.4208
v -0.1256 1.6489 -0.4195
v -0.1254 1.6487 -0.4180
v -0.1252 1.6489 -0.4166
v -0.1252 1.6495 -0.4152
v -0.1253 1.6503 -0.4140
v -0.1255 1.6515 -0.4130
v -0.1258 1.6528 -0.4124
v -0.1262 1.6542 -0.4122
v -0.1267 1.6556 -0.4123
v -0.1271 1.6569 -0.4128
v -0.1276 1.6581 -0.4137
v -0.1280 1.6589 -0.4148
v -0.1283 1.6595 -0.4162
v -0.1285 1.6597 -0.4176
v -0.1287 1.6595 -0.4191
v -0.1287 1.6589 -0.4205
v -0.1286 1.6581 -0.4217
v -0.1284 1.6569 -0.4226
v -0.1281 1.6556 -0.4232
v -0.1272 1.6541 -0.4178
v -0.1272 1.6541 -0.4178
v -0.1272 1.6541 -0.4178
v -0.1272 1.6541 -0.4178
v -0.1272 1.6541 -0.4178
v -0.1272 1.6541 -0.4178
v -0.1272 1.6541 -0.4178
v -0.1272 1.6541 -0.4178
v -0.1272 1.6541 -0.4178
v -0.1272 1.6541 -0.4178
v -0.1272 1.6541 -0.4178
v -0.1272 1.6541 -0.4178
v -0.1272 1.6541 -0.4178
v -0.1272 1.6541 -0.4178
v -0.1272 1.6541 -0.4178
v -0.1272 1.6541 -0.4178
v -0.1272 1.6541 -0.4178
v -0.1272 1.6541 -0.4178
v -0.1272 1.6541 -0.4178
v -0.1272 1.6541 -0.4178
v -0.1272 1.6541 -0.4178
v -0.1272 1.6541 -0.4178
v -0.1272 1.6541 -0.4178
v -0.1272 1.6541 -0.4178
v -0.1205 1.6561 -0.4186
v -0.1205 1.6561 -0.4186
v -0.1205 1.6561 -0.4186
v -0.1205 1.6561 -0.4186
v -0.1205 1.6561 -0.4186
v -0.1205 1.6561 -0.4186
v -0.1205 1.6561 -0.4186
v -0.1205 1.6561 -0.4186
v -0.1205 1.6561 -0.4186
v -0.1205 1.6561 -0.4186
v -0.1205 1.6561 -0.4186
v -0.1205 1.6561 -0.4186
v -0.1205 1.6561 -0.4186
v -0.1205 1.6561 -0.4186
v -0.1205 1.6561 -0.4186
v -0.1205 1.6561 -0.4186
v -0.1205 1.6561 -0.4186
v -0.1205 1.6561 -0.4186
v -0.1205 1.6561 -0.4186
v -0.1205 1.6561 -0.4186
v -0.1205 1.6561 -0.4186
v -0.1205 1.6561 -0.4186
v -0.1205 1.6561 -0.4186
v -0.1205 1.6561 -0.4186
v -0.1233 1.6561 -0.4405
v -0.1217 1.6506 -0.4399
v -0.1199 1.6455 -0.4379
v -0.1182 1.6411 -0.4346
v -0.1167 1.6378 -0.4302
v -0.1154 1.6357 -0.4250
v -0.1144 1.6350 -0.4194
v -0.1139 1.6357 -0.4138
v -0.1138 1.6378 -0.4084
v -0.1142 1.6411 -0.4038
v -0.1150 1.6455 -0.4001
v -0.1162 1.6506 -0.3978
v -0.1177 1.6561 -0.3968
v -0.1194 1.6615 -0.3974
v -0.1211 1.6666 -0.3994
v -0.1228 1.6710 -0.4027
v -0.1244 1.6744 -0.4071
v -0.1257 1.6765 -0.4122
v -0.1266 1.6772 -0.4179
v -0.1271 1.6765 -0.4235
v -0.1272 1.6744 -0.4289
v -0.1268 1.6710 -0.4335
v -0.1260 1.6666 -0.4371
v -0.1248 1.6615 -0.4395
vt -0.1233 1.6561
vt -0.1217 1.6506
vt -0.1233 1.6503
vt -0.1250 1.6556
vt -0.1217 1.6506
vt -0.1199 1.6455
vt -0.1217 1.6454
vt -0.1233 1.6503
vt -0.1199 1.6455
vt -0.1182 1.6411
vt -0.1200 1.6411
vt -0.1217 1.6454
vt -0.1182 -0.4346
vt -0.1167 -0.4302
vt -0.1185 -0.4296
vt -0.1200 -0.4339
vt -0.1167 -0.4302
vt -0.1154 -0.4250
vt -0.1173 -0.4246
vt -0.1185 -0.4296
vt -0.1154 -0.4250
vt -0.1144 -0.4194
vt -0.1164 -0.4192
vt -0.1173 -0.4246
vt -0.1144 -0.4194
vt -0.1139 -0.4138
vt -0.1159 -0.4137
vt -0.1164 -0.4192
vt -0.1139 -0.4138
vt -0.1138 -0.4084
vt -0.1158 -0.4085
vt -0.1159 -0.4137
vt -0.1138 -0.4084
vt -0.1142 -0.4038
vt -0.1162 -0.4041
vt -0.1158 -0.4085
vt -0.1142 1.6411
vt -0.1150 1.6455
vt -0.1170 1.6454
vt -0.1162 1.6411
vt -0.1150 1.6455
vt -0.1162 1.6506
vt -0.1181 1.6503
vt -0.1170 1.6454
vt -0.1162 1.6506
vt -0.1177 1.6561
vt -0.1195 1.6556
vt -0.1181 1.6503
vt -0.1177 1.6561
vt -0.1194 1.6615
vt -0.1211 1.6609
vt -0.1195 1.6556
vt -0.1194 1.6615
vt -0.1211 1.6666
vt -0.1228 1.6658
vt -0.1211 1.6609
vt -0.1211 1.6666
vt -0.1228 1.6710
vt -0.1245 1.6700
vt -0.1228 1.6658
vt -0.1228 1.6710
vt -0.1244 1.6744
vt -0.1260 1.6732
vt -0.1245 1.6700
vt -0.1244 -0.4071
vt -0.1257 -0.4122
vt -0.1272 -0.4122
vt -0.1260 -0.4072
vt -0.1257 -0.4122
vt -0.1266 -0.4179
vt -0.1281 -0.4177
vt -0.1272 -0.4122
vt -0.1266 -0.4179
vt -0.1271 -0.4235
vt -0.1286 -0.4231
vt -0.1281 -0.4177
vt -0.1271 -0.4235
vt -0.1272 -0.4289
vt -0.1287 -0.4283
vt -0.1286 -0.4231
vt -0.4289 1.6744
vt -0.4335 1.6710
vt -0.4328 1.6700
vt -0.4283 1.6732
vt -0.1268 1.6710
vt -0.1260 1.6666
vt -0.1275 1.6658
vt -0.1283 1.6700
vt -0.1260 1.6666
vt -0.1248 1.6615
vt -0.1264 1.6609
vt -0.1275 1.6658
vt -0.1248 1.6615
vt -0.1233 1.6561
vt -0.1250 1.6556
vt -0.1264 1.6609
vt -0.4395 1.6556
vt -0.4390 1.6503
vt -0.4366 1.6504
vt -0.4371 1.6551
vt -0.4390 1.6503
vt -0.4371 1.6454
vt -0.4349 1.6460
vt -0.4366 1.6504
vt -0.4371 1.6454
vt -0.4339 1.6411
vt -0.4321 1.6422
vt -0.4349 1.6460
vt -0.1200 -0.4339
vt -0.1185 -0.4296
vt -0.1205 -0.4283
vt -0.1218 -0.4321
vt -0.1185 -0.4296
vt -0.1173 -0.4246
vt -0.1194 -0.4238
vt -0.1205 -0.4283
vt -0.1173 -0.4246
vt -0.1164 -0.4192
vt -0.1186 -0.4189
vt -0.1194 -0.4238
vt -0.1164 -0.4192
vt -0.1159 -0.4137
vt -0.1181 -0.4140
vt -0.1186 -0.4189
vt -0.1159 -0.4137
vt -0.1158 -0.4085
vt -0.1181 -0.4094
vt -0.1181 -0.4140
vt -0.1158 -0.4085
vt -0.1162 -0.4041
vt -0.1184 -0.4053
vt -0.1181 -0.4094
vt -0.4041 1.6411
vt -0.4005 1.6454
vt -0.4022 1.6460
vt -0.4053 1.6422
vt -0.1170 1.6454
vt -0.1181 1.6503
vt -0.1201 1.6504
vt -0.1191 1.6460
vt -0.1181 1.6503
vt -0.1195 1.6556
vt -0.1214 1.6551
vt -0.1201 1.6504
vt -0.1195 1.6556
vt -0.1211 1.6609
vt -0.1229 1.6598
vt -0.1214 1.6551
vt -0.3979 1.6609
vt -0.3998 1.6658
vt -0.4015 1.6643
vt -0.3998 1.6598
vt -0.3998 1.6658
vt -0.4030 1.6700
vt -0.4044 1.6680
vt -0.4015 1.6643
vt -0.4030 1.6700
vt -0.4072 1.6732
vt -0.4082 1.6710
vt -0.4044 1.6680
vt -0.4072 1.6732
vt -0.4122 1.6753
vt -0.4127 1.6728
vt -0.4082 1.6710
vt -0.4122 1.6753
vt -0.4177 1.6760
vt -0.4175 1.6734
vt -0.4127 1.6728
vt -0.4177 1.6760
vt -0.4231 1.6753
vt -0.4225 1.6728
vt -0.4175 1.6734
vt -0.4231 1.6753
vt -0.4283 1.6732
vt -0.4271 1.6710
vt -0.4225 1.6728
vt -0.4283 1.6732
vt -0.4328 1.6700
vt -0.4311 1.6680
vt -0.4271 1.6710
vt -0.4328 1.6700
vt -0.4363 1.6658
vt -0.4342 1.6643
vt -0.4311 1.6680
vt -0.4363 1.6658
vt -0.4386 1.6609
vt -0.4363 1.6598
vt -0.4342 1.6643
vt -0.4386 1.6609
vt -0.4395 1.6556
vt -0.4371 1.6551
vt -0.4363 1.6598
vt -0.4371 1.6551
vt -0.4366 1.6504
vt -0.4331 1.6508
vt -0.4335 1.6547
vt -0.4366 1.6504
vt -0.4349 1.6460
vt -0.4317 1.6472
vt -0.4331 1.6508
vt -0.4349 1.6460
vt -0.4321 1.6422
vt -0.4293 1.6441
vt -0.4317 1.6472
vt -0.4321 1.6422
vt -0.4283 1.6393
vt -0.4262 1.6418
vt -0.4293 1.6441
vt -0.4283 1.6393
vt -0.4238 1.6374
vt -0.4226 1.6403
vt -0.4262 1.6418
vt -0.4238 1.6374
vt -0.4189 1.6368
vt -0.4186 1.6398
vt -0.4226 1.6403
vt -0.4189 1.6368
vt -0.4140 1.6374
vt -0.4146 1.6403
vt -0.4186 1.6398
vt -0.4140 1.6374
vt -0.4094 1.6393
vt -0.4108 1.6418
vt -0.4146 1.6403
vt -0.4094 1.6393
vt -0.4053 1.6422
vt -0.4075 1.6441
vt -0.4108 1.6418
vt -0.4053 1.6422
vt -0.4022 1.6460
vt -0.4050 1.6472
vt -0.4075 1.6441
vt -0.4022 1.6460
vt -0.4001 1.6504
vt -0.4033 1.6508
vt -0.4050 1.6472
vt -0.4001 1.6504
vt -0.3993 1.6551
vt -0.4026 1.6547
vt -0.4033 1.6508
vt -0.3993 1.6551
vt -0.3998 1.6598
vt -0.4030 1.6586
vt -0.4026 1.6547
vt -0.3998 1.6598
vt -0.4015 1.6643
vt -0.4044 1.6622
vt -0.4030 1.6586
vt -0.4015 1.6643
vt -0.4044 1.6680
vt -0.4067 1.6653
vt -0.4044 1.6622
vt -0.4044 1.6680
vt -0.4082 1.6710
vt -0.4098 1.6676
vt -0.4067 1.6653
vt -0.4082 1.6710
vt -0.4127 1.6728
vt -0.4135 1.6691
vt -0.4098 1.6676
vt -0.4127 1.6728
vt -0.4175 1.6734
vt -0.4175 1.6696
vt -0.4135 1.6691
vt -0.4175 1.6734
vt -0.4225 1.6728
vt -0.4215 1.6691
vt -0.4175 1.6696
vt -0.4225 1.6728
vt -0.4271 1.6710
vt -0.4253 1.6676
vt -0.4215 1.6691
vt -0.4271 1.6710
vt -0.4311 1.6680
vt -0.4286 1.6653
vt -0.4253 1.6676
vt -0.4311 1.6680
vt -0.4342 1.6643
vt -0.4311 1.6622
vt -0.4286 1.6653
vt -0.4342 1.6643
vt -0.4363 1.6598
vt -0.4328 1.6586
vt -0.4311 1.6622
vt -0.4363 1.6598
vt -0.4371 1.6551
vt -0.4335 1.6547
vt -0.4328 1.6586
vt -0.4335 1.6547
vt -0.4331 1.6508
vt -0.4285 1.6517
vt -0.4288 1.6544
vt -0.4331 1.6508
vt -0.4317 1.6472
vt -0.4275 1.6491
vt -0.4285 1.6517
vt -0.4317 1.6472
vt -0.4293 1.6441
vt -0.4259 1.6469
vt -0.4275 1.6491
vt -0.4293 1.6441
vt -0.4262 1.6418
vt -0.4237 1.6452
vt -0.4259 1.6469
vt -0.4262 1.6418
vt -0.4226 1.6403
vt -0.4211 1.6442
vt -0.4237 1.6452
vt -0.4226 1.6403
vt -0.4186 1.6398
vt -0.4183 1.6438
vt -0.4211 1.6442
vt -0.4186 1.6398
vt -0.4146 1.6403
vt -0.4155 1.6442
vt -0.4183 1.6438
vt -0.4146 1.6403
vt -0.4108 1.6418
vt -0.4128 1.6452
vt -0.4155 1.6442
vt -0.4108 1.6418
vt -0.4075 1.6441
vt -0.4105 1.6469
vt -0.4128 1.6452
vt -0.4075 1.6441
vt -0.4050 1.6472
vt -0.4086 1.6491
vt -0.4105 1.6469
vt -0.4050 1.6472
vt -0.4033 1.6508
vt -0.4075 1.6517
vt -0.4086 1.6491
vt -0.4033 1.6508
vt -0.4026 1.6547
vt -0.4070 1.6544
vt -0.4075 1.6517
vt -0.4026 1.6547
vt -0.4030 1.6586
vt -0.4073 1.6571
vt -0.4070 1.6544
vt -0.4030 1.6586
vt -0.4044 1.6622
vt -0.4083 1.6597
vt -0.4073 1.6571
vt -0.4044 1.6622
vt -0.4067 1.6653
vt -0.4099 1.6619
vt -0.4083 1.6597
vt -0.4067 1.6653
vt -0.4098 1.6676
vt -0.4121 1.6635
vt -0.4099 1.6619
vt -0.4098 1.6676
vt -0.4135 1.6691
vt -0.4147 1.6646
vt -0.4121 1.6635
vt -0.4135 1.6691
vt -0.4175 1.6696
vt -0.4175 1.6650
vt -0.4147 1.6646
vt -0.4175 1.6696
vt -0.4215 1.6691
vt -0.4203 1.6646
vt -0.4175 1.6650
vt -0.4215 1.6691
vt -0.4253 1.6676
vt -0.4230 1.6635
vt -0.4203 1.6646
vt -0.4253 1.6676
vt -0.4286 1.6653
vt -0.4253 1.6619
vt -0.4230 1.6635
vt -0.4286 1.6653
vt -0.4311 1.6622
vt -0.4272 1.6597
vt -0.4253 1.6619
vt -0.4311 1.6622
vt -0.4328 1.6586
vt -0.4283 1.6571
vt -0.4272 1.6597
vt -0.4328 1.6586
vt -0.4335 1.6547
vt -0.4288 1.6544
vt -0.4283 1.6571
vt -0.4288 1.6544
vt -0.4285 1.6517
vt -0.4233 1.6528
vt -0.4235 1.6542
vt -0.4285 1.6517
vt -0.4275 1.6491
vt -0.4228 1.6515
vt -0.4233 1.6528
vt -0.4275 1.6491
vt -0.4259 1.6469
vt -0.4220 1.6503
vt -0.4228 1.6515
vt -0.4259 1.6469
vt -0.4237 1.6452
vt -0.4208 1.6495
vt -0.4220 1.6503
vt -0.4237 1.6452
vt -0.4211 1.6442
vt -0.4195 1.6489
vt -0.4208 1.6495
vt -0.4211 1.6442
vt -0.4183 1.6438
vt -0.4180 1.6487
vt -0.4195 1.6489
vt -0.4183 1.6438
vt -0.4155 1.6442
vt -0.4166 1.6489
vt -0.4180 1.6487
vt -0.4155 1.6442
vt -0.4128 1.6452
vt -0.4152 1.6495
vt -0.4166 1.6489
vt -0.4128 1.6452
vt -0.4105 1.6469
vt -0.4140 1.6503
vt -0.4152 1.6495
vt -0.4105 1.6469
vt -0.4086 1.6491
vt -0.4130 1.6515
vt -0.4140 1.6503
vt -0.4086 1.6491
vt -0.4075 1.6517
vt -0.4124 1.6528
vt -0.4130 1.6515
vt -0.4075 1.6517
vt -0.4070 1.6544
vt -0.4122 1.6542
vt -0.4124 1.6528
vt -0.4070 1.6544
vt -0.4073 1.6571
vt -0.4123 1.6556
vt -0.4122 1.6542
vt -0.4073 1.6571
vt -0.4083 1.6597
vt -0.4128 1.6569
vt -0.4123 1.6556
vt -0.4083 1.6597
vt -0.4099 1.6619
vt -0.4137 1.6581
vt -0.4128 1.6569
vt -0.4099 1.6619
vt -0.4121 1.6635
vt -0.4148 1.6589
vt -0.4137 1.6581
vt -0.4121 1.6635
vt -0.4147 1.6646
vt -0.4162 1.6595
vt -0.4148 1.6589
vt -0.4147 1.6646
vt -0.4175 1.6650
vt -0.4176 1.6597
vt -0.4162 1.6595
vt -0.4175 1.6650
vt -0.4203 1.6646
vt -0.4191 1.6595
vt -0.4176 1.6597
vt -0.4203 1.6646
vt -0.4230 1.6635
vt -0.4205 1.6589
vt -0.4191 1.6595
vt -0.4230 1.6635
vt -0.4253 1.6619
vt -0.4217 1.6581
vt -0.4205 1.6589
vt -0.4253 1.6619
vt -0.4272 1.6597
vt -0.4226 1.6569
vt -0.4217 1.6581
vt -0.4272 1.6597
vt -0.4283 1.6571
vt -0.4232 1.6556
vt -0.4226 1.6569
vt -0.4283 1.6571
vt -0.4288 1.6544
vt -0.4235 1.6542
vt -0.4232 1.6556
vt -0.4235 1.6542
vt -0.4233 1.6528
vt -0.4178 1.6541
vt -0.4178 1.6541
vt -0.4233 1.6528
vt -0.4228 1.6515
vt -0.4178 1.6541
vt -0.4178 1.6541
vt -0.4228 1.6515
vt -0.4220 1.6503
vt -0.4178 1.6541
vt -0.4178 1.6541
vt -0.4220 1.6503
vt -0.4208 1.6495
vt -0.4178 1.6541
vt -0.4178 1.6541
vt -0.4208 1.6495
vt -0.4195 1.6489
vt -0.4178 1.6541
vt -0.4178 1.6541
vt -0.4195 1.6489
vt -0.4180 1.6487
vt -0.4178 1.6541
vt -0.4178 1.6541
vt -0.4180 1.6487
vt -0.4166 1.6489
vt -0.4178 1.6541
vt -0.4178 1.6541
vt -0.4166 1.6489
vt -0.4152 1.6495
vt -0.4178 1.6541
vt -0.4178 1.6541
vt -0.4152 1.6495
vt -0.4140 1.6503
vt -0.4178 1.6541
vt -0.4178 1.6541
vt -0.4140 1.6503
vt -0.4130 1.6515
vt -0.4178 1.6541
vt -0.4178 1.6541
vt -0.4130 1.6515
vt -0.4124 1.6528
vt -0.4178 1.6541
vt -0.4178 1.6541
vt -0.4124 1.6528
vt -0.4122 1.6542
vt -0.4178 1.6541
vt -0.4178 1.6541
vt -0.4122 1.6542
vt -0.4123 1.6556
vt -0.4178 1.6541
vt -0.4178 1.6541
vt -0.4123 1.6556
vt -0.4128 1.6569
vt -0.4178 1.6541
vt -0.4178 1.6541
vt -0.4128 1.6569
vt -0.4137 1.6581
vt -0.4178 1.6541
vt -0.4178 1.6541
vt -0.4137 1.6581
vt -0.4148 1.6589
vt -0.4178 1.6541
vt -0.4178 1.6541
vt -0.4148 1.6589
vt -0.4162 1.6595
vt -0.4178 1.6541
vt -0.4178 1.6541
vt -0.4162 1.6595
vt -0.4176 1.6597
vt -0.4178 1.6541
vt -0.4178 1.6541
vt -0.4176 1.6597
vt -0.4191 1.6595
vt -0.4178 1.6541
vt -0.4178 1.6541
vt -0.4191 1.6595
vt -0.4205 1.6589
vt -0.4178 1.6541
vt -0.4178 1.6541
vt -0.4205 1.6589
vt -0.4217 1.6581
vt -0.4178 1.6541
vt -0.4178 1.6541
vt -0.4217 1.6581
vt -0.4226 1.6569
vt -0.4178 1.6541
vt -0.4178 1.6541
vt -0.4226 1.6569
vt -0.4232 1.6556
vt -0.4178 1.6541
vt -0.4178 1.6541
vt -0.4232 1.6556
vt -0.4235 1.6542
vt -0.4178 1.6541
vt -0.4178 1.6541
vt -0.4186 1.6561
vt -0.4186 1.6561
vt -0.4399 1.6506
vt -0.4405 1.6561
vt -0.4186 1.6561
vt -0.4186 1.6561
vt -0.4379 1.6455
vt -0.4399 1.6506
vt -0.4186 1.6561
vt -0.4186 1.6561
vt -0.4346 1.6411
vt -0.4379 1.6455
vt -0.4186 1.6561
vt -0.4186 1.6561
vt -0.4302 1.6378
vt -0.4346 1.6411
vt -0.4186 1.6561
vt -0.4186 1.6561
vt -0.4250 1.6357
vt -0.4302 1.6378
vt -0.4186 1.6561
vt -0.4186 1.6561
vt -0.4194 1.6350
vt -0.4250 1.6357
vt -0.4186 1.6561
vt -0.4186 1.6561
vt -0.4138 1.6357
vt -0.4194 1.6350
vt -0.4186 1.6561
vt -0.4186 1.6561
vt -0.4084 1.6378
vt -0.4138 1.6357
vt -0.4186 1.6561
vt -0.4186 1.6561
vt -0.4038 1.6411
vt -0.4084 1.6378
vt -0.4186 1.6561
vt -0.4186 1.6561
vt -0.4001 1.6455
vt -0.4038 1.6411
vt -0.4186 1.6561
vt -0.4186 1.6561
vt -0.3978 1.6506
vt -0.4001 1.6455
vt -0.4186 1.6561
vt -0.4186 1.6561
vt -0.3968 1.6561
vt -0.3978 1.6506
vt -0.4186 1.6561
vt -0.4186 1.6561
vt -0.3974 1.6615
vt -0.3968 1.6561
vt -0.4186 1.6561
vt -0.4186 1.6561
vt -0.3994 1.6666
vt -0.3974 1.6615
vt -0.4186 1.6561
vt -0.4186 1.6561
vt -0.4027 1.6710
vt -0.3994 1.6666
vt -0.4186 1.6561
vt -0.4186 1.6561
vt -0.4071 1.6744
vt -0.4027 1.6710
vt -0.4186 1.6561
vt -0.4186 1.6561
vt -0.4122 1.6765
vt -0.4071 1.6744
vt -0.4186 1.6561
vt -0.4186 1.6561
vt -0.4179 1.6772
vt -0.4122 1.6765
vt -0.4186 1.6561
vt -0.4186 1.6561
vt -0.4235 1.6765
vt -0.4179 1.6772
vt -0.4186 1.6561
vt -0.4186 1.6561
vt -0.4289 1.6744
vt -0.4235 1.6765
vt -0.4186 1.6561
vt -0.4186 1.6561
vt -0.4335 1.6710
vt -0.4289 1.6744
vt -0.4186 1.6561
vt -0.4186 1.6561
vt -0.4371 1.6666
vt -0.4335 1.6710
vt -0.4186 1.6561
vt -0.4186 1.6561
vt -0.4395 1.6615
vt -0.4371 1.6666
vt -0.4186 1.6561
vt -0.4186 1.6561
vt -0.4405 1.6561
vt -0.4395 1.6615
f 3721/7677 3722/7678 3746/7679 3745/7680
f 3722/7681 3723/7682 3747/7683 3746/7684
f 3723/7685 3724/7686 3748/7687 3747/7688
f 3724/7689 3725/7690 3749/7691 3748/7692
f 3725/7693 3726/7694 3750/7695 3749/7696
f 3726/7697 3727/7698 3751/7699 3750/7700
f 3727/7701 3728/7702 3752/7703 3751/7704
f 3728/7705 3729/7706 3753/7707 3752/7708
f 3729/7709 3730/7710 3754/7711 3753/7712
f 3730/7713 3731/7714 3755/7715 3754/7716
f 3731/7717 3732/7718 3756/7719 3755/7720
f 3732/7721 3733/7722 3757/7723 3756/7724
f 3733/7725 3734/7726 3758/7727 3757/7728
f 3734/7729 3735/7730 3759/7731 3758/7732
f 3735/7733 3736/7734 3760/7735 3759/7736
f 3736/7737 3737/7738 3761/7739 3760/7740
f 3737/7741 3738/7742 3762/7743 3761/7744
f 3738/7745 3739/7746 3763/7747 3762/7748
f 3739/7749 3740/7750 3764/7751 3763/7752
f 3740/7753 3741/7754 3765/7755 3764/7756
f 3741/7757 3742/7758 3766/7759 3765/7760
f 3742/7761 3743/7762 3767/7763 3766/7764
f 3743/7765 3744/7766 3768/7767 3767/7768
f 3744/7769 3721/7770 3745/7771 3768/7772
f 3769/7773 3770/7774 3794/7775 3793/7776
f 3770/7777 3771/7778 3795/7779 3794/7780
f 3771/7781 3772/7782 3796/7783 3795/7784
f 3772/7785 3773/7786 3797/7787 3796/7788
f 3773/7789 3774/7790 3798/7791 3797/7792
f 3774/7793 3775/7794 3799/7795 3798/7796
f 3775/7797 3776/7798 3800/7799 3799/7800
f 3776/7801 3777/7802 3801/7803 3800/7804
f 3777/7805 3778/7806 3802/7807 3801/7808
f 3778/7809 3779/7810 3803/7811 3802/7812
f 3779/7813 3780/7814 3804/7815 3803/7816
f 3780/7817 3781/7818 3805/7819 3804/7820
f 3781/7821 3782/7822 3806/7823 3805/7824
f 3782/7825 3783/7826 3807/7827 3806/7828
f 3783/7829 3784/7830 3808/7831 3807/7832
f 3784/7833 3785/7834 3809/7835 3808/7836
f 3785/7837 3786/7838 3810/7839 3809/7840
f 3786/7841 3787/7842 3811/7843 3810/7844
f 3787/7845 3788/7846 3812/7847 3811/7848
f 3788/7849 3789/7850 3813/7851 3812/7852
f 3789/7853 3790/7854 3814/7855 3813/7856
f 3790/7857 3791/7858 3815/7859 3814/7860
f 3791/7861 3792/7862 3816/7863 3815/7864
f 3792/7865 3769/7866 3793/7867 3816/7868
f 3817/7869 3818/7870 3842/7871 3841/7872
f 3818/7873 3819/7874 3843/7875 3842/7876
f 3819/7877 3820/7878 3844/7879 3843/7880
f 3820/7881 3821/7882 3845/7883 3844/7884
f 3821/7885 3822/7886 3846/7887 3845/7888
f 3822/7889 3823/7890 3847/7891 3846/7892
f 3823/7893 3824/7894 3848/7895 3847/7896
f 3824/7897 3825/7898 3849/7899 3848/7900
f 3825/7901 3826/7902 3850/7903 3849/7904
f 3826/7905 3827/7906 3851/7907 3850/7908
f 3827/7909 3828/7910 3852/7911 3851/7912
f 3828/7913 3829/7914 3853/7915 3852/7916
f 3829/7917 3830/7918 3854/7919 3853/7920
f 3830/7921 3831/7922 3855/7923 3854/7924
f 3831/7925 3832/7926 3856/7927 3855/7928
f 3832/7929 3833/7930 3857/7931 3856/7932
f 3833/7933 3834/7934 3858/7935 3857/7936
f 3834/7937 3835/7938 3859/7939 3858/7940
f 3835/7941 3836/7942 3860/7943 3859/7944
f 3836/7945 3837/7946 3861/7947 3860/7948
f 3837/7949 3838/7950 3862/7951 3861/7952
f 3838/7953 3839/7954 3863/7955 3862/7956
f 3839/7957 3840/7958 3864/7959 3863/7960
f 3840/7961 3817/7962 3841/7963 3864/7964
f 3865/7965 3866/7966 3890/7967 3889/7968
f 3866/7969 3867/7970 3891/7971 3890/7972
f 3867/7973 3868/7974 3892/7975 3891/7976
f 3868/7977 3869/7978 3893/7979 3892/7980
f 3869/7981 3870/7982 3894/7983 3893/7984
f 3870/7985 3871/7986 3895/7987 3894/7988
f 3871/7989 3872/7990 3896/7991 3895/7992
f 3872/7993 3873/7994 3897/7995 3896/7996
f 3873/7997 3874/7998 3898/7999 3897/8000
f 3874/8001 3875/8002 3899/8003 3898/8004
f 3875/8005 3876/8006 3900/8007 3899/8008
f 3876/8009 3877/8010 3901/8011 3900/8012
f 3877/8013 3878/8014 3902/8015 3901/8016
f 3878/8017 3879/8018 3903/8019 3902/8020
f 3879/8021 3880/8022 3904/8023 3903/8024
f 3880/8025 3881/8026 3905/8027 3904/8028
f 3881/8029 3882/8030 3906/8031 3905/8032
f 3882/8033 3883/8034 3907/8035 3906/8036
f 3883/8037 3884/8038 3908/8039 3907/8040
f 3884/8041 3885/8042 3909/8043 3908/8044
f 3885/8045 3886/8046 3910/8047 3909/8048
f 3886/8049 3887/8050 3911/8051 3910/8052
f 3887/8053 3888/8054 3912/8055 3911/8056
f 3888/8057 3865/8058 3889/8059 3912/8060
f 3913/8061 3914/8062 3938/8063 3937/8064
f 3914/8065 3915/8066 3939/8067 3938/8068
f 3915/8069 3916/8070 3940/8071 3939/8072
f 3916/8073 3917/8074 3941/8075 3940/8076
f 3917/8077 3918/8078 3942/8079 3941/8080
f 3918/8081 3919/8082 3943/8083 3942/8084
f 3919/8085 3920/8086 3944/8087 3943/8088
f 3920/8089 3921/8090 3945/8091 3944/8092
f 3921/8093 3922/8094 3946/8095 3945/8096
f 3922/8097 3923/8098 3947/8099 3946/8100
f 3923/8101 3924/8102 3948/8103 3947/8104
f 3924/8105 3925/8106 3949/8107 3948/8108
f 3925/8109 3926/8110 3950/8111 3949/8112
f 3926/8113 3927/8114 3951/8115 3950/8116
f 3927/8117 3928/8118 3952/8119 3951/8120
f 3928/8121 3929/8122 3953/8123 3952/8124
f 3929/8125 3930/8126 3954/8127 3953/8128
f 3930/8129 3931/8130 3955/8131 3954/8132
f 3931/8133 3932/8134 3956/8135 3955/8136
f 3932/8137 3933/8138 3957/8139 3956/8140
f 3933/8141 3934/8142 3958/8143 3957/8144
f 3934/8145 3935/8146 3959/8147 3958/8148
f 3935/8149 3936/8150 3960/8151 3959/8152
f 3936/8153 3913/8154 3937/8155 3960/8156
f 3961/8157 3962/8158 3986/8159 3985/8160
f 3962/8161 3963/8162 3987/8163 3986/8164
f 3963/8165 3964/8166 3988/8167 3987/8168
f 3964/8169 3965/8170 3989/8171 3988/8172
f 3965/8173 3966/8174 3990/8175 3989/8176
f 3966/8177 3967/8178 3991/8179 3990/8180
f 3967/8181 3968/8182 3992/8183 3991/8184
f 3968/8185 3969/8186 3993/8187 3992/8188
f 3969/8189 3970/8190 3994/8191 3993/8192
f 3970/8193 3971/8194 3995/8195 3994/8196
f 3971/8197 3972/8198 3996/8199 3995/8200
f 3972/8201 3973/8202 3997/8203 3996/8204
f 3973/8205 3974/8206 3998/8207 3997/8208
f 3974/8209 3975/8210 3999/8211 3998/8212
f 3975/8213 3976/8214 4000/8215 3999/8216
f 3976/8217 3977/8218 4001/8219 4000/8220
f 3977/8221 3978/8222 4002/8223 4001/8224
f 3978/8225 3979/8226 4003/8227 4002/8228
f 3979/8229 3980/8230 4004/8231 4003/8232
f 3980/8233 3981/8234 4005/8235 4004/8236
f 3981/8237 3982/8238 4006/8239 4005/8240
f 3982/8241 3983/8242 4007/8243 4006/8244
f 3983/8245 3984/8246 4008/8247 4007/8248
f 3984/8249 3961/8250 3985/8251 4008/8252
f 4009/8253 4010/8254 4034/8255 4033/8256
f 4010/8257 4011/8258 4035/8259 4034/8260
f 4011/8261 4012/8262 4036/8263 4035/8264
f 4012/8265 4013/8266 4037/8267 4036/8268
f 4013/8269 4014/8270 4038/8271 4037/8272
f 4014/8273 4015/8274 4039/8275 4038/8276
f 4015/8277 4016/8278 4040/8279 4039/8280
f 4016/8281 4017/8282 4041/8283 4040/8284
f 4017/8285 4018/8286 4042/8287 4041/8288
f 4018/8289 4019/8290 4043/8291 4042/8292
f 4019/8293 4020/8294 4044/8295 4043/8296
f 4020/8297 4021/8298 4045/8299 4044/8300
f 4021/8301 4022/8302 4046/8303 4045/8304
f 4022/8305 4023/8306 4047/8307 4046/8308
f 4023/8309 4024/8310 4048/8311 4047/8312
f 4024/8313 4025/8314 4049/8315 4048/8316
f 4025/8317 4026/8318 4050/8319 4049/8320
f 4026/8321 4027/8322 4051/8323 4050/8324
f 4027/8325 4028/8326 4052/8327 4051/8328
f 4028/8329 4029/8330 4053/8331 4052/8332
f 4029/8333 4030/8334 4054/8335 4053/8336
f 4030/8337 4031/8338 4055/8339 4054/8340
f 4031/8341 4032/8342 4056/8343 4055/8344
f 4032/8345 4009/8346 4033/8347 4056/8348
