# ASTRAX SpaceShipTwo (VSS Unity) cabin — pilot_seat
# build_parts.py が作る。単位はメートル。X=前の隔壁(0)→機尾, Y=上(キールの上面が0), Z=機首を向いて左（右舷は-Z）
o Pilot_Seat_Shell
v 0.1450 0.4000 0.1350
v 0.1453 0.4000 0.1402
v 0.1464 0.4000 0.1454
v 0.1480 0.4000 0.1503
v 0.1504 0.4000 0.1550
v 0.1533 0.4000 0.1594
v 0.1567 0.4000 0.1633
v 0.1606 0.4000 0.1667
v 0.1650 0.4000 0.1696
v 0.1697 0.4000 0.1720
v 0.1746 0.4000 0.1736
v 0.1798 0.4000 0.1747
v 0.2150 0.4000 0.1750
v 0.2202 0.4000 0.1747
v 0.2254 0.4000 0.1736
v 0.2303 0.4000 0.1720
v 0.2350 0.4000 0.1696
v 0.2394 0.4000 0.1667
v 0.2433 0.4000 0.1633
v 0.2467 0.4000 0.1594
v 0.2496 0.4000 0.1550
v 0.2520 0.4000 0.1503
v 0.2536 0.4000 0.1454
v 0.2547 0.4000 0.1402
v 0.2550 0.4000 -0.1350
v 0.2547 0.4000 -0.1402
v 0.2536 0.4000 -0.1454
v 0.2520 0.4000 -0.1503
v 0.2496 0.4000 -0.1550
v 0.2467 0.4000 -0.1594
v 0.2433 0.4000 -0.1633
v 0.2394 0.4000 -0.1667
v 0.2350 0.4000 -0.1696
v 0.2303 0.4000 -0.1720
v 0.2254 0.4000 -0.1736
v 0.2202 0.4000 -0.1747
v 0.1850 0.4000 -0.1750
v 0.1798 0.4000 -0.1747
v 0.1746 0.4000 -0.1736
v 0.1697 0.4000 -0.1720
v 0.1650 0.4000 -0.1696
v 0.1606 0.4000 -0.1667
v 0.1567 0.4000 -0.1633
v 0.1533 0.4000 -0.1594
v 0.1504 0.4000 -0.1550
v 0.1480 0.4000 -0.1503
v 0.1464 0.4000 -0.1454
v 0.1453 0.4000 -0.1402
v 0.1810 0.5600 0.1380
v 0.1814 0.5600 0.1439
v 0.1825 0.5600 0.1496
v 0.1844 0.5600 0.1552
v 0.1870 0.5600 0.1605
v 0.1903 0.5600 0.1654
v 0.1942 0.5600 0.1698
v 0.1986 0.5600 0.1737
v 0.2035 0.5600 0.1770
v 0.2088 0.5600 0.1796
v 0.2144 0.5600 0.1815
v 0.2201 0.5600 0.1826
v 0.2460 0.5600 0.1830
v 0.2519 0.5600 0.1826
v 0.2576 0.5600 0.1815
v 0.2632 0.5600 0.1796
v 0.2685 0.5600 0.1770
v 0.2734 0.5600 0.1737
v 0.2778 0.5600 0.1698
v 0.2817 0.5600 0.1654
v 0.2850 0.5600 0.1605
v 0.2876 0.5600 0.1552
v 0.2895 0.5600 0.1496
v 0.2906 0.5600 0.1439
v 0.2910 0.5600 -0.1380
v 0.2906 0.5600 -0.1439
v 0.2895 0.5600 -0.1496
v 0.2876 0.5600 -0.1552
v 0.2850 0.5600 -0.1605
v 0.2817 0.5600 -0.1654
v 0.2778 0.5600 -0.1698
v 0.2734 0.5600 -0.1737
v 0.2685 0.5600 -0.1770
v 0.2632 0.5600 -0.1796
v 0.2576 0.5600 -0.1815
v 0.2519 0.5600 -0.1826
v 0.2260 0.5600 -0.1830
v 0.2201 0.5600 -0.1826
v 0.2144 0.5600 -0.1815
v 0.2088 0.5600 -0.1796
v 0.2035 0.5600 -0.1770
v 0.1986 0.5600 -0.1737
v 0.1942 0.5600 -0.1698
v 0.1903 0.5600 -0.1654
v 0.1870 0.5600 -0.1605
v 0.1844 0.5600 -0.1552
v 0.1825 0.5600 -0.1496
v 0.1814 0.5600 -0.1439
v 0.1810 0.5600 0.1380
v 0.1814 0.5600 0.1439
v 0.1825 0.5600 0.1496
v 0.1844 0.5600 0.1552
v 0.1870 0.5600 0.1605
v 0.1903 0.5600 0.1654
v 0.1942 0.5600 0.1698
v 0.1986 0.5600 0.1737
v 0.2035 0.5600 0.1770
v 0.2088 0.5600 0.1796
v 0.2144 0.5600 0.1815
v 0.2201 0.5600 0.1826
v 0.2460 0.5600 0.1830
v 0.2519 0.5600 0.1826
v 0.2576 0.5600 0.1815
v 0.2632 0.5600 0.1796
v 0.2685 0.5600 0.1770
v 0.2734 0.5600 0.1737
v 0.2778 0.5600 0.1698
v 0.2817 0.5600 0.1654
v 0.2850 0.5600 0.1605
v 0.2876 0.5600 0.1552
v 0.2895 0.5600 0.1496
v 0.2906 0.5600 0.1439
v 0.2910 0.5600 -0.1380
v 0.2906 0.5600 -0.1439
v 0.2895 0.5600 -0.1496
v 0.2876 0.5600 -0.1552
v 0.2850 0.5600 -0.1605
v 0.2817 0.5600 -0.1654
v 0.2778 0.5600 -0.1698
v 0.2734 0.5600 -0.1737
v 0.2685 0.5600 -0.1770
v 0.2632 0.5600 -0.1796
v 0.2576 0.5600 -0.1815
v 0.2519 0.5600 -0.1826
v 0.2260 0.5600 -0.1830
v 0.2201 0.5600 -0.1826
v 0.2144 0.5600 -0.1815
v 0.2088 0.5600 -0.1796
v 0.2035 0.5600 -0.1770
v 0.1986 0.5600 -0.1737
v 0.1942 0.5600 -0.1698
v 0.1903 0.5600 -0.1654
v 0.1870 0.5600 -0.1605
v 0.1844 0.5600 -0.1552
v 0.1825 0.5600 -0.1496
v 0.1814 0.5600 -0.1439
v 0.2180 0.7200 0.1380
v 0.2184 0.7200 0.1445
v 0.2197 0.7200 0.1509
v 0.2218 0.7200 0.1571
v 0.2247 0.7200 0.1630
v 0.2283 0.7200 0.1684
v 0.2326 0.7200 0.1734
v 0.2376 0.7200 0.1777
v 0.2430 0.7200 0.1813
v 0.2489 0.7200 0.1842
v 0.2551 0.7200 0.1863
v 0.2615 0.7200 0.1876
v 0.2760 0.7200 0.1880
v 0.2825 0.7200 0.1876
v 0.2889 0.7200 0.1863
v 0.2951 0.7200 0.1842
v 0.3010 0.7200 0.1813
v 0.3064 0.7200 0.1777
v 0.3114 0.7200 0.1734
v 0.3157 0.7200 0.1684
v 0.3193 0.7200 0.1630
v 0.3222 0.7200 0.1571
v 0.3243 0.7200 0.1509
v 0.3256 0.7200 0.1445
v 0.3260 0.7200 -0.1380
v 0.3256 0.7200 -0.1445
v 0.3243 0.7200 -0.1509
v 0.3222 0.7200 -0.1571
v 0.3193 0.7200 -0.1630
v 0.3157 0.7200 -0.1684
v 0.3114 0.7200 -0.1734
v 0.3064 0.7200 -0.1777
v 0.3010 0.7200 -0.1813
v 0.2951 0.7200 -0.1842
v 0.2889 0.7200 -0.1863
v 0.2825 0.7200 -0.1876
v 0.2680 0.7200 -0.1880
v 0.2615 0.7200 -0.1876
v 0.2551 0.7200 -0.1863
v 0.2489 0.7200 -0.1842
v 0.2430 0.7200 -0.1813
v 0.2376 0.7200 -0.1777
v 0.2326 0.7200 -0.1734
v 0.2283 0.7200 -0.1684
v 0.2247 0.7200 -0.1630
v 0.2218 0.7200 -0.1571
v 0.2197 0.7200 -0.1509
v 0.2184 0.7200 -0.1445
v 0.2180 0.7200 0.1380
v 0.2184 0.7200 0.1445
v 0.2197 0.7200 0.1509
v 0.2218 0.7200 0.1571
v 0.2247 0.7200 0.1630
v 0.2283 0.7200 0.1684
v 0.2326 0.7200 0.1734
v 0.2376 0.7200 0.1777
v 0.2430 0.7200 0.1813
v 0.2489 0.7200 0.1842
v 0.2551 0.7200 0.1863
v 0.2615 0.7200 0.1876
v 0.2760 0.7200 0.1880
v 0.2825 0.7200 0.1876
v 0.2889 0.7200 0.1863
v 0.2951 0.7200 0.1842
v 0.3010 0.7200 0.1813
v 0.3064 0.7200 0.1777
v 0.3114 0.7200 0.1734
v 0.3157 0.7200 0.1684
v 0.3193 0.7200 0.1630
v 0.3222 0.7200 0.1571
v 0.3243 0.7200 0.1509
v 0.3256 0.7200 0.1445
v 0.3260 0.7200 -0.1380
v 0.3256 0.7200 -0.1445
v 0.3243 0.7200 -0.1509
v 0.3222 0.7200 -0.1571
v 0.3193 0.7200 -0.1630
v 0.3157 0.7200 -0.1684
v 0.3114 0.7200 -0.1734
v 0.3064 0.7200 -0.1777
v 0.3010 0.7200 -0.1813
v 0.2951 0.7200 -0.1842
v 0.2889 0.7200 -0.1863
v 0.2825 0.7200 -0.1876
v 0.2680 0.7200 -0.1880
v 0.2615 0.7200 -0.1876
v 0.2551 0.7200 -0.1863
v 0.2489 0.7200 -0.1842
v 0.2430 0.7200 -0.1813
v 0.2376 0.7200 -0.1777
v 0.2326 0.7200 -0.1734
v 0.2283 0.7200 -0.1684
v 0.2247 0.7200 -0.1630
v 0.2218 0.7200 -0.1571
v 0.2197 0.7200 -0.1509
v 0.2184 0.7200 -0.1445
v 0.2560 0.8800 0.1416
v 0.2564 0.8800 0.1480
v 0.2577 0.8800 0.1544
v 0.2598 0.8800 0.1605
v 0.2626 0.8800 0.1663
v 0.2662 0.8800 0.1717
v 0.2705 0.8800 0.1765
v 0.2753 0.8800 0.1808
v 0.2807 0.8800 0.1844
v 0.2865 0.8800 0.1872
v 0.2926 0.8800 0.1893
v 0.2990 0.8800 0.1906
v 0.3106 0.8800 0.1910
v 0.3170 0.8800 0.1906
v 0.3234 0.8800 0.1893
v 0.3295 0.8800 0.1872
v 0.3353 0.8800 0.1844
v 0.3407 0.8800 0.1808
v 0.3455 0.8800 0.1765
v 0.3498 0.8800 0.1717
v 0.3534 0.8800 0.1663
v 0.3562 0.8800 0.1605
v 0.3583 0.8800 0.1544
v 0.3596 0.8800 0.1480
v 0.3600 0.8800 -0.1416
v 0.3596 0.8800 -0.1480
v 0.3583 0.8800 -0.1544
v 0.3562 0.8800 -0.1605
v 0.3534 0.8800 -0.1663
v 0.3498 0.8800 -0.1717
v 0.3455 0.8800 -0.1765
v 0.3407 0.8800 -0.1808
v 0.3353 0.8800 -0.1844
v 0.3295 0.8800 -0.1872
v 0.3234 0.8800 -0.1893
v 0.3170 0.8800 -0.1906
v 0.3054 0.8800 -0.1910
v 0.2990 0.8800 -0.1906
v 0.2926 0.8800 -0.1893
v 0.2865 0.8800 -0.1872
v 0.2807 0.8800 -0.1844
v 0.2753 0.8800 -0.1808
v 0.2705 0.8800 -0.1765
v 0.2662 0.8800 -0.1717
v 0.2626 0.8800 -0.1663
v 0.2598 0.8800 -0.1605
v 0.2577 0.8800 -0.1544
v 0.2564 0.8800 -0.1480
v 0.2560 0.8800 0.1416
v 0.2564 0.8800 0.1480
v 0.2577 0.8800 0.1544
v 0.2598 0.8800 0.1605
v 0.2626 0.8800 0.1663
v 0.2662 0.8800 0.1717
v 0.2705 0.8800 0.1765
v 0.2753 0.8800 0.1808
v 0.2807 0.8800 0.1844
v 0.2865 0.8800 0.1872
v 0.2926 0.8800 0.1893
v 0.2990 0.8800 0.1906
v 0.3106 0.8800 0.1910
v 0.3170 0.8800 0.1906
v 0.3234 0.8800 0.1893
v 0.3295 0.8800 0.1872
v 0.3353 0.8800 0.1844
v 0.3407 0.8800 0.1808
v 0.3455 0.8800 0.1765
v 0.3498 0.8800 0.1717
v 0.3534 0.8800 0.1663
v 0.3562 0.8800 0.1605
v 0.3583 0.8800 0.1544
v 0.3596 0.8800 0.1480
v 0.3600 0.8800 -0.1416
v 0.3596 0.8800 -0.1480
v 0.3583 0.8800 -0.1544
v 0.3562 0.8800 -0.1605
v 0.3534 0.8800 -0.1663
v 0.3498 0.8800 -0.1717
v 0.3455 0.8800 -0.1765
v 0.3407 0.8800 -0.1808
v 0.3353 0.8800 -0.1844
v 0.3295 0.8800 -0.1872
v 0.3234 0.8800 -0.1893
v 0.3170 0.8800 -0.1906
v 0.3054 0.8800 -0.1910
v 0.2990 0.8800 -0.1906
v 0.2926 0.8800 -0.1893
v 0.2865 0.8800 -0.1872
v 0.2807 0.8800 -0.1844
v 0.2753 0.8800 -0.1808
v 0.2705 0.8800 -0.1765
v 0.2662 0.8800 -0.1717
v 0.2626 0.8800 -0.1663
v 0.2598 0.8800 -0.1605
v 0.2577 0.8800 -0.1544
v 0.2564 0.8800 -0.1480
v 0.2850 1.0000 0.1455
v 0.2854 1.0000 0.1517
v 0.2866 1.0000 0.1578
v 0.2886 1.0000 0.1637
v 0.2914 1.0000 0.1693
v 0.2948 1.0000 0.1744
v 0.2989 1.0000 0.1791
v 0.3036 1.0000 0.1832
v 0.3088 1.0000 0.1866
v 0.3143 1.0000 0.1894
v 0.3202 1.0000 0.1914
v 0.3263 1.0000 0.1926
v 0.3375 1.0000 0.1930
v 0.3437 1.0000 0.1926
v 0.3498 1.0000 0.1914
v 0.3557 1.0000 0.1894
v 0.3613 1.0000 0.1866
v 0.3664 1.0000 0.1832
v 0.3711 1.0000 0.1791
v 0.3752 1.0000 0.1744
v 0.3786 1.0000 0.1693
v 0.3814 1.0000 0.1637
v 0.3834 1.0000 0.1578
v 0.3846 1.0000 0.1517
v 0.3850 1.0000 -0.1455
v 0.3846 1.0000 -0.1517
v 0.3834 1.0000 -0.1578
v 0.3814 1.0000 -0.1637
v 0.3786 1.0000 -0.1693
v 0.3752 1.0000 -0.1744
v 0.3711 1.0000 -0.1791
v 0.3664 1.0000 -0.1832
v 0.3613 1.0000 -0.1866
v 0.3557 1.0000 -0.1894
v 0.3498 1.0000 -0.1914
v 0.3437 1.0000 -0.1926
v 0.3325 1.0000 -0.1930
v 0.3263 1.0000 -0.1926
v 0.3202 1.0000 -0.1914
v 0.3143 1.0000 -0.1894
v 0.3088 1.0000 -0.1866
v 0.3036 1.0000 -0.1832
v 0.2989 1.0000 -0.1791
v 0.2948 1.0000 -0.1744
v 0.2914 1.0000 -0.1693
v 0.2886 1.0000 -0.1637
v 0.2866 1.0000 -0.1578
v 0.2854 1.0000 -0.1517
v 0.2850 1.0000 0.1455
v 0.2854 1.0000 0.1517
v 0.2866 1.0000 0.1578
v 0.2886 1.0000 0.1637
v 0.2914 1.0000 0.1693
v 0.2948 1.0000 0.1744
v 0.2989 1.0000 0.1791
v 0.3036 1.0000 0.1832
v 0.3088 1.0000 0.1866
v 0.3143 1.0000 0.1894
v 0.3202 1.0000 0.1914
v 0.3263 1.0000 0.1926
v 0.3375 1.0000 0.1930
v 0.3437 1.0000 0.1926
v 0.3498 1.0000 0.1914
v 0.3557 1.0000 0.1894
v 0.3613 1.0000 0.1866
v 0.3664 1.0000 0.1832
v 0.3711 1.0000 0.1791
v 0.3752 1.0000 0.1744
v 0.3786 1.0000 0.1693
v 0.3814 1.0000 0.1637
v 0.3834 1.0000 0.1578
v 0.3846 1.0000 0.1517
v 0.3850 1.0000 -0.1455
v 0.3846 1.0000 -0.1517
v 0.3834 1.0000 -0.1578
v 0.3814 1.0000 -0.1637
v 0.3786 1.0000 -0.1693
v 0.3752 1.0000 -0.1744
v 0.3711 1.0000 -0.1791
v 0.3664 1.0000 -0.1832
v 0.3613 1.0000 -0.1866
v 0.3557 1.0000 -0.1894
v 0.3498 1.0000 -0.1914
v 0.3437 1.0000 -0.1926
v 0.3325 1.0000 -0.1930
v 0.3263 1.0000 -0.1926
v 0.3202 1.0000 -0.1914
v 0.3143 1.0000 -0.1894
v 0.3088 1.0000 -0.1866
v 0.3036 1.0000 -0.1832
v 0.2989 1.0000 -0.1791
v 0.2948 1.0000 -0.1744
v 0.2914 1.0000 -0.1693
v 0.2886 1.0000 -0.1637
v 0.2866 1.0000 -0.1578
v 0.2854 1.0000 -0.1517
v 0.3050 1.0800 0.1264
v 0.3054 1.0800 0.1324
v 0.3066 1.0800 0.1382
v 0.3085 1.0800 0.1439
v 0.3111 1.0800 0.1492
v 0.3144 1.0800 0.1542
v 0.3184 1.0800 0.1586
v 0.3228 1.0800 0.1626
v 0.3278 1.0800 0.1659
v 0.3331 1.0800 0.1685
v 0.3388 1.0800 0.1704
v 0.3446 1.0800 0.1716
v 0.3554 1.0800 0.1720
v 0.3614 1.0800 0.1716
v 0.3672 1.0800 0.1704
v 0.3729 1.0800 0.1685
v 0.3782 1.0800 0.1659
v 0.3832 1.0800 0.1626
v 0.3876 1.0800 0.1586
v 0.3916 1.0800 0.1542
v 0.3949 1.0800 0.1492
v 0.3975 1.0800 0.1439
v 0.3994 1.0800 0.1382
v 0.4006 1.0800 0.1324
v 0.4010 1.0800 -0.1264
v 0.4006 1.0800 -0.1324
v 0.3994 1.0800 -0.1382
v 0.3975 1.0800 -0.1439
v 0.3949 1.0800 -0.1492
v 0.3916 1.0800 -0.1542
v 0.3876 1.0800 -0.1586
v 0.3832 1.0800 -0.1626
v 0.3782 1.0800 -0.1659
v 0.3729 1.0800 -0.1685
v 0.3672 1.0800 -0.1704
v 0.3614 1.0800 -0.1716
v 0.3506 1.0800 -0.1720
v 0.3446 1.0800 -0.1716
v 0.3388 1.0800 -0.1704
v 0.3331 1.0800 -0.1685
v 0.3278 1.0800 -0.1659
v 0.3228 1.0800 -0.1626
v 0.3184 1.0800 -0.1586
v 0.3144 1.0800 -0.1542
v 0.3111 1.0800 -0.1492
v 0.3085 1.0800 -0.1439
v 0.3066 1.0800 -0.1382
v 0.3054 1.0800 -0.1324
v 0.3050 1.0800 0.1264
v 0.3054 1.0800 0.1324
v 0.3066 1.0800 0.1382
v 0.3085 1.0800 0.1439
v 0.3111 1.0800 0.1492
v 0.3144 1.0800 0.1542
v 0.3184 1.0800 0.1586
v 0.3228 1.0800 0.1626
v 0.3278 1.0800 0.1659
v 0.3331 1.0800 0.1685
v 0.3388 1.0800 0.1704
v 0.3446 1.0800 0.1716
v 0.3554 1.0800 0.1720
v 0.3614 1.0800 0.1716
v 0.3672 1.0800 0.1704
v 0.3729 1.0800 0.1685
v 0.3782 1.0800 0.1659
v 0.3832 1.0800 0.1626
v 0.3876 1.0800 0.1586
v 0.3916 1.0800 0.1542
v 0.3949 1.0800 0.1492
v 0.3975 1.0800 0.1439
v 0.3994 1.0800 0.1382
v 0.4006 1.0800 0.1324
v 0.4010 1.0800 -0.1264
v 0.4006 1.0800 -0.1324
v 0.3994 1.0800 -0.1382
v 0.3975 1.0800 -0.1439
v 0.3949 1.0800 -0.1492
v 0.3916 1.0800 -0.1542
v 0.3876 1.0800 -0.1586
v 0.3832 1.0800 -0.1626
v 0.3782 1.0800 -0.1659
v 0.3729 1.0800 -0.1685
v 0.3672 1.0800 -0.1704
v 0.3614 1.0800 -0.1716
v 0.3506 1.0800 -0.1720
v 0.3446 1.0800 -0.1716
v 0.3388 1.0800 -0.1704
v 0.3331 1.0800 -0.1685
v 0.3278 1.0800 -0.1659
v 0.3228 1.0800 -0.1626
v 0.3184 1.0800 -0.1586
v 0.3144 1.0800 -0.1542
v 0.3111 1.0800 -0.1492
v 0.3085 1.0800 -0.1439
v 0.3066 1.0800 -0.1382
v 0.3054 1.0800 -0.1324
v 0.3250 1.1300 0.1120
v 0.3253 1.1300 0.1170
v 0.3263 1.1300 0.1218
v 0.3279 1.1300 0.1265
v 0.3301 1.1300 0.1310
v 0.3329 1.1300 0.1351
v 0.3361 1.1300 0.1389
v 0.3399 1.1300 0.1421
v 0.3440 1.1300 0.1449
v 0.3485 1.1300 0.1471
v 0.3532 1.1300 0.1487
v 0.3580 1.1300 0.1497
v 0.3670 1.1300 0.1500
v 0.3720 1.1300 0.1497
v 0.3768 1.1300 0.1487
v 0.3815 1.1300 0.1471
v 0.3860 1.1300 0.1449
v 0.3901 1.1300 0.1421
v 0.3939 1.1300 0.1389
v 0.3971 1.1300 0.1351
v 0.3999 1.1300 0.1310
v 0.4021 1.1300 0.1265
v 0.4037 1.1300 0.1218
v 0.4047 1.1300 0.1170
v 0.4050 1.1300 -0.1120
v 0.4047 1.1300 -0.1170
v 0.4037 1.1300 -0.1218
v 0.4021 1.1300 -0.1265
v 0.3999 1.1300 -0.1310
v 0.3971 1.1300 -0.1351
v 0.3939 1.1300 -0.1389
v 0.3901 1.1300 -0.1421
v 0.3860 1.1300 -0.1449
v 0.3815 1.1300 -0.1471
v 0.3768 1.1300 -0.1487
v 0.3720 1.1300 -0.1497
v 0.3630 1.1300 -0.1500
v 0.3580 1.1300 -0.1497
v 0.3532 1.1300 -0.1487
v 0.3485 1.1300 -0.1471
v 0.3440 1.1300 -0.1449
v 0.3399 1.1300 -0.1421
v 0.3361 1.1300 -0.1389
v 0.3329 1.1300 -0.1351
v 0.3301 1.1300 -0.1310
v 0.3279 1.1300 -0.1265
v 0.3263 1.1300 -0.1218
v 0.3253 1.1300 -0.1170
v 0.3650 1.1300 0.0000
v 0.3250 1.1300 0.1120
v 0.3253 1.1300 0.1170
v 0.3263 1.1300 0.1218
v 0.3279 1.1300 0.1265
v 0.3301 1.1300 0.1310
v 0.3329 1.1300 0.1351
v 0.3361 1.1300 0.1389
v 0.3399 1.1300 0.1421
v 0.3440 1.1300 0.1449
v 0.3485 1.1300 0.1471
v 0.3532 1.1300 0.1487
v 0.3580 1.1300 0.1497
v 0.3670 1.1300 0.1500
v 0.3720 1.1300 0.1497
v 0.3768 1.1300 0.1487
v 0.3815 1.1300 0.1471
v 0.3860 1.1300 0.1449
v 0.3901 1.1300 0.1421
v 0.3939 1.1300 0.1389
v 0.3971 1.1300 0.1351
v 0.3999 1.1300 0.1310
v 0.4021 1.1300 0.1265
v 0.4037 1.1300 0.1218
v 0.4047 1.1300 0.1170
v 0.4050 1.1300 -0.1120
v 0.4047 1.1300 -0.1170
v 0.4037 1.1300 -0.1218
v 0.4021 1.1300 -0.1265
v 0.3999 1.1300 -0.1310
v 0.3971 1.1300 -0.1351
v 0.3939 1.1300 -0.1389
v 0.3901 1.1300 -0.1421
v 0.3860 1.1300 -0.1449
v 0.3815 1.1300 -0.1471
v 0.3768 1.1300 -0.1487
v 0.3720 1.1300 -0.1497
v 0.3630 1.1300 -0.1500
v 0.3580 1.1300 -0.1497
v 0.3532 1.1300 -0.1487
v 0.3485 1.1300 -0.1471
v 0.3440 1.1300 -0.1449
v 0.3399 1.1300 -0.1421
v 0.3361 1.1300 -0.1389
v 0.3329 1.1300 -0.1351
v 0.3301 1.1300 -0.1310
v 0.3279 1.1300 -0.1265
v 0.3263 1.1300 -0.1218
v 0.3253 1.1300 -0.1170
v 0.2000 0.4000 -0.0000
v 0.1450 0.4000 0.1350
v 0.1453 0.4000 0.1402
v 0.1464 0.4000 0.1454
v 0.1480 0.4000 0.1503
v 0.1504 0.4000 0.1550
v 0.1533 0.4000 0.1594
v 0.1567 0.4000 0.1633
v 0.1606 0.4000 0.1667
v 0.1650 0.4000 0.1696
v 0.1697 0.4000 0.1720
v 0.1746 0.4000 0.1736
v 0.1798 0.4000 0.1747
v 0.2150 0.4000 0.1750
v 0.2202 0.4000 0.1747
v 0.2254 0.4000 0.1736
v 0.2303 0.4000 0.1720
v 0.2350 0.4000 0.1696
v 0.2394 0.4000 0.1667
v 0.2433 0.4000 0.1633
v 0.2467 0.4000 0.1594
v 0.2496 0.4000 0.1550
v 0.2520 0.4000 0.1503
v 0.2536 0.4000 0.1454
v 0.2547 0.4000 0.1402
v 0.2550 0.4000 -0.1350
v 0.2547 0.4000 -0.1402
v 0.2536 0.4000 -0.1454
v 0.2520 0.4000 -0.1503
v 0.2496 0.4000 -0.1550
v 0.2467 0.4000 -0.1594
v 0.2433 0.4000 -0.1633
v 0.2394 0.4000 -0.1667
v 0.2350 0.4000 -0.1696
v 0.2303 0.4000 -0.1720
v 0.2254 0.4000 -0.1736
v 0.2202 0.4000 -0.1747
v 0.1850 0.4000 -0.1750
v 0.1798 0.4000 -0.1747
v 0.1746 0.4000 -0.1736
v 0.1697 0.4000 -0.1720
v 0.1650 0.4000 -0.1696
v 0.1606 0.4000 -0.1667
v 0.1567 0.4000 -0.1633
v 0.1533 0.4000 -0.1594
v 0.1504 0.4000 -0.1550
v 0.1480 0.4000 -0.1503
v 0.1464 0.4000 -0.1454
v 0.1453 0.4000 -0.1402
vt 0.1350 0.4000
vt 0.1402 0.4000
vt 0.1439 0.5600
vt 0.1380 0.5600
vt 0.1402 0.4000
vt 0.1454 0.4000
vt 0.1496 0.5600
vt 0.1439 0.5600
vt 0.1454 0.4000
vt 0.1503 0.4000
vt 0.1552 0.5600
vt 0.1496 0.5600
vt 0.1503 0.4000
vt 0.1550 0.4000
vt 0.1605 0.5600
vt 0.1552 0.5600
vt 0.1550 0.4000
vt 0.1594 0.4000
vt 0.1654 0.5600
vt 0.1605 0.5600
vt 0.1594 0.4000
vt 0.1633 0.4000
vt 0.1698 0.5600
vt 0.1654 0.5600
vt 0.1567 0.4000
vt 0.1606 0.4000
vt 0.1986 0.5600
vt 0.1942 0.5600
vt 0.1606 0.4000
vt 0.1650 0.4000
vt 0.2035 0.5600
vt 0.1986 0.5600
vt 0.1650 0.4000
vt 0.1697 0.4000
vt 0.2088 0.5600
vt 0.2035 0.5600
vt 0.1697 0.4000
vt 0.1746 0.4000
vt 0.2144 0.5600
vt 0.2088 0.5600
vt 0.1746 0.4000
vt 0.1798 0.4000
vt 0.2201 0.5600
vt 0.2144 0.5600
vt 0.1798 0.4000
vt 0.2150 0.4000
vt 0.2460 0.5600
vt 0.2201 0.5600
vt 0.2150 0.4000
vt 0.2202 0.4000
vt 0.2519 0.5600
vt 0.2460 0.5600
vt 0.2202 0.4000
vt 0.2254 0.4000
vt 0.2576 0.5600
vt 0.2519 0.5600
vt 0.2254 0.4000
vt 0.2303 0.4000
vt 0.2632 0.5600
vt 0.2576 0.5600
vt 0.2303 0.4000
vt 0.2350 0.4000
vt 0.2685 0.5600
vt 0.2632 0.5600
vt 0.2350 0.4000
vt 0.2394 0.4000
vt 0.2734 0.5600
vt 0.2685 0.5600
vt 0.2394 0.4000
vt 0.2433 0.4000
vt 0.2778 0.5600
vt 0.2734 0.5600
vt 0.1633 0.4000
vt 0.1594 0.4000
vt 0.1654 0.5600
vt 0.1698 0.5600
vt 0.1594 0.4000
vt 0.1550 0.4000
vt 0.1605 0.5600
vt 0.1654 0.5600
vt 0.1550 0.4000
vt 0.1503 0.4000
vt 0.1552 0.5600
vt 0.1605 0.5600
vt 0.1503 0.4000
vt 0.1454 0.4000
vt 0.1496 0.5600
vt 0.1552 0.5600
vt 0.1454 0.4000
vt 0.1402 0.4000
vt 0.1439 0.5600
vt 0.1496 0.5600
vt 0.1402 0.4000
vt -0.1350 0.4000
vt -0.1380 0.5600
vt 0.1439 0.5600
vt -0.1350 0.4000
vt -0.1402 0.4000
vt -0.1439 0.5600
vt -0.1380 0.5600
vt -0.1402 0.4000
vt -0.1454 0.4000
vt -0.1496 0.5600
vt -0.1439 0.5600
vt -0.1454 0.4000
vt -0.1503 0.4000
vt -0.1552 0.5600
vt -0.1496 0.5600
vt -0.1503 0.4000
vt -0.1550 0.4000
vt -0.1605 0.5600
vt -0.1552 0.5600
vt -0.1550 0.4000
vt -0.1594 0.4000
vt -0.1654 0.5600
vt -0.1605 0.5600
vt -0.1594 0.4000
vt -0.1633 0.4000
vt -0.1698 0.5600
vt -0.1654 0.5600
vt 0.2433 0.4000
vt 0.2394 0.4000
vt 0.2734 0.5600
vt 0.2778 0.5600
vt 0.2394 0.4000
vt 0.2350 0.4000
vt 0.2685 0.5600
vt 0.2734 0.5600
vt 0.2350 0.4000
vt 0.2303 0.4000
vt 0.2632 0.5600
vt 0.2685 0.5600
vt 0.2303 0.4000
vt 0.2254 0.4000
vt 0.2576 0.5600
vt 0.2632 0.5600
vt 0.2254 0.4000
vt 0.2202 0.4000
vt 0.2519 0.5600
vt 0.2576 0.5600
vt 0.2202 0.4000
vt 0.1850 0.4000
vt 0.2260 0.5600
vt 0.2519 0.5600
vt 0.1850 0.4000
vt 0.1798 0.4000
vt 0.2201 0.5600
vt 0.2260 0.5600
vt 0.1798 0.4000
vt 0.1746 0.4000
vt 0.2144 0.5600
vt 0.2201 0.5600
vt 0.1746 0.4000
vt 0.1697 0.4000
vt 0.2088 0.5600
vt 0.2144 0.5600
vt 0.1697 0.4000
vt 0.1650 0.4000
vt 0.2035 0.5600
vt 0.2088 0.5600
vt 0.1650 0.4000
vt 0.1606 0.4000
vt 0.1986 0.5600
vt 0.2035 0.5600
vt 0.1606 0.4000
vt 0.1567 0.4000
vt 0.1942 0.5600
vt 0.1986 0.5600
vt -0.1633 0.4000
vt -0.1594 0.4000
vt -0.1654 0.5600
vt -0.1698 0.5600
vt -0.1594 0.4000
vt -0.1550 0.4000
vt -0.1605 0.5600
vt -0.1654 0.5600
vt -0.1550 0.4000
vt -0.1503 0.4000
vt -0.1552 0.5600
vt -0.1605 0.5600
vt -0.1503 0.4000
vt -0.1454 0.4000
vt -0.1496 0.5600
vt -0.1552 0.5600
vt -0.1454 0.4000
vt -0.1402 0.4000
vt -0.1439 0.5600
vt -0.1496 0.5600
vt -0.1402 0.4000
vt 0.1350 0.4000
vt 0.1380 0.5600
vt -0.1439 0.5600
vt 0.1380 0.5600
vt 0.1439 0.5600
vt 0.1445 0.7200
vt 0.1380 0.7200
vt 0.1439 0.5600
vt 0.1496 0.5600
vt 0.1509 0.7200
vt 0.1445 0.7200
vt 0.1496 0.5600
vt 0.1552 0.5600
vt 0.1571 0.7200
vt 0.1509 0.7200
vt 0.1552 0.5600
vt 0.1605 0.5600
vt 0.1630 0.7200
vt 0.1571 0.7200
vt 0.1605 0.5600
vt 0.1654 0.5600
vt 0.1684 0.7200
vt 0.1630 0.7200
vt 0.1654 0.5600
vt 0.1698 0.5600
vt 0.1734 0.7200
vt 0.1684 0.7200
vt 0.1942 0.5600
vt 0.1986 0.5600
vt 0.2376 0.7200
vt 0.2326 0.7200
vt 0.1986 0.5600
vt 0.2035 0.5600
vt 0.2430 0.7200
vt 0.2376 0.7200
vt 0.2035 0.5600
vt 0.2088 0.5600
vt 0.2489 0.7200
vt 0.2430 0.7200
vt 0.2088 0.5600
vt 0.2144 0.5600
vt 0.2551 0.7200
vt 0.2489 0.7200
vt 0.2144 0.5600
vt 0.2201 0.5600
vt 0.2615 0.7200
vt 0.2551 0.7200
vt 0.2201 0.5600
vt 0.2460 0.5600
vt 0.2760 0.7200
vt 0.2615 0.7200
vt 0.2460 0.5600
vt 0.2519 0.5600
vt 0.2825 0.7200
vt 0.2760 0.7200
vt 0.2519 0.5600
vt 0.2576 0.5600
vt 0.2889 0.7200
vt 0.2825 0.7200
vt 0.2576 0.5600
vt 0.2632 0.5600
vt 0.2951 0.7200
vt 0.2889 0.7200
vt 0.2632 0.5600
vt 0.2685 0.5600
vt 0.3010 0.7200
vt 0.2951 0.7200
vt 0.2685 0.5600
vt 0.2734 0.5600
vt 0.3064 0.7200
vt 0.3010 0.7200
vt 0.2734 0.5600
vt 0.2778 0.5600
vt 0.3114 0.7200
vt 0.3064 0.7200
vt 0.1698 0.5600
vt 0.1654 0.5600
vt 0.1684 0.7200
vt 0.1734 0.7200
vt 0.1654 0.5600
vt 0.1605 0.5600
vt 0.1630 0.7200
vt 0.1684 0.7200
vt 0.1605 0.5600
vt 0.1552 0.5600
vt 0.1571 0.7200
vt 0.1630 0.7200
vt 0.1552 0.5600
vt 0.1496 0.5600
vt 0.1509 0.7200
vt 0.1571 0.7200
vt 0.1496 0.5600
vt 0.1439 0.5600
vt 0.1445 0.7200
vt 0.1509 0.7200
vt 0.1439 0.5600
vt -0.1380 0.5600
vt -0.1380 0.7200
vt 0.1445 0.7200
vt -0.1380 0.5600
vt -0.1439 0.5600
vt -0.1445 0.7200
vt -0.1380 0.7200
vt -0.1439 0.5600
vt -0.1496 0.5600
vt -0.1509 0.7200
vt -0.1445 0.7200
vt -0.1496 0.5600
vt -0.1552 0.5600
vt -0.1571 0.7200
vt -0.1509 0.7200
vt -0.1552 0.5600
vt -0.1605 0.5600
vt -0.1630 0.7200
vt -0.1571 0.7200
vt -0.1605 0.5600
vt -0.1654 0.5600
vt -0.1684 0.7200
vt -0.1630 0.7200
vt -0.1654 0.5600
vt -0.1698 0.5600
vt -0.1734 0.7200
vt -0.1684 0.7200
vt 0.2778 0.5600
vt 0.2734 0.5600
vt 0.3064 0.7200
vt 0.3114 0.7200
vt 0.2734 0.5600
vt 0.2685 0.5600
vt 0.3010 0.7200
vt 0.3064 0.7200
vt 0.2685 0.5600
vt 0.2632 0.5600
vt 0.2951 0.7200
vt 0.3010 0.7200
vt 0.2632 0.5600
vt 0.2576 0.5600
vt 0.2889 0.7200
vt 0.2951 0.7200
vt 0.2576 0.5600
vt 0.2519 0.5600
vt 0.2825 0.7200
vt 0.2889 0.7200
vt 0.2519 0.5600
vt 0.2260 0.5600
vt 0.2680 0.7200
vt 0.2825 0.7200
vt 0.2260 0.5600
vt 0.2201 0.5600
vt 0.2615 0.7200
vt 0.2680 0.7200
vt 0.2201 0.5600
vt 0.2144 0.5600
vt 0.2551 0.7200
vt 0.2615 0.7200
vt 0.2144 0.5600
vt 0.2088 0.5600
vt 0.2489 0.7200
vt 0.2551 0.7200
vt 0.2088 0.5600
vt 0.2035 0.5600
vt 0.2430 0.7200
vt 0.2489 0.7200
vt 0.2035 0.5600
vt 0.1986 0.5600
vt 0.2376 0.7200
vt 0.2430 0.7200
vt 0.1986 0.5600
vt 0.1942 0.5600
vt 0.2326 0.7200
vt 0.2376 0.7200
vt -0.1698 0.5600
vt -0.1654 0.5600
vt -0.1684 0.7200
vt -0.1734 0.7200
vt -0.1654 0.5600
vt -0.1605 0.5600
vt -0.1630 0.7200
vt -0.1684 0.7200
vt -0.1605 0.5600
vt -0.1552 0.5600
vt -0.1571 0.7200
vt -0.1630 0.7200
vt -0.1552 0.5600
vt -0.1496 0.5600
vt -0.1509 0.7200
vt -0.1571 0.7200
vt -0.1496 0.5600
vt -0.1439 0.5600
vt -0.1445 0.7200
vt -0.1509 0.7200
vt -0.1439 0.5600
vt 0.1380 0.5600
vt 0.1380 0.7200
vt -0.1445 0.7200
vt 0.1380 0.7200
vt 0.1445 0.7200
vt 0.1480 0.8800
vt 0.1416 0.8800
vt 0.1445 0.7200
vt 0.1509 0.7200
vt 0.1544 0.8800
vt 0.1480 0.8800
vt 0.1509 0.7200
vt 0.1571 0.7200
vt 0.1605 0.8800
vt 0.1544 0.8800
vt 0.1571 0.7200
vt 0.1630 0.7200
vt 0.1663 0.8800
vt 0.1605 0.8800
vt 0.1630 0.7200
vt 0.1684 0.7200
vt 0.1717 0.8800
vt 0.1663 0.8800
vt 0.1684 0.7200
vt 0.1734 0.7200
vt 0.1765 0.8800
vt 0.1717 0.8800
vt 0.2326 0.7200
vt 0.2376 0.7200
vt 0.2753 0.8800
vt 0.2705 0.8800
vt 0.2376 0.7200
vt 0.2430 0.7200
vt 0.2807 0.8800
vt 0.2753 0.8800
vt 0.2430 0.7200
vt 0.2489 0.7200
vt 0.2865 0.8800
vt 0.2807 0.8800
vt 0.2489 0.7200
vt 0.2551 0.7200
vt 0.2926 0.8800
vt 0.2865 0.8800
vt 0.2551 0.7200
vt 0.2615 0.7200
vt 0.2990 0.8800
vt 0.2926 0.8800
vt 0.2615 0.7200
vt 0.2760 0.7200
vt 0.3106 0.8800
vt 0.2990 0.8800
vt 0.2760 0.7200
vt 0.2825 0.7200
vt 0.3170 0.8800
vt 0.3106 0.8800
vt 0.2825 0.7200
vt 0.2889 0.7200
vt 0.3234 0.8800
vt 0.3170 0.8800
vt 0.2889 0.7200
vt 0.2951 0.7200
vt 0.3295 0.8800
vt 0.3234 0.8800
vt 0.2951 0.7200
vt 0.3010 0.7200
vt 0.3353 0.8800
vt 0.3295 0.8800
vt 0.3010 0.7200
vt 0.3064 0.7200
vt 0.3407 0.8800
vt 0.3353 0.8800
vt 0.3064 0.7200
vt 0.3114 0.7200
vt 0.3455 0.8800
vt 0.3407 0.8800
vt 0.1734 0.7200
vt 0.1684 0.7200
vt 0.1717 0.8800
vt 0.1765 0.8800
vt 0.1684 0.7200
vt 0.1630 0.7200
vt 0.1663 0.8800
vt 0.1717 0.8800
vt 0.1630 0.7200
vt 0.1571 0.7200
vt 0.1605 0.8800
vt 0.1663 0.8800
vt 0.1571 0.7200
vt 0.1509 0.7200
vt 0.1544 0.8800
vt 0.1605 0.8800
vt 0.1509 0.7200
vt 0.1445 0.7200
vt 0.1480 0.8800
vt 0.1544 0.8800
vt 0.1445 0.7200
vt -0.1380 0.7200
vt -0.1416 0.8800
vt 0.1480 0.8800
vt -0.1380 0.7200
vt -0.1445 0.7200
vt -0.1480 0.8800
vt -0.1416 0.8800
vt -0.1445 0.7200
vt -0.1509 0.7200
vt -0.1544 0.8800
vt -0.1480 0.8800
vt -0.1509 0.7200
vt -0.1571 0.7200
vt -0.1605 0.8800
vt -0.1544 0.8800
vt -0.1571 0.7200
vt -0.1630 0.7200
vt -0.1663 0.8800
vt -0.1605 0.8800
vt -0.1630 0.7200
vt -0.1684 0.7200
vt -0.1717 0.8800
vt -0.1663 0.8800
vt -0.1684 0.7200
vt -0.1734 0.7200
vt -0.1765 0.8800
vt -0.1717 0.8800
vt 0.3114 0.7200
vt 0.3064 0.7200
vt 0.3407 0.8800
vt 0.3455 0.8800
vt 0.3064 0.7200
vt 0.3010 0.7200
vt 0.3353 0.8800
vt 0.3407 0.8800
vt 0.3010 0.7200
vt 0.2951 0.7200
vt 0.3295 0.8800
vt 0.3353 0.8800
vt 0.2951 0.7200
vt 0.2889 0.7200
vt 0.3234 0.8800
vt 0.3295 0.8800
vt 0.2889 0.7200
vt 0.2825 0.7200
vt 0.3170 0.8800
vt 0.3234 0.8800
vt 0.2825 0.7200
vt 0.2680 0.7200
vt 0.3054 0.8800
vt 0.3170 0.8800
vt 0.2680 0.7200
vt 0.2615 0.7200
vt 0.2990 0.8800
vt 0.3054 0.8800
vt 0.2615 0.7200
vt 0.2551 0.7200
vt 0.2926 0.8800
vt 0.2990 0.8800
vt 0.2551 0.7200
vt 0.2489 0.7200
vt 0.2865 0.8800
vt 0.2926 0.8800
vt 0.2489 0.7200
vt 0.2430 0.7200
vt 0.2807 0.8800
vt 0.2865 0.8800
vt 0.2430 0.7200
vt 0.2376 0.7200
vt 0.2753 0.8800
vt 0.2807 0.8800
vt 0.2376 0.7200
vt 0.2326 0.7200
vt 0.2705 0.8800
vt 0.2753 0.8800
vt -0.1734 0.7200
vt -0.1684 0.7200
vt -0.1717 0.8800
vt -0.1765 0.8800
vt -0.1684 0.7200
vt -0.1630 0.7200
vt -0.1663 0.8800
vt -0.1717 0.8800
vt -0.1630 0.7200
vt -0.1571 0.7200
vt -0.1605 0.8800
vt -0.1663 0.8800
vt -0.1571 0.7200
vt -0.1509 0.7200
vt -0.1544 0.8800
vt -0.1605 0.8800
vt -0.1509 0.7200
vt -0.1445 0.7200
vt -0.1480 0.8800
vt -0.1544 0.8800
vt -0.1445 0.7200
vt 0.1380 0.7200
vt 0.1416 0.8800
vt -0.1480 0.8800
vt 0.1416 0.8800
vt 0.1480 0.8800
vt 0.1517 1.0000
vt 0.1455 1.0000
vt 0.1480 0.8800
vt 0.1544 0.8800
vt 0.1578 1.0000
vt 0.1517 1.0000
vt 0.1544 0.8800
vt 0.1605 0.8800
vt 0.1637 1.0000
vt 0.1578 1.0000
vt 0.1605 0.8800
vt 0.1663 0.8800
vt 0.1693 1.0000
vt 0.1637 1.0000
vt 0.1663 0.8800
vt 0.1717 0.8800
vt 0.1744 1.0000
vt 0.1693 1.0000
vt 0.1717 0.8800
vt 0.1765 0.8800
vt 0.1791 1.0000
vt 0.1744 1.0000
vt 0.2705 0.8800
vt 0.2753 0.8800
vt 0.3036 1.0000
vt 0.2989 1.0000
vt 0.2753 0.8800
vt 0.2807 0.8800
vt 0.3088 1.0000
vt 0.3036 1.0000
vt 0.2807 0.8800
vt 0.2865 0.8800
vt 0.3143 1.0000
vt 0.3088 1.0000
vt 0.2865 0.8800
vt 0.2926 0.8800
vt 0.3202 1.0000
vt 0.3143 1.0000
vt 0.2926 0.8800
vt 0.2990 0.8800
vt 0.3263 1.0000
vt 0.3202 1.0000
vt 0.2990 0.8800
vt 0.3106 0.8800
vt 0.3375 1.0000
vt 0.3263 1.0000
vt 0.3106 0.8800
vt 0.3170 0.8800
vt 0.3437 1.0000
vt 0.3375 1.0000
vt 0.3170 0.8800
vt 0.3234 0.8800
vt 0.3498 1.0000
vt 0.3437 1.0000
vt 0.3234 0.8800
vt 0.3295 0.8800
vt 0.3557 1.0000
vt 0.3498 1.0000
vt 0.3295 0.8800
vt 0.3353 0.8800
vt 0.3613 1.0000
vt 0.3557 1.0000
vt 0.3353 0.8800
vt 0.3407 0.8800
vt 0.3664 1.0000
vt 0.3613 1.0000
vt 0.3407 0.8800
vt 0.3455 0.8800
vt 0.3711 1.0000
vt 0.3664 1.0000
vt 0.1765 0.8800
vt 0.1717 0.8800
vt 0.1744 1.0000
vt 0.1791 1.0000
vt 0.1717 0.8800
vt 0.1663 0.8800
vt 0.1693 1.0000
vt 0.1744 1.0000
vt 0.1663 0.8800
vt 0.1605 0.8800
vt 0.1637 1.0000
vt 0.1693 1.0000
vt 0.1605 0.8800
vt 0.1544 0.8800
vt 0.1578 1.0000
vt 0.1637 1.0000
vt 0.1544 0.8800
vt 0.1480 0.8800
vt 0.1517 1.0000
vt 0.1578 1.0000
vt 0.1480 0.8800
vt -0.1416 0.8800
vt -0.1455 1.0000
vt 0.1517 1.0000
vt -0.1416 0.8800
vt -0.1480 0.8800
vt -0.1517 1.0000
vt -0.1455 1.0000
vt -0.1480 0.8800
vt -0.1544 0.8800
vt -0.1578 1.0000
vt -0.1517 1.0000
vt -0.1544 0.8800
vt -0.1605 0.8800
vt -0.1637 1.0000
vt -0.1578 1.0000
vt -0.1605 0.8800
vt -0.1663 0.8800
vt -0.1693 1.0000
vt -0.1637 1.0000
vt -0.1663 0.8800
vt -0.1717 0.8800
vt -0.1744 1.0000
vt -0.1693 1.0000
vt -0.1717 0.8800
vt -0.1765 0.8800
vt -0.1791 1.0000
vt -0.1744 1.0000
vt 0.3455 0.8800
vt 0.3407 0.8800
vt 0.3664 1.0000
vt 0.3711 1.0000
vt 0.3407 0.8800
vt 0.3353 0.8800
vt 0.3613 1.0000
vt 0.3664 1.0000
vt 0.3353 0.8800
vt 0.3295 0.8800
vt 0.3557 1.0000
vt 0.3613 1.0000
vt 0.3295 0.8800
vt 0.3234 0.8800
vt 0.3498 1.0000
vt 0.3557 1.0000
vt 0.3234 0.8800
vt 0.3170 0.8800
vt 0.3437 1.0000
vt 0.3498 1.0000
vt 0.3170 0.8800
vt 0.3054 0.8800
vt 0.3325 1.0000
vt 0.3437 1.0000
vt 0.3054 0.8800
vt 0.2990 0.8800
vt 0.3263 1.0000
vt 0.3325 1.0000
vt 0.2990 0.8800
vt 0.2926 0.8800
vt 0.3202 1.0000
vt 0.3263 1.0000
vt 0.2926 0.8800
vt 0.2865 0.8800
vt 0.3143 1.0000
vt 0.3202 1.0000
vt 0.2865 0.8800
vt 0.2807 0.8800
vt 0.3088 1.0000
vt 0.3143 1.0000
vt 0.2807 0.8800
vt 0.2753 0.8800
vt 0.3036 1.0000
vt 0.3088 1.0000
vt 0.2753 0.8800
vt 0.2705 0.8800
vt 0.2989 1.0000
vt 0.3036 1.0000
vt -0.1765 0.8800
vt -0.1717 0.8800
vt -0.1744 1.0000
vt -0.1791 1.0000
vt -0.1717 0.8800
vt -0.1663 0.8800
vt -0.1693 1.0000
vt -0.1744 1.0000
vt -0.1663 0.8800
vt -0.1605 0.8800
vt -0.1637 1.0000
vt -0.1693 1.0000
vt -0.1605 0.8800
vt -0.1544 0.8800
vt -0.1578 1.0000
vt -0.1637 1.0000
vt -0.1544 0.8800
vt -0.1480 0.8800
vt -0.1517 1.0000
vt -0.1578 1.0000
vt -0.1480 0.8800
vt 0.1416 0.8800
vt 0.1455 1.0000
vt -0.1517 1.0000
vt 0.1455 1.0000
vt 0.1517 1.0000
vt 0.1324 1.0800
vt 0.1264 1.0800
vt 0.1517 1.0000
vt 0.1578 1.0000
vt 0.1382 1.0800
vt 0.1324 1.0800
vt 0.1578 1.0000
vt 0.1637 1.0000
vt 0.1439 1.0800
vt 0.1382 1.0800
vt 0.1637 1.0000
vt 0.1693 1.0000
vt 0.1492 1.0800
vt 0.1439 1.0800
vt 0.1693 1.0000
vt 0.1744 1.0000
vt 0.1542 1.0800
vt 0.1492 1.0800
vt 0.1744 1.0000
vt 0.1791 1.0000
vt 0.1586 1.0800
vt 0.1542 1.0800
vt 0.2989 1.0000
vt 0.3036 1.0000
vt 0.3228 1.0800
vt 0.3184 1.0800
vt 0.3036 1.0000
vt 0.3088 1.0000
vt 0.3278 1.0800
vt 0.3228 1.0800
vt 0.3088 1.0000
vt 0.3143 1.0000
vt 0.3331 1.0800
vt 0.3278 1.0800
vt 0.3143 1.0000
vt 0.3202 1.0000
vt 0.3388 1.0800
vt 0.3331 1.0800
vt 0.3202 1.0000
vt 0.3263 1.0000
vt 0.3446 1.0800
vt 0.3388 1.0800
vt 0.3263 1.0000
vt 0.3375 1.0000
vt 0.3554 1.0800
vt 0.3446 1.0800
vt 0.3375 1.0000
vt 0.3437 1.0000
vt 0.3614 1.0800
vt 0.3554 1.0800
vt 0.3437 1.0000
vt 0.3498 1.0000
vt 0.3672 1.0800
vt 0.3614 1.0800
vt 0.3498 1.0000
vt 0.3557 1.0000
vt 0.3729 1.0800
vt 0.3672 1.0800
vt 0.3557 1.0000
vt 0.3613 1.0000
vt 0.3782 1.0800
vt 0.3729 1.0800
vt 0.3613 1.0000
vt 0.3664 1.0000
vt 0.3832 1.0800
vt 0.3782 1.0800
vt 0.3664 1.0000
vt 0.3711 1.0000
vt 0.3876 1.0800
vt 0.3832 1.0800
vt 0.1791 1.0000
vt 0.1744 1.0000
vt 0.1542 1.0800
vt 0.1586 1.0800
vt 0.1744 1.0000
vt 0.1693 1.0000
vt 0.1492 1.0800
vt 0.1542 1.0800
vt 0.1693 1.0000
vt 0.1637 1.0000
vt 0.1439 1.0800
vt 0.1492 1.0800
vt 0.1637 1.0000
vt 0.1578 1.0000
vt 0.1382 1.0800
vt 0.1439 1.0800
vt 0.1578 1.0000
vt 0.1517 1.0000
vt 0.1324 1.0800
vt 0.1382 1.0800
vt 0.1517 1.0000
vt -0.1455 1.0000
vt -0.1264 1.0800
vt 0.1324 1.0800
vt -0.1455 1.0000
vt -0.1517 1.0000
vt -0.1324 1.0800
vt -0.1264 1.0800
vt -0.1517 1.0000
vt -0.1578 1.0000
vt -0.1382 1.0800
vt -0.1324 1.0800
vt -0.1578 1.0000
vt -0.1637 1.0000
vt -0.1439 1.0800
vt -0.1382 1.0800
vt -0.1637 1.0000
vt -0.1693 1.0000
vt -0.1492 1.0800
vt -0.1439 1.0800
vt -0.1693 1.0000
vt -0.1744 1.0000
vt -0.1542 1.0800
vt -0.1492 1.0800
vt -0.1744 1.0000
vt -0.1791 1.0000
vt -0.1586 1.0800
vt -0.1542 1.0800
vt 0.3711 1.0000
vt 0.3664 1.0000
vt 0.3832 1.0800
vt 0.3876 1.0800
vt 0.3664 1.0000
vt 0.3613 1.0000
vt 0.3782 1.0800
vt 0.3832 1.0800
vt 0.3613 1.0000
vt 0.3557 1.0000
vt 0.3729 1.0800
vt 0.3782 1.0800
vt 0.3557 1.0000
vt 0.3498 1.0000
vt 0.3672 1.0800
vt 0.3729 1.0800
vt 0.3498 1.0000
vt 0.3437 1.0000
vt 0.3614 1.0800
vt 0.3672 1.0800
vt 0.3437 1.0000
vt 0.3325 1.0000
vt 0.3506 1.0800
vt 0.3614 1.0800
vt 0.3325 1.0000
vt 0.3263 1.0000
vt 0.3446 1.0800
vt 0.3506 1.0800
vt 0.3263 1.0000
vt 0.3202 1.0000
vt 0.3388 1.0800
vt 0.3446 1.0800
vt 0.3202 1.0000
vt 0.3143 1.0000
vt 0.3331 1.0800
vt 0.3388 1.0800
vt 0.3143 1.0000
vt 0.3088 1.0000
vt 0.3278 1.0800
vt 0.3331 1.0800
vt 0.3088 1.0000
vt 0.3036 1.0000
vt 0.3228 1.0800
vt 0.3278 1.0800
vt 0.3036 1.0000
vt 0.2989 1.0000
vt 0.3184 1.0800
vt 0.3228 1.0800
vt -0.1791 1.0000
vt -0.1744 1.0000
vt -0.1542 1.0800
vt -0.1586 1.0800
vt -0.1744 1.0000
vt -0.1693 1.0000
vt -0.1492 1.0800
vt -0.1542 1.0800
vt -0.1693 1.0000
vt -0.1637 1.0000
vt -0.1439 1.0800
vt -0.1492 1.0800
vt -0.1637 1.0000
vt -0.1578 1.0000
vt -0.1382 1.0800
vt -0.1439 1.0800
vt -0.1578 1.0000
vt -0.1517 1.0000
vt -0.1324 1.0800
vt -0.1382 1.0800
vt -0.1517 1.0000
vt 0.1455 1.0000
vt 0.1264 1.0800
vt -0.1324 1.0800
vt 0.1264 1.0800
vt 0.1324 1.0800
vt 0.1170 1.1300
vt 0.1120 1.1300
vt 0.1324 1.0800
vt 0.1382 1.0800
vt 0.1218 1.1300
vt 0.1170 1.1300
vt 0.1382 1.0800
vt 0.1439 1.0800
vt 0.1265 1.1300
vt 0.1218 1.1300
vt 0.1439 1.0800
vt 0.1492 1.0800
vt 0.1310 1.1300
vt 0.1265 1.1300
vt 0.1492 1.0800
vt 0.1542 1.0800
vt 0.1351 1.1300
vt 0.1310 1.1300
vt 0.1542 1.0800
vt 0.1586 1.0800
vt 0.1389 1.1300
vt 0.1351 1.1300
vt 0.3184 1.0800
vt 0.3228 1.0800
vt 0.3399 1.1300
vt 0.3361 1.1300
vt 0.3228 1.0800
vt 0.3278 1.0800
vt 0.3440 1.1300
vt 0.3399 1.1300
vt 0.3278 1.0800
vt 0.3331 1.0800
vt 0.3485 1.1300
vt 0.3440 1.1300
vt 0.3331 1.0800
vt 0.3388 1.0800
vt 0.3532 1.1300
vt 0.3485 1.1300
vt 0.3388 1.0800
vt 0.3446 1.0800
vt 0.3580 1.1300
vt 0.3532 1.1300
vt 0.3446 1.0800
vt 0.3554 1.0800
vt 0.3670 1.1300
vt 0.3580 1.1300
vt 0.3554 1.0800
vt 0.3614 1.0800
vt 0.3720 1.1300
vt 0.3670 1.1300
vt 0.3614 1.0800
vt 0.3672 1.0800
vt 0.3768 1.1300
vt 0.3720 1.1300
vt 0.3672 1.0800
vt 0.3729 1.0800
vt 0.3815 1.1300
vt 0.3768 1.1300
vt 0.3729 1.0800
vt 0.3782 1.0800
vt 0.3860 1.1300
vt 0.3815 1.1300
vt 0.3782 1.0800
vt 0.3832 1.0800
vt 0.3901 1.1300
vt 0.3860 1.1300
vt 0.3832 1.0800
vt 0.3876 1.0800
vt 0.3939 1.1300
vt 0.3901 1.1300
vt 0.1586 1.0800
vt 0.1542 1.0800
vt 0.1351 1.1300
vt 0.1389 1.1300
vt 0.1542 1.0800
vt 0.1492 1.0800
vt 0.1310 1.1300
vt 0.1351 1.1300
vt 0.1492 1.0800
vt 0.1439 1.0800
vt 0.1265 1.1300
vt 0.1310 1.1300
vt 0.1439 1.0800
vt 0.1382 1.0800
vt 0.1218 1.1300
vt 0.1265 1.1300
vt 0.1382 1.0800
vt 0.1324 1.0800
vt 0.1170 1.1300
vt 0.1218 1.1300
vt 0.1324 1.0800
vt -0.1264 1.0800
vt -0.1120 1.1300
vt 0.1170 1.1300
vt -0.1264 1.0800
vt -0.1324 1.0800
vt -0.1170 1.1300
vt -0.1120 1.1300
vt -0.1324 1.0800
vt -0.1382 1.0800
vt -0.1218 1.1300
vt -0.1170 1.1300
vt -0.1382 1.0800
vt -0.1439 1.0800
vt -0.1265 1.1300
vt -0.1218 1.1300
vt -0.1439 1.0800
vt -0.1492 1.0800
vt -0.1310 1.1300
vt -0.1265 1.1300
vt -0.1492 1.0800
vt -0.1542 1.0800
vt -0.1351 1.1300
vt -0.1310 1.1300
vt -0.1542 1.0800
vt -0.1586 1.0800
vt -0.1389 1.1300
vt -0.1351 1.1300
vt 0.3876 1.0800
vt 0.3832 1.0800
vt 0.3901 1.1300
vt 0.3939 1.1300
vt 0.3832 1.0800
vt 0.3782 1.0800
vt 0.3860 1.1300
vt 0.3901 1.1300
vt 0.3782 1.0800
vt 0.3729 1.0800
vt 0.3815 1.1300
vt 0.3860 1.1300
vt 0.3729 1.0800
vt 0.3672 1.0800
vt 0.3768 1.1300
vt 0.3815 1.1300
vt 0.3672 1.0800
vt 0.3614 1.0800
vt 0.3720 1.1300
vt 0.3768 1.1300
vt 0.3614 1.0800
vt 0.3506 1.0800
vt 0.3630 1.1300
vt 0.3720 1.1300
vt 0.3506 1.0800
vt 0.3446 1.0800
vt 0.3580 1.1300
vt 0.3630 1.1300
vt 0.3446 1.0800
vt 0.3388 1.0800
vt 0.3532 1.1300
vt 0.3580 1.1300
vt 0.3388 1.0800
vt 0.3331 1.0800
vt 0.3485 1.1300
vt 0.3532 1.1300
vt 0.3331 1.0800
vt 0.3278 1.0800
vt 0.3440 1.1300
vt 0.3485 1.1300
vt 0.3278 1.0800
vt 0.3228 1.0800
vt 0.3399 1.1300
vt 0.3440 1.1300
vt 0.3228 1.0800
vt 0.3184 1.0800
vt 0.3361 1.1300
vt 0.3399 1.1300
vt -0.1586 1.0800
vt -0.1542 1.0800
vt -0.1351 1.1300
vt -0.1389 1.1300
vt -0.1542 1.0800
vt -0.1492 1.0800
vt -0.1310 1.1300
vt -0.1351 1.1300
vt -0.1492 1.0800
vt -0.1439 1.0800
vt -0.1265 1.1300
vt -0.1310 1.1300
vt -0.1439 1.0800
vt -0.1382 1.0800
vt -0.1218 1.1300
vt -0.1265 1.1300
vt -0.1382 1.0800
vt -0.1324 1.0800
vt -0.1170 1.1300
vt -0.1218 1.1300
vt -0.1324 1.0800
vt 0.1264 1.0800
vt 0.1120 1.1300
vt -0.1170 1.1300
vt 0.3250 0.1120
vt 0.3253 0.1170
vt 0.3650 0.0000
vt 0.3253 0.1170
vt 0.3263 0.1218
vt 0.3650 0.0000
vt 0.3263 0.1218
vt 0.3279 0.1265
vt 0.3650 0.0000
vt 0.3279 0.1265
vt 0.3301 0.1310
vt 0.3650 0.0000
vt 0.3301 0.1310
vt 0.3329 0.1351
vt 0.3650 0.0000
vt 0.3329 0.1351
vt 0.3361 0.1389
vt 0.3650 0.0000
vt 0.3361 0.1389
vt 0.3399 0.1421
vt 0.3650 0.0000
vt 0.3399 0.1421
vt 0.3440 0.1449
vt 0.3650 0.0000
vt 0.3440 0.1449
vt 0.3485 0.1471
vt 0.3650 0.0000
vt 0.3485 0.1471
vt 0.3532 0.1487
vt 0.3650 0.0000
vt 0.3532 0.1487
vt 0.3580 0.1497
vt 0.3650 0.0000
vt 0.3580 0.1497
vt 0.3670 0.1500
vt 0.3650 0.0000
vt 0.3670 0.1500
vt 0.3720 0.1497
vt 0.3650 0.0000
vt 0.3720 0.1497
vt 0.3768 0.1487
vt 0.3650 0.0000
vt 0.3768 0.1487
vt 0.3815 0.1471
vt 0.3650 0.0000
vt 0.3815 0.1471
vt 0.3860 0.1449
vt 0.3650 0.0000
vt 0.3860 0.1449
vt 0.3901 0.1421
vt 0.3650 0.0000
vt 0.3901 0.1421
vt 0.3939 0.1389
vt 0.3650 0.0000
vt 0.3939 0.1389
vt 0.3971 0.1351
vt 0.3650 0.0000
vt 0.3971 0.1351
vt 0.3999 0.1310
vt 0.3650 0.0000
vt 0.3999 0.1310
vt 0.4021 0.1265
vt 0.3650 0.0000
vt 0.4021 0.1265
vt 0.4037 0.1218
vt 0.3650 0.0000
vt 0.4037 0.1218
vt 0.4047 0.1170
vt 0.3650 0.0000
vt 0.4047 0.1170
vt 0.4050 -0.1120
vt 0.3650 0.0000
vt 0.4050 -0.1120
vt 0.4047 -0.1170
vt 0.3650 0.0000
vt 0.4047 -0.1170
vt 0.4037 -0.1218
vt 0.3650 0.0000
vt 0.4037 -0.1218
vt 0.4021 -0.1265
vt 0.3650 0.0000
vt 0.4021 -0.1265
vt 0.3999 -0.1310
vt 0.3650 0.0000
vt 0.3999 -0.1310
vt 0.3971 -0.1351
vt 0.3650 0.0000
vt 0.3971 -0.1351
vt 0.3939 -0.1389
vt 0.3650 0.0000
vt 0.3939 -0.1389
vt 0.3901 -0.1421
vt 0.3650 0.0000
vt 0.3901 -0.1421
vt 0.3860 -0.1449
vt 0.3650 0.0000
vt 0.3860 -0.1449
vt 0.3815 -0.1471
vt 0.3650 0.0000
vt 0.3815 -0.1471
vt 0.3768 -0.1487
vt 0.3650 0.0000
vt 0.3768 -0.1487
vt 0.3720 -0.1497
vt 0.3650 0.0000
vt 0.3720 -0.1497
vt 0.3630 -0.1500
vt 0.3650 0.0000
vt 0.3630 -0.1500
vt 0.3580 -0.1497
vt 0.3650 0.0000
vt 0.3580 -0.1497
vt 0.3532 -0.1487
vt 0.3650 0.0000
vt 0.3532 -0.1487
vt 0.3485 -0.1471
vt 0.3650 0.0000
vt 0.3485 -0.1471
vt 0.3440 -0.1449
vt 0.3650 0.0000
vt 0.3440 -0.1449
vt 0.3399 -0.1421
vt 0.3650 0.0000
vt 0.3399 -0.1421
vt 0.3361 -0.1389
vt 0.3650 0.0000
vt 0.3361 -0.1389
vt 0.3329 -0.1351
vt 0.3650 0.0000
vt 0.3329 -0.1351
vt 0.3301 -0.1310
vt 0.3650 0.0000
vt 0.3301 -0.1310
vt 0.3279 -0.1265
vt 0.3650 0.0000
vt 0.3279 -0.1265
vt 0.3263 -0.1218
vt 0.3650 0.0000
vt 0.3263 -0.1218
vt 0.3253 -0.1170
vt 0.3650 0.0000
vt 0.3253 -0.1170
vt 0.3250 0.1120
vt 0.3650 0.0000
vt 0.1453 0.1402
vt 0.1450 0.1350
vt 0.2000 -0.0000
vt 0.1464 0.1454
vt 0.1453 0.1402
vt 0.2000 -0.0000
vt 0.1480 0.1503
vt 0.1464 0.1454
vt 0.2000 -0.0000
vt 0.1504 0.1550
vt 0.1480 0.1503
vt 0.2000 -0.0000
vt 0.1533 0.1594
vt 0.1504 0.1550
vt 0.2000 -0.0000
vt 0.1567 0.1633
vt 0.1533 0.1594
vt 0.2000 -0.0000
vt 0.1606 0.1667
vt 0.1567 0.1633
vt 0.2000 -0.0000
vt 0.1650 0.1696
vt 0.1606 0.1667
vt 0.2000 -0.0000
vt 0.1697 0.1720
vt 0.1650 0.1696
vt 0.2000 -0.0000
vt 0.1746 0.1736
vt 0.1697 0.1720
vt 0.2000 -0.0000
vt 0.1798 0.1747
vt 0.1746 0.1736
vt 0.2000 -0.0000
vt 0.2150 0.1750
vt 0.1798 0.1747
vt 0.2000 -0.0000
vt 0.2202 0.1747
vt 0.2150 0.1750
vt 0.2000 -0.0000
vt 0.2254 0.1736
vt 0.2202 0.1747
vt 0.2000 -0.0000
vt 0.2303 0.1720
vt 0.2254 0.1736
vt 0.2000 -0.0000
vt 0.2350 0.1696
vt 0.2303 0.1720
vt 0.2000 -0.0000
vt 0.2394 0.1667
vt 0.2350 0.1696
vt 0.2000 -0.0000
vt 0.2433 0.1633
vt 0.2394 0.1667
vt 0.2000 -0.0000
vt 0.2467 0.1594
vt 0.2433 0.1633
vt 0.2000 -0.0000
vt 0.2496 0.1550
vt 0.2467 0.1594
vt 0.2000 -0.0000
vt 0.2520 0.1503
vt 0.2496 0.1550
vt 0.2000 -0.0000
vt 0.2536 0.1454
vt 0.2520 0.1503
vt 0.2000 -0.0000
vt 0.2547 0.1402
vt 0.2536 0.1454
vt 0.2000 -0.0000
vt 0.2550 -0.1350
vt 0.2547 0.1402
vt 0.2000 -0.0000
vt 0.2547 -0.1402
vt 0.2550 -0.1350
vt 0.2000 -0.0000
vt 0.2536 -0.1454
vt 0.2547 -0.1402
vt 0.2000 -0.0000
vt 0.2520 -0.1503
vt 0.2536 -0.1454
vt 0.2000 -0.0000
vt 0.2496 -0.1550
vt 0.2520 -0.1503
vt 0.2000 -0.0000
vt 0.2467 -0.1594
vt 0.2496 -0.1550
vt 0.2000 -0.0000
vt 0.2433 -0.1633
vt 0.2467 -0.1594
vt 0.2000 -0.0000
vt 0.2394 -0.1667
vt 0.2433 -0.1633
vt 0.2000 -0.0000
vt 0.2350 -0.1696
vt 0.2394 -0.1667
vt 0.2000 -0.0000
vt 0.2303 -0.1720
vt 0.2350 -0.1696
vt 0.2000 -0.0000
vt 0.2254 -0.1736
vt 0.2303 -0.1720
vt 0.2000 -0.0000
vt 0.2202 -0.1747
vt 0.2254 -0.1736
vt 0.2000 -0.0000
vt 0.1850 -0.1750
vt 0.2202 -0.1747
vt 0.2000 -0.0000
vt 0.1798 -0.1747
vt 0.1850 -0.1750
vt 0.2000 -0.0000
vt 0.1746 -0.1736
vt 0.1798 -0.1747
vt 0.2000 -0.0000
vt 0.1697 -0.1720
vt 0.1746 -0.1736
vt 0.2000 -0.0000
vt 0.1650 -0.1696
vt 0.1697 -0.1720
vt 0.2000 -0.0000
vt 0.1606 -0.1667
vt 0.1650 -0.1696
vt 0.2000 -0.0000
vt 0.1567 -0.1633
vt 0.1606 -0.1667
vt 0.2000 -0.0000
vt 0.1533 -0.1594
vt 0.1567 -0.1633
vt 0.2000 -0.0000
vt 0.1504 -0.1550
vt 0.1533 -0.1594
vt 0.2000 -0.0000
vt 0.1480 -0.1503
vt 0.1504 -0.1550
vt 0.2000 -0.0000
vt 0.1464 -0.1454
vt 0.1480 -0.1503
vt 0.2000 -0.0000
vt 0.1453 -0.1402
vt 0.1464 -0.1454
vt 0.2000 -0.0000
vt 0.1450 0.1350
vt 0.1453 -0.1402
vt 0.2000 -0.0000
f 1/1 2/2 50/3 49/4
f 2/5 3/6 51/7 50/8
f 3/9 4/10 52/11 51/12
f 4/13 5/14 53/15 52/16
f 5/17 6/18 54/19 53/20
f 6/21 7/22 55/23 54/24
f 7/25 8/26 56/27 55/28
f 8/29 9/30 57/31 56/32
f 9/33 10/34 58/35 57/36
f 10/37 11/38 59/39 58/40
f 11/41 12/42 60/43 59/44
f 12/45 13/46 61/47 60/48
f 13/49 14/50 62/51 61/52
f 14/53 15/54 63/55 62/56
f 15/57 16/58 64/59 63/60
f 16/61 17/62 65/63 64/64
f 17/65 18/66 66/67 65/68
f 18/69 19/70 67/71 66/72
f 19/73 20/74 68/75 67/76
f 20/77 21/78 69/79 68/80
f 21/81 22/82 70/83 69/84
f 22/85 23/86 71/87 70/88
f 23/89 24/90 72/91 71/92
f 24/93 25/94 73/95 72/96
f 25/97 26/98 74/99 73/100
f 26/101 27/102 75/103 74/104
f 27/105 28/106 76/107 75/108
f 28/109 29/110 77/111 76/112
f 29/113 30/114 78/115 77/116
f 30/117 31/118 79/119 78/120
f 31/121 32/122 80/123 79/124
f 32/125 33/126 81/127 80/128
f 33/129 34/130 82/131 81/132
f 34/133 35/134 83/135 82/136
f 35/137 36/138 84/139 83/140
f 36/141 37/142 85/143 84/144
f 37/145 38/146 86/147 85/148
f 38/149 39/150 87/151 86/152
f 39/153 40/154 88/155 87/156
f 40/157 41/158 89/159 88/160
f 41/161 42/162 90/163 89/164
f 42/165 43/166 91/167 90/168
f 43/169 44/170 92/171 91/172
f 44/173 45/174 93/175 92/176
f 45/177 46/178 94/179 93/180
f 46/181 47/182 95/183 94/184
f 47/185 48/186 96/187 95/188
f 48/189 1/190 49/191 96/192
f 97/193 98/194 146/195 145/196
f 98/197 99/198 147/199 146/200
f 99/201 100/202 148/203 147/204
f 100/205 101/206 149/207 148/208
f 101/209 102/210 150/211 149/212
f 102/213 103/214 151/215 150/216
f 103/217 104/218 152/219 151/220
f 104/221 105/222 153/223 152/224
f 105/225 106/226 154/227 153/228
f 106/229 107/230 155/231 154/232
f 107/233 108/234 156/235 155/236
f 108/237 109/238 157/239 156/240
f 109/241 110/242 158/243 157/244
f 110/245 111/246 159/247 158/248
f 111/249 112/250 160/251 159/252
f 112/253 113/254 161/255 160/256
f 113/257 114/258 162/259 161/260
f 114/261 115/262 163/263 162/264
f 115/265 116/266 164/267 163/268
f 116/269 117/270 165/271 164/272
f 117/273 118/274 166/275 165/276
f 118/277 119/278 167/279 166/280
f 119/281 120/282 168/283 167/284
f 120/285 121/286 169/287 168/288
f 121/289 122/290 170/291 169/292
f 122/293 123/294 171/295 170/296
f 123/297 124/298 172/299 171/300
f 124/301 125/302 173/303 172/304
f 125/305 126/306 174/307 173/308
f 126/309 127/310 175/311 174/312
f 127/313 128/314 176/315 175/316
f 128/317 129/318 177/319 176/320
f 129/321 130/322 178/323 177/324
f 130/325 131/326 179/327 178/328
f 131/329 132/330 180/331 179/332
f 132/333 133/334 181/335 180/336
f 133/337 134/338 182/339 181/340
f 134/341 135/342 183/343 182/344
f 135/345 136/346 184/347 183/348
f 136/349 137/350 185/351 184/352
f 137/353 138/354 186/355 185/356
f 138/357 139/358 187/359 186/360
f 139/361 140/362 188/363 187/364
f 140/365 141/366 189/367 188/368
f 141/369 142/370 190/371 189/372
f 142/373 143/374 191/375 190/376
f 143/377 144/378 192/379 191/380
f 144/381 97/382 145/383 192/384
f 193/385 194/386 242/387 241/388
f 194/389 195/390 243/391 242/392
f 195/393 196/394 244/395 243/396
f 196/397 197/398 245/399 244/400
f 197/401 198/402 246/403 245/404
f 198/405 199/406 247/407 246/408
f 199/409 200/410 248/411 247/412
f 200/413 201/414 249/415 248/416
f 201/417 202/418 250/419 249/420
f 202/421 203/422 251/423 250/424
f 203/425 204/426 252/427 251/428
f 204/429 205/430 253/431 252/432
f 205/433 206/434 254/435 253/436
f 206/437 207/438 255/439 254/440
f 207/441 208/442 256/443 255/444
f 208/445 209/446 257/447 256/448
f 209/449 210/450 258/451 257/452
f 210/453 211/454 259/455 258/456
f 211/457 212/458 260/459 259/460
f 212/461 213/462 261/463 260/464
f 213/465 214/466 262/467 261/468
f 214/469 215/470 263/471 262/472
f 215/473 216/474 264/475 263/476
f 216/477 217/478 265/479 264/480
f 217/481 218/482 266/483 265/484
f 218/485 219/486 267/487 266/488
f 219/489 220/490 268/491 267/492
f 220/493 221/494 269/495 268/496
f 221/497 222/498 270/499 269/500
f 222/501 223/502 271/503 270/504
f 223/505 224/506 272/507 271/508
f 224/509 225/510 273/511 272/512
f 225/513 226/514 274/515 273/516
f 226/517 227/518 275/519 274/520
f 227/521 228/522 276/523 275/524
f 228/525 229/526 277/527 276/528
f 229/529 230/530 278/531 277/532
f 230/533 231/534 279/535 278/536
f 231/537 232/538 280/539 279/540
f 232/541 233/542 281/543 280/544
f 233/545 234/546 282/547 281/548
f 234/549 235/550 283/551 282/552
f 235/553 236/554 284/555 283/556
f 236/557 237/558 285/559 284/560
f 237/561 238/562 286/563 285/564
f 238/565 239/566 287/567 286/568
f 239/569 240/570 288/571 287/572
f 240/573 193/574 241/575 288/576
f 289/577 290/578 338/579 337/580
f 290/581 291/582 339/583 338/584
f 291/585 292/586 340/587 339/588
f 292/589 293/590 341/591 340/592
f 293/593 294/594 342/595 341/596
f 294/597 295/598 343/599 342/600
f 295/601 296/602 344/603 343/604
f 296/605 297/606 345/607 344/608
f 297/609 298/610 346/611 345/612
f 298/613 299/614 347/615 346/616
f 299/617 300/618 348/619 347/620
f 300/621 301/622 349/623 348/624
f 301/625 302/626 350/627 349/628
f 302/629 303/630 351/631 350/632
f 303/633 304/634 352/635 351/636
f 304/637 305/638 353/639 352/640
f 305/641 306/642 354/643 353/644
f 306/645 307/646 355/647 354/648
f 307/649 308/650 356/651 355/652
f 308/653 309/654 357/655 356/656
f 309/657 310/658 358/659 357/660
f 310/661 311/662 359/663 358/664
f 311/665 312/666 360/667 359/668
f 312/669 313/670 361/671 360/672
f 313/673 314/674 362/675 361/676
f 314/677 315/678 363/679 362/680
f 315/681 316/682 364/683 363/684
f 316/685 317/686 365/687 364/688
f 317/689 318/690 366/691 365/692
f 318/693 319/694 367/695 366/696
f 319/697 320/698 368/699 367/700
f 320/701 321/702 369/703 368/704
f 321/705 322/706 370/707 369/708
f 322/709 323/710 371/711 370/712
f 323/713 324/714 372/715 371/716
f 324/717 325/718 373/719 372/720
f 325/721 326/722 374/723 373/724
f 326/725 327/726 375/727 374/728
f 327/729 328/730 376/731 375/732
f 328/733 329/734 377/735 376/736
f 329/737 330/738 378/739 377/740
f 330/741 331/742 379/743 378/744
f 331/745 332/746 380/747 379/748
f 332/749 333/750 381/751 380/752
f 333/753 334/754 382/755 381/756
f 334/757 335/758 383/759 382/760
f 335/761 336/762 384/763 383/764
f 336/765 289/766 337/767 384/768
f 385/769 386/770 434/771 433/772
f 386/773 387/774 435/775 434/776
f 387/777 388/778 436/779 435/780
f 388/781 389/782 437/783 436/784
f 389/785 390/786 438/787 437/788
f 390/789 391/790 439/791 438/792
f 391/793 392/794 440/795 439/796
f 392/797 393/798 441/799 440/800
f 393/801 394/802 442/803 441/804
f 394/805 395/806 443/807 442/808
f 395/809 396/810 444/811 443/812
f 396/813 397/814 445/815 444/816
f 397/817 398/818 446/819 445/820
f 398/821 399/822 447/823 446/824
f 399/825 400/826 448/827 447/828
f 400/829 401/830 449/831 448/832
f 401/833 402/834 450/835 449/836
f 402/837 403/838 451/839 450/840
f 403/841 404/842 452/843 451/844
f 404/845 405/846 453/847 452/848
f 405/849 406/850 454/851 453/852
f 406/853 407/854 455/855 454/856
f 407/857 408/858 456/859 455/860
f 408/861 409/862 457/863 456/864
f 409/865 410/866 458/867 457/868
f 410/869 411/870 459/871 458/872
f 411/873 412/874 460/875 459/876
f 412/877 413/878 461/879 460/880
f 413/881 414/882 462/883 461/884
f 414/885 415/886 463/887 462/888
f 415/889 416/890 464/891 463/892
f 416/893 417/894 465/895 464/896
f 417/897 418/898 466/899 465/900
f 418/901 419/902 467/903 466/904
f 419/905 420/906 468/907 467/908
f 420/909 421/910 469/911 468/912
f 421/913 422/914 470/915 469/916
f 422/917 423/918 471/919 470/920
f 423/921 424/922 472/923 471/924
f 424/925 425/926 473/927 472/928
f 425/929 426/930 474/931 473/932
f 426/933 427/934 475/935 474/936
f 427/937 428/938 476/939 475/940
f 428/941 429/942 477/943 476/944
f 429/945 430/946 478/947 477/948
f 430/949 431/950 479/951 478/952
f 431/953 432/954 480/955 479/956
f 432/957 385/958 433/959 480/960
f 481/961 482/962 530/963 529/964
f 482/965 483/966 531/967 530/968
f 483/969 484/970 532/971 531/972
f 484/973 485/974 533/975 532/976
f 485/977 486/978 534/979 533/980
f 486/981 487/982 535/983 534/984
f 487/985 488/986 536/987 535/988
f 488/989 489/990 537/991 536/992
f 489/993 490/994 538/995 537/996
f 490/997 491/998 539/999 538/1000
f 491/1001 492/1002 540/1003 539/1004
f 492/1005 493/1006 541/1007 540/1008
f 493/1009 494/1010 542/1011 541/1012
f 494/1013 495/1014 543/1015 542/1016
f 495/1017 496/1018 544/1019 543/1020
f 496/1021 497/1022 545/1023 544/1024
f 497/1025 498/1026 546/1027 545/1028
f 498/1029 499/1030 547/1031 546/1032
f 499/1033 500/1034 548/1035 547/1036
f 500/1037 501/1038 549/1039 548/1040
f 501/1041 502/1042 550/1043 549/1044
f 502/1045 503/1046 551/1047 550/1048
f 503/1049 504/1050 552/1051 551/1052
f 504/1053 505/1054 553/1055 552/1056
f 505/1057 506/1058 554/1059 553/1060
f 506/1061 507/1062 555/1063 554/1064
f 507/1065 508/1066 556/1067 555/1068
f 508/1069 509/1070 557/1071 556/1072
f 509/1073 510/1074 558/1075 557/1076
f 510/1077 511/1078 559/1079 558/1080
f 511/1081 512/1082 560/1083 559/1084
f 512/1085 513/1086 561/1087 560/1088
f 513/1089 514/1090 562/1091 561/1092
f 514/1093 515/1094 563/1095 562/1096
f 515/1097 516/1098 564/1099 563/1100
f 516/1101 517/1102 565/1103 564/1104
f 517/1105 518/1106 566/1107 565/1108
f 518/1109 519/1110 567/1111 566/1112
f 519/1113 520/1114 568/1115 567/1116
f 520/1117 521/1118 569/1119 568/1120
f 521/1121 522/1122 570/1123 569/1124
f 522/1125 523/1126 571/1127 570/1128
f 523/1129 524/1130 572/1131 571/1132
f 524/1133 525/1134 573/1135 572/1136
f 525/1137 526/1138 574/1139 573/1140
f 526/1141 527/1142 575/1143 574/1144
f 527/1145 528/1146 576/1147 575/1148
f 528/1149 481/1150 529/1151 576/1152
f 578/1153 579/1154 577/1155
f 579/1156 580/1157 577/1158
f 580/1159 581/1160 577/1161
f 581/1162 582/1163 577/1164
f 582/1165 583/1166 577/1167
f 583/1168 584/1169 577/1170
f 584/1171 585/1172 577/1173
f 585/1174 586/1175 577/1176
f 586/1177 587/1178 577/1179
f 587/1180 588/1181 577/1182
f 588/1183 589/1184 577/1185
f 589/1186 590/1187 577/1188
f 590/1189 591/1190 577/1191
f 591/1192 592/1193 577/1194
f 592/1195 593/1196 577/1197
f 593/1198 594/1199 577/1200
f 594/1201 595/1202 577/1203
f 595/1204 596/1205 577/1206
f 596/1207 597/1208 577/1209
f 597/1210 598/1211 577/1212
f 598/1213 599/1214 577/1215
f 599/1216 600/1217 577/1218
f 600/1219 601/1220 577/1221
f 601/1222 602/1223 577/1224
f 602/1225 603/1226 577/1227
f 603/1228 604/1229 577/1230
f 604/1231 605/1232 577/1233
f 605/1234 606/1235 577/1236
f 606/1237 607/1238 577/1239
f 607/1240 608/1241 577/1242
f 608/1243 609/1244 577/1245
f 609/1246 610/1247 577/1248
f 610/1249 611/1250 577/1251
f 611/1252 612/1253 577/1254
f 612/1255 613/1256 577/1257
f 613/1258 614/1259 577/1260
f 614/1261 615/1262 577/1263
f 615/1264 616/1265 577/1266
f 616/1267 617/1268 577/1269
f 617/1270 618/1271 577/1272
f 618/1273 619/1274 577/1275
f 619/1276 620/1277 577/1278
f 620/1279 621/1280 577/1281
f 621/1282 622/1283 577/1284
f 622/1285 623/1286 577/1287
f 623/1288 624/1289 577/1290
f 624/1291 625/1292 577/1293
f 625/1294 578/1295 577/1296
f 628/1297 627/1298 626/1299
f 629/1300 628/1301 626/1302
f 630/1303 629/1304 626/1305
f 631/1306 630/1307 626/1308
f 632/1309 631/1310 626/1311
f 633/1312 632/1313 626/1314
f 634/1315 633/1316 626/1317
f 635/1318 634/1319 626/1320
f 636/1321 635/1322 626/1323
f 637/1324 636/1325 626/1326
f 638/1327 637/1328 626/1329
f 639/1330 638/1331 626/1332
f 640/1333 639/1334 626/1335
f 641/1336 640/1337 626/1338
f 642/1339 641/1340 626/1341
f 643/1342 642/1343 626/1344
f 644/1345 643/1346 626/1347
f 645/1348 644/1349 626/1350
f 646/1351 645/1352 626/1353
f 647/1354 646/1355 626/1356
f 648/1357 647/1358 626/1359
f 649/1360 648/1361 626/1362
f 650/1363 649/1364 626/1365
f 651/1366 650/1367 626/1368
f 652/1369 651/1370 626/1371
f 653/1372 652/1373 626/1374
f 654/1375 653/1376 626/1377
f 655/1378 654/1379 626/1380
f 656/1381 655/1382 626/1383
f 657/1384 656/1385 626/1386
f 658/1387 657/1388 626/1389
f 659/1390 658/1391 626/1392
f 660/1393 659/1394 626/1395
f 661/1396 660/1397 626/1398
f 662/1399 661/1400 626/1401
f 663/1402 662/1403 626/1404
f 664/1405 663/1406 626/1407
f 665/1408 664/1409 626/1410
f 666/1411 665/1412 626/1413
f 667/1414 666/1415 626/1416
f 668/1417 667/1418 626/1419
f 669/1420 668/1421 626/1422
f 670/1423 669/1424 626/1425
f 671/1426 670/1427 626/1428
f 672/1429 671/1430 626/1431
f 673/1432 672/1433 626/1434
f 674/1435 673/1436 626/1437
f 627/1438 674/1439 626/1440
o Pilot_Seat_Bolster_L
v 0.2651 0.4470 -0.1530
v 0.2509 0.4470 -0.2030
v 0.2509 0.4930 -0.2030
v 0.2651 0.4930 -0.1530
v 0.3031 0.6970 -0.1642
v 0.2969 0.6970 -0.2158
v 0.2969 0.7430 -0.2158
v 0.3031 0.7430 -0.1642
v 0.3315 0.9370 -0.1634
v 0.3485 0.9370 -0.2126
v 0.3485 0.9830 -0.2126
v 0.3315 0.9830 -0.1634
v 0.3396 1.0570 -0.1516
v 0.3764 1.0570 -0.1884
v 0.3764 1.1030 -0.1884
v 0.3396 1.1030 -0.1516
vt -0.1530 0.4470
vt -0.2030 0.4470
vt -0.2158 0.6970
vt -0.1530 0.4470
vt -0.2158 0.6970
vt -0.1642 0.6970
vt 0.2509 0.4470
vt 0.2509 0.4930
vt 0.2969 0.7430
vt 0.2509 0.4470
vt 0.2969 0.7430
vt 0.2969 0.6970
vt -0.2030 0.4930
vt -0.1530 0.4930
vt -0.1642 0.7430
vt -0.2030 0.4930
vt -0.1642 0.7430
vt -0.2158 0.7430
vt 0.2651 0.4930
vt 0.2651 0.4470
vt 0.3031 0.6970
vt 0.2651 0.4930
vt 0.3031 0.6970
vt 0.3031 0.7430
vt -0.1642 0.6970
vt -0.2158 0.6970
vt -0.2126 0.9370
vt -0.1642 0.6970
vt -0.2126 0.9370
vt -0.1634 0.9370
vt 0.2969 0.6970
vt 0.2969 0.7430
vt 0.3485 0.9830
vt 0.2969 0.6970
vt 0.3485 0.9830
vt 0.3485 0.9370
vt -0.2158 0.7430
vt -0.1642 0.7430
vt -0.1634 0.9830
vt -0.2158 0.7430
vt -0.1634 0.9830
vt -0.2126 0.9830
vt 0.3031 0.7430
vt 0.3031 0.6970
vt 0.3315 0.9370
vt 0.3031 0.7430
vt 0.3315 0.9370
vt 0.3315 0.9830
vt -0.1634 0.9370
vt -0.2126 0.9370
vt -0.1884 1.0570
vt -0.1634 0.9370
vt -0.1884 1.0570
vt -0.1516 1.0570
vt 0.3485 0.9370
vt 0.3485 0.9830
vt 0.3764 1.1030
vt 0.3485 0.9370
vt 0.3764 1.1030
vt 0.3764 1.0570
vt -0.2126 0.9830
vt -0.1634 0.9830
vt -0.1516 1.1030
vt -0.2126 0.9830
vt -0.1516 1.1030
vt -0.1884 1.1030
vt -0.1634 0.9830
vt -0.1634 0.9370
vt -0.1516 1.0570
vt -0.1634 0.9830
vt -0.1516 1.0570
vt -0.1516 1.1030
vt -0.1530 0.4470
vt -0.2030 0.4470
vt -0.2030 0.4930
vt -0.1530 0.4470
vt -0.2030 0.4930
vt -0.1530 0.4930
vt -0.1516 1.1030
vt -0.1884 1.1030
vt -0.1884 1.0570
vt -0.1516 1.1030
vt -0.1884 1.0570
vt -0.1516 1.0570
f 675/1441 676/1442 680/1443
f 675/1444 680/1445 679/1446
f 676/1447 677/1448 681/1449
f 676/1450 681/1451 680/1452
f 677/1453 678/1454 682/1455
f 677/1456 682/1457 681/1458
f 678/1459 675/1460 679/1461
f 678/1462 679/1463 682/1464
f 679/1465 680/1466 684/1467
f 679/1468 684/1469 683/1470
f 680/1471 681/1472 685/1473
f 680/1474 685/1475 684/1476
f 681/1477 682/1478 686/1479
f 681/1480 686/1481 685/1482
f 682/1483 679/1484 683/1485
f 682/1486 683/1487 686/1488
f 683/1489 684/1490 688/1491
f 683/1492 688/1493 687/1494
f 684/1495 685/1496 689/1497
f 684/1498 689/1499 688/1500
f 685/1501 686/1502 690/1503
f 685/1504 690/1505 689/1506
f 686/1507 683/1508 687/1509
f 686/1510 687/1511 690/1512
f 675/1513 676/1514 677/1515
f 675/1516 677/1517 678/1518
f 690/1519 689/1520 688/1521
f 690/1522 688/1523 687/1524
o Pilot_Seat_Bolster_R
v 0.2509 0.4470 0.2030
v 0.2651 0.4470 0.1530
v 0.2651 0.4930 0.1530
v 0.2509 0.4930 0.2030
v 0.2969 0.6970 0.2158
v 0.3031 0.6970 0.1642
v 0.3031 0.7430 0.1642
v 0.2969 0.7430 0.2158
v 0.3485 0.9370 0.2126
v 0.3315 0.9370 0.1634
v 0.3315 0.9830 0.1634
v 0.3485 0.9830 0.2126
v 0.3764 1.0570 0.1884
v 0.3396 1.0570 0.1516
v 0.3396 1.1030 0.1516
v 0.3764 1.1030 0.1884
vt 0.2030 0.4470
vt 0.1530 0.4470
vt 0.1642 0.6970
vt 0.2030 0.4470
vt 0.1642 0.6970
vt 0.2158 0.6970
vt 0.2651 0.4470
vt 0.2651 0.4930
vt 0.3031 0.7430
vt 0.2651 0.4470
vt 0.3031 0.7430
vt 0.3031 0.6970
vt 0.1530 0.4930
vt 0.2030 0.4930
vt 0.2158 0.7430
vt 0.1530 0.4930
vt 0.2158 0.7430
vt 0.1642 0.7430
vt 0.2509 0.4930
vt 0.2509 0.4470
vt 0.2969 0.6970
vt 0.2509 0.4930
vt 0.2969 0.6970
vt 0.2969 0.7430
vt 0.2158 0.6970
vt 0.1642 0.6970
vt 0.1634 0.9370
vt 0.2158 0.6970
vt 0.1634 0.9370
vt 0.2126 0.9370
vt 0.3031 0.6970
vt 0.3031 0.7430
vt 0.3315 0.9830
vt 0.3031 0.6970
vt 0.3315 0.9830
vt 0.3315 0.9370
vt 0.1642 0.7430
vt 0.2158 0.7430
vt 0.2126 0.9830
vt 0.1642 0.7430
vt 0.2126 0.9830
vt 0.1634 0.9830
vt 0.2969 0.7430
vt 0.2969 0.6970
vt 0.3485 0.9370
vt 0.2969 0.7430
vt 0.3485 0.9370
vt 0.3485 0.9830
vt 0.2126 0.9370
vt 0.1634 0.9370
vt 0.1516 1.0570
vt 0.2126 0.9370
vt 0.1516 1.0570
vt 0.1884 1.0570
vt 0.1634 0.9370
vt 0.1634 0.9830
vt 0.1516 1.1030
vt 0.1634 0.9370
vt 0.1516 1.1030
vt 0.1516 1.0570
vt 0.1634 0.9830
vt 0.2126 0.9830
vt 0.1884 1.1030
vt 0.1634 0.9830
vt 0.1884 1.1030
vt 0.1516 1.1030
vt 0.3485 0.9830
vt 0.3485 0.9370
vt 0.3764 1.0570
vt 0.3485 0.9830
vt 0.3764 1.0570
vt 0.3764 1.1030
vt 0.2030 0.4470
vt 0.1530 0.4470
vt 0.1530 0.4930
vt 0.2030 0.4470
vt 0.1530 0.4930
vt 0.2030 0.4930
vt 0.1884 1.1030
vt 0.1516 1.1030
vt 0.1516 1.0570
vt 0.1884 1.1030
vt 0.1516 1.0570
vt 0.1884 1.0570
f 691/1525 692/1526 696/1527
f 691/1528 696/1529 695/1530
f 692/1531 693/1532 697/1533
f 692/1534 697/1535 696/1536
f 693/1537 694/1538 698/1539
f 693/1540 698/1541 697/1542
f 694/1543 691/1544 695/1545
f 694/1546 695/1547 698/1548
f 695/1549 696/1550 700/1551
f 695/1552 700/1553 699/1554
f 696/1555 697/1556 701/1557
f 696/1558 701/1559 700/1560
f 697/1561 698/1562 702/1563
f 697/1564 702/1565 701/1566
f 698/1567 695/1568 699/1569
f 698/1570 699/1571 702/1572
f 699/1573 700/1574 704/1575
f 699/1576 704/1577 703/1578
f 700/1579 701/1580 705/1581
f 700/1582 705/1583 704/1584
f 701/1585 702/1586 706/1587
f 701/1588 706/1589 705/1590
f 702/1591 699/1592 703/1593
f 702/1594 703/1595 706/1596
f 691/1597 692/1598 693/1599
f 691/1600 693/1601 694/1602
f 706/1603 705/1604 704/1605
f 706/1606 704/1607 703/1608
o Pilot_Seat_Pan
v -0.0100 0.3000 0.0000
v -0.0100 0.3000 0.0000
v -0.0100 0.3000 0.0000
v -0.0100 0.3000 0.0000
v -0.0100 0.3000 0.0000
v -0.0100 0.3000 0.0000
v -0.0100 0.3000 0.0000
v -0.0100 0.3000 0.0000
v -0.0100 0.3000 0.0000
v -0.0100 0.3000 0.0000
v -0.0100 0.3000 0.0000
v -0.0100 0.3000 -0.0000
v -0.0100 0.3000 -0.0000
v -0.0100 0.3000 -0.0000
v -0.0100 0.3000 -0.0000
v -0.0100 0.3000 -0.0000
v -0.0100 0.3000 -0.0000
v -0.0100 0.3000 -0.0000
v -0.0100 0.3000 -0.0000
v -0.0100 0.3000 -0.0000
v -0.1384 0.3014 0.0000
v -0.1349 0.3014 0.0481
v -0.1243 0.3014 0.0685
v -0.1059 0.3014 0.0816
v -0.0773 0.3014 0.0892
v -0.0100 0.3014 0.0917
v 0.0573 0.3014 0.0892
v 0.0859 0.3014 0.0816
v 0.1043 0.3014 0.0685
v 0.1149 0.3014 0.0481
v 0.1184 0.3014 0.0000
v 0.1149 0.3014 -0.0481
v 0.1043 0.3014 -0.0685
v 0.0859 0.3014 -0.0816
v 0.0573 0.3014 -0.0892
v -0.0100 0.3014 -0.0917
v -0.0773 0.3014 -0.0892
v -0.1059 0.3014 -0.0816
v -0.1243 0.3014 -0.0685
v -0.1349 0.3014 -0.0481
v -0.1929 0.3058 0.0000
v -0.1879 0.3058 0.0685
v -0.1728 0.3058 0.0975
v -0.1466 0.3058 0.1163
v -0.1059 0.3058 0.1271
v -0.0100 0.3058 0.1306
v 0.0859 0.3058 0.1271
v 0.1266 0.3058 0.1163
v 0.1528 0.3058 0.0975
v 0.1679 0.3058 0.0685
v 0.1729 0.3058 0.0000
v 0.1679 0.3058 -0.0685
v 0.1528 0.3058 -0.0975
v 0.1266 0.3058 -0.1163
v 0.0859 0.3058 -0.1271
v -0.0100 0.3058 -0.1306
v -0.1059 0.3058 -0.1271
v -0.1466 0.3058 -0.1163
v -0.1728 0.3058 -0.0975
v -0.1879 0.3058 -0.0685
v -0.2280 0.3133 0.0000
v -0.2221 0.3133 0.0816
v -0.2041 0.3133 0.1163
v -0.1728 0.3133 0.1386
v -0.1243 0.3133 0.1515
v -0.0100 0.3133 0.1557
v 0.1043 0.3133 0.1515
v 0.1528 0.3133 0.1386
v 0.1841 0.3133 0.1163
v 0.2021 0.3133 0.0816
v 0.2080 0.3133 0.0000
v 0.2021 0.3133 -0.0816
v 0.1841 0.3133 -0.1163
v 0.1528 0.3133 -0.1386
v 0.1043 0.3133 -0.1515
v -0.0100 0.3133 -0.1557
v -0.1243 0.3133 -0.1515
v -0.1728 0.3133 -0.1386
v -0.2041 0.3133 -0.1163
v -0.2221 0.3133 -0.0816
v -0.2483 0.3250 0.0000
v -0.2418 0.3250 0.0892
v -0.2221 0.3250 0.1271
v -0.1879 0.3250 0.1515
v -0.1349 0.3250 0.1656
v -0.0100 0.3250 0.1702
v 0.1149 0.3250 0.1656
v 0.1679 0.3250 0.1515
v 0.2021 0.3250 0.1271
v 0.2218 0.3250 0.0892
v 0.2283 0.3250 0.0000
v 0.2218 0.3250 -0.0892
v 0.2021 0.3250 -0.1271
v 0.1679 0.3250 -0.1515
v 0.1149 0.3250 -0.1656
v -0.0100 0.3250 -0.1702
v -0.1349 0.3250 -0.1656
v -0.1879 0.3250 -0.1515
v -0.2221 0.3250 -0.1271
v -0.2418 0.3250 -0.0892
v -0.2550 0.3525 0.0000
v -0.2483 0.3525 0.0917
v -0.2280 0.3525 0.1306
v -0.1929 0.3525 0.1557
v -0.1384 0.3525 0.1702
v -0.0100 0.3525 0.1750
v 0.1184 0.3525 0.1702
v 0.1729 0.3525 0.1557
v 0.2080 0.3525 0.1306
v 0.2283 0.3525 0.0917
v 0.2350 0.3525 0.0000
v 0.2283 0.3525 -0.0917
v 0.2080 0.3525 -0.1306
v 0.1729 0.3525 -0.1557
v 0.1184 0.3525 -0.1702
v -0.0100 0.3525 -0.1750
v -0.1384 0.3525 -0.1702
v -0.1929 0.3525 -0.1557
v -0.2280 0.3525 -0.1306
v -0.2483 0.3525 -0.0917
v -0.2483 0.3800 0.0000
v -0.2418 0.3800 0.0892
v -0.2221 0.3800 0.1271
v -0.1879 0.3800 0.1515
v -0.1349 0.3800 0.1656
v -0.0100 0.3800 0.1702
v 0.1149 0.3800 0.1656
v 0.1679 0.3800 0.1515
v 0.2021 0.3800 0.1271
v 0.2218 0.3800 0.0892
v 0.2283 0.3800 0.0000
v 0.2218 0.3800 -0.0892
v 0.2021 0.3800 -0.1271
v 0.1679 0.3800 -0.1515
v 0.1149 0.3800 -0.1656
v -0.0100 0.3800 -0.1702
v -0.1349 0.3800 -0.1656
v -0.1879 0.3800 -0.1515
v -0.2221 0.3800 -0.1271
v -0.2418 0.3800 -0.0892
v -0.2280 0.3917 0.0000
v -0.2221 0.3917 0.0816
v -0.2041 0.3917 0.1163
v -0.1728 0.3917 0.1386
v -0.1243 0.3917 0.1515
v -0.0100 0.3917 0.1557
v 0.1043 0.3917 0.1515
v 0.1528 0.3917 0.1386
v 0.1841 0.3917 0.1163
v 0.2021 0.3917 0.0816
v 0.2080 0.3917 0.0000
v 0.2021 0.3917 -0.0816
v 0.1841 0.3917 -0.1163
v 0.1528 0.3917 -0.1386
v 0.1043 0.3917 -0.1515
v -0.0100 0.3917 -0.1557
v -0.1243 0.3917 -0.1515
v -0.1728 0.3917 -0.1386
v -0.2041 0.3917 -0.1163
v -0.2221 0.3917 -0.0816
v -0.1929 0.3992 0.0000
v -0.1879 0.3992 0.0685
v -0.1728 0.3992 0.0975
v -0.1466 0.3992 0.1163
v -0.1059 0.3992 0.1271
v -0.0100 0.3992 0.1306
v 0.0859 0.3992 0.1271
v 0.1266 0.3992 0.1163
v 0.1528 0.3992 0.0975
v 0.1679 0.3992 0.0685
v 0.1729 0.3992 0.0000
v 0.1679 0.3992 -0.0685
v 0.1528 0.3992 -0.0975
v 0.1266 0.3992 -0.1163
v 0.0859 0.3992 -0.1271
v -0.0100 0.3992 -0.1306
v -0.1059 0.3992 -0.1271
v -0.1466 0.3992 -0.1163
v -0.1728 0.3992 -0.0975
v -0.1879 0.3992 -0.0685
v -0.1384 0.4036 0.0000
v -0.1349 0.4036 0.0481
v -0.1243 0.4036 0.0685
v -0.1059 0.4036 0.0816
v -0.0773 0.4036 0.0892
v -0.0100 0.4036 0.0917
v 0.0573 0.4036 0.0892
v 0.0859 0.4036 0.0816
v 0.1043 0.4036 0.0685
v 0.1149 0.4036 0.0481
v 0.1184 0.4036 0.0000
v 0.1149 0.4036 -0.0481
v 0.1043 0.4036 -0.0685
v 0.0859 0.4036 -0.0816
v 0.0573 0.4036 -0.0892
v -0.0100 0.4036 -0.0917
v -0.0773 0.4036 -0.0892
v -0.1059 0.4036 -0.0816
v -0.1243 0.4036 -0.0685
v -0.1349 0.4036 -0.0481
v -0.0100 0.4050 0.0000
v -0.0100 0.4050 0.0000
v -0.0100 0.4050 0.0000
v -0.0100 0.4050 0.0000
v -0.0100 0.4050 0.0000
v -0.0100 0.4050 0.0000
v -0.0100 0.4050 0.0000
v -0.0100 0.4050 0.0000
v -0.0100 0.4050 0.0000
v -0.0100 0.4050 0.0000
v -0.0100 0.4050 0.0000
v -0.0100 0.4050 -0.0000
v -0.0100 0.4050 -0.0000
v -0.0100 0.4050 -0.0000
v -0.0100 0.4050 -0.0000
v -0.0100 0.4050 -0.0000
v -0.0100 0.4050 -0.0000
v -0.0100 0.4050 -0.0000
v -0.0100 0.4050 -0.0000
v -0.0100 0.4050 -0.0000
vt -0.0100 0.0000
vt -0.1349 0.0481
vt -0.1384 0.0000
vt -0.0100 0.0000
vt -0.0100 0.0000
vt -0.1243 0.0685
vt -0.1349 0.0481
vt -0.0100 0.0000
vt -0.0100 0.0000
vt -0.1059 0.0816
vt -0.1243 0.0685
vt -0.0100 0.0000
vt -0.0100 0.0000
vt -0.0773 0.0892
vt -0.1059 0.0816
vt -0.0100 0.0000
vt -0.0100 0.0000
vt -0.0100 0.0917
vt -0.0773 0.0892
vt -0.0100 0.0000
vt -0.0100 0.0000
vt 0.0573 0.0892
vt -0.0100 0.0917
vt -0.0100 0.0000
vt -0.0100 0.0000
vt 0.0859 0.0816
vt 0.0573 0.0892
vt -0.0100 0.0000
vt -0.0100 0.0000
vt 0.1043 0.0685
vt 0.0859 0.0816
vt -0.0100 0.0000
vt -0.0100 0.0000
vt 0.1149 0.0481
vt 0.1043 0.0685
vt -0.0100 0.0000
vt -0.0100 0.0000
vt 0.1184 0.0000
vt 0.1149 0.0481
vt -0.0100 0.0000
vt -0.0100 -0.0000
vt 0.1149 -0.0481
vt 0.1184 0.0000
vt -0.0100 0.0000
vt -0.0100 -0.0000
vt 0.1043 -0.0685
vt 0.1149 -0.0481
vt -0.0100 -0.0000
vt -0.0100 -0.0000
vt 0.0859 -0.0816
vt 0.1043 -0.0685
vt -0.0100 -0.0000
vt -0.0100 -0.0000
vt 0.0573 -0.0892
vt 0.0859 -0.0816
vt -0.0100 -0.0000
vt -0.0100 -0.0000
vt -0.0100 -0.0917
vt 0.0573 -0.0892
vt -0.0100 -0.0000
vt -0.0100 -0.0000
vt -0.0773 -0.0892
vt -0.0100 -0.0917
vt -0.0100 -0.0000
vt -0.0100 -0.0000
vt -0.1059 -0.0816
vt -0.0773 -0.0892
vt -0.0100 -0.0000
vt -0.0100 -0.0000
vt -0.1243 -0.0685
vt -0.1059 -0.0816
vt -0.0100 -0.0000
vt -0.0100 -0.0000
vt -0.1349 -0.0481
vt -0.1243 -0.0685
vt -0.0100 -0.0000
vt -0.0100 0.0000
vt -0.1384 0.0000
vt -0.1349 -0.0481
vt -0.0100 -0.0000
vt -0.1349 0.0481
vt -0.1879 0.0685
vt -0.1929 0.0000
vt -0.1384 0.0000
vt -0.1243 0.0685
vt -0.1728 0.0975
vt -0.1879 0.0685
vt -0.1349 0.0481
vt -0.1059 0.0816
vt -0.1466 0.1163
vt -0.1728 0.0975
vt -0.1243 0.0685
vt -0.0773 0.0892
vt -0.1059 0.1271
vt -0.1466 0.1163
vt -0.1059 0.0816
vt -0.0100 0.0917
vt -0.0100 0.1306
vt -0.1059 0.1271
vt -0.0773 0.0892
vt 0.0573 0.0892
vt 0.0859 0.1271
vt -0.0100 0.1306
vt -0.0100 0.0917
vt 0.0859 0.0816
vt 0.1266 0.1163
vt 0.0859 0.1271
vt 0.0573 0.0892
vt 0.1043 0.0685
vt 0.1528 0.0975
vt 0.1266 0.1163
vt 0.0859 0.0816
vt 0.1149 0.0481
vt 0.1679 0.0685
vt 0.1528 0.0975
vt 0.1043 0.0685
vt 0.1184 0.0000
vt 0.1729 0.0000
vt 0.1679 0.0685
vt 0.1149 0.0481
vt 0.1149 -0.0481
vt 0.1679 -0.0685
vt 0.1729 0.0000
vt 0.1184 0.0000
vt 0.1043 -0.0685
vt 0.1528 -0.0975
vt 0.1679 -0.0685
vt 0.1149 -0.0481
vt 0.0859 -0.0816
vt 0.1266 -0.1163
vt 0.1528 -0.0975
vt 0.1043 -0.0685
vt 0.0573 -0.0892
vt 0.0859 -0.1271
vt 0.1266 -0.1163
vt 0.0859 -0.0816
vt -0.0100 -0.0917
vt -0.0100 -0.1306
vt 0.0859 -0.1271
vt 0.0573 -0.0892
vt -0.0773 -0.0892
vt -0.1059 -0.1271
vt -0.0100 -0.1306
vt -0.0100 -0.0917
vt -0.1059 -0.0816
vt -0.1466 -0.1163
vt -0.1059 -0.1271
vt -0.0773 -0.0892
vt -0.1243 -0.0685
vt -0.1728 -0.0975
vt -0.1466 -0.1163
vt -0.1059 -0.0816
vt -0.1349 -0.0481
vt -0.1879 -0.0685
vt -0.1728 -0.0975
vt -0.1243 -0.0685
vt -0.1384 0.0000
vt -0.1929 0.0000
vt -0.1879 -0.0685
vt -0.1349 -0.0481
vt -0.1879 0.0685
vt -0.2221 0.0816
vt -0.2280 0.0000
vt -0.1929 0.0000
vt -0.1728 0.0975
vt -0.2041 0.1163
vt -0.2221 0.0816
vt -0.1879 0.0685
vt -0.1466 0.1163
vt -0.1728 0.1386
vt -0.2041 0.1163
vt -0.1728 0.0975
vt -0.1059 0.1271
vt -0.1243 0.1515
vt -0.1728 0.1386
vt -0.1466 0.1163
vt -0.0100 0.1306
vt -0.0100 0.1557
vt -0.1243 0.1515
vt -0.1059 0.1271
vt 0.0859 0.1271
vt 0.1043 0.1515
vt -0.0100 0.1557
vt -0.0100 0.1306
vt 0.1266 0.1163
vt 0.1528 0.1386
vt 0.1043 0.1515
vt 0.0859 0.1271
vt 0.1528 0.0975
vt 0.1841 0.1163
vt 0.1528 0.1386
vt 0.1266 0.1163
vt 0.1679 0.0685
vt 0.2021 0.0816
vt 0.1841 0.1163
vt 0.1528 0.0975
vt 0.1729 0.0000
vt 0.2080 0.0000
vt 0.2021 0.0816
vt 0.1679 0.0685
vt 0.1679 -0.0685
vt 0.2021 -0.0816
vt 0.2080 0.0000
vt 0.1729 0.0000
vt 0.1528 -0.0975
vt 0.1841 -0.1163
vt 0.2021 -0.0816
vt 0.1679 -0.0685
vt 0.1266 -0.1163
vt 0.1528 -0.1386
vt 0.1841 -0.1163
vt 0.1528 -0.0975
vt 0.0859 -0.1271
vt 0.1043 -0.1515
vt 0.1528 -0.1386
vt 0.1266 -0.1163
vt -0.0100 -0.1306
vt -0.0100 -0.1557
vt 0.1043 -0.1515
vt 0.0859 -0.1271
vt -0.1059 -0.1271
vt -0.1243 -0.1515
vt -0.0100 -0.1557
vt -0.0100 -0.1306
vt -0.1466 -0.1163
vt -0.1728 -0.1386
vt -0.1243 -0.1515
vt -0.1059 -0.1271
vt -0.1728 -0.0975
vt -0.2041 -0.1163
vt -0.1728 -0.1386
vt -0.1466 -0.1163
vt -0.1879 -0.0685
vt -0.2221 -0.0816
vt -0.2041 -0.1163
vt -0.1728 -0.0975
vt -0.1929 0.0000
vt -0.2280 0.0000
vt -0.2221 -0.0816
vt -0.1879 -0.0685
vt -0.2221 0.0816
vt -0.2418 0.0892
vt -0.2483 0.0000
vt -0.2280 0.0000
vt -0.2041 0.1163
vt -0.2221 0.1271
vt -0.2418 0.0892
vt -0.2221 0.0816
vt -0.1728 0.1386
vt -0.1879 0.1515
vt -0.2221 0.1271
vt -0.2041 0.1163
vt -0.1243 0.1515
vt -0.1349 0.1656
vt -0.1879 0.1515
vt -0.1728 0.1386
vt -0.0100 0.1557
vt -0.0100 0.1702
vt -0.1349 0.1656
vt -0.1243 0.1515
vt 0.1043 0.1515
vt 0.1149 0.1656
vt -0.0100 0.1702
vt -0.0100 0.1557
vt 0.1528 0.1386
vt 0.1679 0.1515
vt 0.1149 0.1656
vt 0.1043 0.1515
vt 0.1841 0.1163
vt 0.2021 0.1271
vt 0.1679 0.1515
vt 0.1528 0.1386
vt 0.2021 0.0816
vt 0.2218 0.0892
vt 0.2021 0.1271
vt 0.1841 0.1163
vt 0.2080 0.0000
vt 0.2283 0.0000
vt 0.2218 0.0892
vt 0.2021 0.0816
vt 0.2021 -0.0816
vt 0.2218 -0.0892
vt 0.2283 0.0000
vt 0.2080 0.0000
vt 0.1841 -0.1163
vt 0.2021 -0.1271
vt 0.2218 -0.0892
vt 0.2021 -0.0816
vt 0.1528 -0.1386
vt 0.1679 -0.1515
vt 0.2021 -0.1271
vt 0.1841 -0.1163
vt 0.1043 -0.1515
vt 0.1149 -0.1656
vt 0.1679 -0.1515
vt 0.1528 -0.1386
vt -0.0100 -0.1557
vt -0.0100 -0.1702
vt 0.1149 -0.1656
vt 0.1043 -0.1515
vt -0.1243 -0.1515
vt -0.1349 -0.1656
vt -0.0100 -0.1702
vt -0.0100 -0.1557
vt -0.1728 -0.1386
vt -0.1879 -0.1515
vt -0.1349 -0.1656
vt -0.1243 -0.1515
vt -0.2041 -0.1163
vt -0.2221 -0.1271
vt -0.1879 -0.1515
vt -0.1728 -0.1386
vt -0.2221 -0.0816
vt -0.2418 -0.0892
vt -0.2221 -0.1271
vt -0.2041 -0.1163
vt -0.2280 0.0000
vt -0.2483 0.0000
vt -0.2418 -0.0892
vt -0.2221 -0.0816
vt 0.0892 0.3250
vt 0.0917 0.3525
vt 0.0000 0.3525
vt 0.0000 0.3250
vt 0.1271 0.3250
vt 0.1306 0.3525
vt 0.0917 0.3525
vt 0.0892 0.3250
vt -0.1879 0.3250
vt -0.1929 0.3525
vt -0.2280 0.3525
vt -0.2221 0.3250
vt -0.1349 0.3250
vt -0.1384 0.3525
vt -0.1929 0.3525
vt -0.1879 0.3250
vt -0.0100 0.3250
vt -0.0100 0.3525
vt -0.1384 0.3525
vt -0.1349 0.3250
vt 0.1149 0.3250
vt 0.1184 0.3525
vt -0.0100 0.3525
vt -0.0100 0.3250
vt 0.1679 0.3250
vt 0.1729 0.3525
vt 0.1184 0.3525
vt 0.1149 0.3250
vt 0.2021 0.3250
vt 0.2080 0.3525
vt 0.1729 0.3525
vt 0.1679 0.3250
vt 0.0892 0.3250
vt 0.0917 0.3525
vt 0.1306 0.3525
vt 0.1271 0.3250
vt 0.0000 0.3250
vt 0.0000 0.3525
vt 0.0917 0.3525
vt 0.0892 0.3250
vt -0.0892 0.3250
vt -0.0917 0.3525
vt 0.0000 0.3525
vt 0.0000 0.3250
vt -0.1271 0.3250
vt -0.1306 0.3525
vt -0.0917 0.3525
vt -0.0892 0.3250
vt 0.1679 0.3250
vt 0.1729 0.3525
vt 0.2080 0.3525
vt 0.2021 0.3250
vt 0.1149 0.3250
vt 0.1184 0.3525
vt 0.1729 0.3525
vt 0.1679 0.3250
vt -0.0100 0.3250
vt -0.0100 0.3525
vt 0.1184 0.3525
vt 0.1149 0.3250
vt -0.1349 0.3250
vt -0.1384 0.3525
vt -0.0100 0.3525
vt -0.0100 0.3250
vt -0.1879 0.3250
vt -0.1929 0.3525
vt -0.1384 0.3525
vt -0.1349 0.3250
vt -0.2221 0.3250
vt -0.2280 0.3525
vt -0.1929 0.3525
vt -0.1879 0.3250
vt -0.0892 0.3250
vt -0.0917 0.3525
vt -0.1306 0.3525
vt -0.1271 0.3250
vt 0.0000 0.3250
vt 0.0000 0.3525
vt -0.0917 0.3525
vt -0.0892 0.3250
vt 0.0917 0.3525
vt 0.0892 0.3800
vt 0.0000 0.3800
vt 0.0000 0.3525
vt 0.1306 0.3525
vt 0.1271 0.3800
vt 0.0892 0.3800
vt 0.0917 0.3525
vt -0.1929 0.3525
vt -0.1879 0.3800
vt -0.2221 0.3800
vt -0.2280 0.3525
vt -0.1384 0.3525
vt -0.1349 0.3800
vt -0.1879 0.3800
vt -0.1929 0.3525
vt -0.0100 0.3525
vt -0.0100 0.3800
vt -0.1349 0.3800
vt -0.1384 0.3525
vt 0.1184 0.3525
vt 0.1149 0.3800
vt -0.0100 0.3800
vt -0.0100 0.3525
vt 0.1729 0.3525
vt 0.1679 0.3800
vt 0.1149 0.3800
vt 0.1184 0.3525
vt 0.2080 0.3525
vt 0.2021 0.3800
vt 0.1679 0.3800
vt 0.1729 0.3525
vt 0.0917 0.3525
vt 0.0892 0.3800
vt 0.1271 0.3800
vt 0.1306 0.3525
vt 0.0000 0.3525
vt 0.0000 0.3800
vt 0.0892 0.3800
vt 0.0917 0.3525
vt -0.0917 0.3525
vt -0.0892 0.3800
vt 0.0000 0.3800
vt 0.0000 0.3525
vt -0.1306 0.3525
vt -0.1271 0.3800
vt -0.0892 0.3800
vt -0.0917 0.3525
vt 0.1729 0.3525
vt 0.1679 0.3800
vt 0.2021 0.3800
vt 0.2080 0.3525
vt 0.1184 0.3525
vt 0.1149 0.3800
vt 0.1679 0.3800
vt 0.1729 0.3525
vt -0.0100 0.3525
vt -0.0100 0.3800
vt 0.1149 0.3800
vt 0.1184 0.3525
vt -0.1384 0.3525
vt -0.1349 0.3800
vt -0.0100 0.3800
vt -0.0100 0.3525
vt -0.1929 0.3525
vt -0.1879 0.3800
vt -0.1349 0.3800
vt -0.1384 0.3525
vt -0.2280 0.3525
vt -0.2221 0.3800
vt -0.1879 0.3800
vt -0.1929 0.3525
vt -0.0917 0.3525
vt -0.0892 0.3800
vt -0.1271 0.3800
vt -0.1306 0.3525
vt 0.0000 0.3525
vt 0.0000 0.3800
vt -0.0892 0.3800
vt -0.0917 0.3525
vt -0.2418 0.0892
vt -0.2221 0.0816
vt -0.2280 0.0000
vt -0.2483 0.0000
vt -0.2221 0.1271
vt -0.2041 0.1163
vt -0.2221 0.0816
vt -0.2418 0.0892
vt -0.1879 0.1515
vt -0.1728 0.1386
vt -0.2041 0.1163
vt -0.2221 0.1271
vt -0.1349 0.1656
vt -0.1243 0.1515
vt -0.1728 0.1386
vt -0.1879 0.1515
vt -0.0100 0.1702
vt -0.0100 0.1557
vt -0.1243 0.1515
vt -0.1349 0.1656
vt 0.1149 0.1656
vt 0.1043 0.1515
vt -0.0100 0.1557
vt -0.0100 0.1702
vt 0.1679 0.1515
vt 0.1528 0.1386
vt 0.1043 0.1515
vt 0.1149 0.1656
vt 0.2021 0.1271
vt 0.1841 0.1163
vt 0.1528 0.1386
vt 0.1679 0.1515
vt 0.2218 0.0892
vt 0.2021 0.0816
vt 0.1841 0.1163
vt 0.2021 0.1271
vt 0.2283 0.0000
vt 0.2080 0.0000
vt 0.2021 0.0816
vt 0.2218 0.0892
vt 0.2218 -0.0892
vt 0.2021 -0.0816
vt 0.2080 0.0000
vt 0.2283 0.0000
vt 0.2021 -0.1271
vt 0.1841 -0.1163
vt 0.2021 -0.0816
vt 0.2218 -0.0892
vt 0.1679 -0.1515
vt 0.1528 -0.1386
vt 0.1841 -0.1163
vt 0.2021 -0.1271
vt 0.1149 -0.1656
vt 0.1043 -0.1515
vt 0.1528 -0.1386
vt 0.1679 -0.1515
vt -0.0100 -0.1702
vt -0.0100 -0.1557
vt 0.1043 -0.1515
vt 0.1149 -0.1656
vt -0.1349 -0.1656
vt -0.1243 -0.1515
vt -0.0100 -0.1557
vt -0.0100 -0.1702
vt -0.1879 -0.1515
vt -0.1728 -0.1386
vt -0.1243 -0.1515
vt -0.1349 -0.1656
vt -0.2221 -0.1271
vt -0.2041 -0.1163
vt -0.1728 -0.1386
vt -0.1879 -0.1515
vt -0.2418 -0.0892
vt -0.2221 -0.0816
vt -0.2041 -0.1163
vt -0.2221 -0.1271
vt -0.2483 0.0000
vt -0.2280 0.0000
vt -0.2221 -0.0816
vt -0.2418 -0.0892
vt -0.2221 0.0816
vt -0.1879 0.0685
vt -0.1929 0.0000
vt -0.2280 0.0000
vt -0.2041 0.1163
vt -0.1728 0.0975
vt -0.1879 0.0685
vt -0.2221 0.0816
vt -0.1728 0.1386
vt -0.1466 0.1163
vt -0.1728 0.0975
vt -0.2041 0.1163
vt -0.1243 0.1515
vt -0.1059 0.1271
vt -0.1466 0.1163
vt -0.1728 0.1386
vt -0.0100 0.1557
vt -0.0100 0.1306
vt -0.1059 0.1271
vt -0.1243 0.1515
vt 0.1043 0.1515
vt 0.0859 0.1271
vt -0.0100 0.1306
vt -0.0100 0.1557
vt 0.1528 0.1386
vt 0.1266 0.1163
vt 0.0859 0.1271
vt 0.1043 0.1515
vt 0.1841 0.1163
vt 0.1528 0.0975
vt 0.1266 0.1163
vt 0.1528 0.1386
vt 0.2021 0.0816
vt 0.1679 0.0685
vt 0.1528 0.0975
vt 0.1841 0.1163
vt 0.2080 0.0000
vt 0.1729 0.0000
vt 0.1679 0.0685
vt 0.2021 0.0816
vt 0.2021 -0.0816
vt 0.1679 -0.0685
vt 0.1729 0.0000
vt 0.2080 0.0000
vt 0.1841 -0.1163
vt 0.1528 -0.0975
vt 0.1679 -0.0685
vt 0.2021 -0.0816
vt 0.1528 -0.1386
vt 0.1266 -0.1163
vt 0.1528 -0.0975
vt 0.1841 -0.1163
vt 0.1043 -0.1515
vt 0.0859 -0.1271
vt 0.1266 -0.1163
vt 0.1528 -0.1386
vt -0.0100 -0.1557
vt -0.0100 -0.1306
vt 0.0859 -0.1271
vt 0.1043 -0.1515
vt -0.1243 -0.1515
vt -0.1059 -0.1271
vt -0.0100 -0.1306
vt -0.0100 -0.1557
vt -0.1728 -0.1386
vt -0.1466 -0.1163
vt -0.1059 -0.1271
vt -0.1243 -0.1515
vt -0.2041 -0.1163
vt -0.1728 -0.0975
vt -0.1466 -0.1163
vt -0.1728 -0.1386
vt -0.2221 -0.0816
vt -0.1879 -0.0685
vt -0.1728 -0.0975
vt -0.2041 -0.1163
vt -0.2280 0.0000
vt -0.1929 0.0000
vt -0.1879 -0.0685
vt -0.2221 -0.0816
vt -0.1879 0.0685
vt -0.1349 0.0481
vt -0.1384 0.0000
vt -0.1929 0.0000
vt -0.1728 0.0975
vt -0.1243 0.0685
vt -0.1349 0.0481
vt -0.1879 0.0685
vt -0.1466 0.1163
vt -0.1059 0.0816
vt -0.1243 0.0685
vt -0.1728 0.0975
vt -0.1059 0.1271
vt -0.0773 0.0892
vt -0.1059 0.0816
vt -0.1466 0.1163
vt -0.0100 0.1306
vt -0.0100 0.0917
vt -0.0773 0.0892
vt -0.1059 0.1271
vt 0.0859 0.1271
vt 0.0573 0.0892
vt -0.0100 0.0917
vt -0.0100 0.1306
vt 0.1266 0.1163
vt 0.0859 0.0816
vt 0.0573 0.0892
vt 0.0859 0.1271
vt 0.1528 0.0975
vt 0.1043 0.0685
vt 0.0859 0.0816
vt 0.1266 0.1163
vt 0.1679 0.0685
vt 0.1149 0.0481
vt 0.1043 0.0685
vt 0.1528 0.0975
vt 0.1729 0.0000
vt 0.1184 0.0000
vt 0.1149 0.0481
vt 0.1679 0.0685
vt 0.1679 -0.0685
vt 0.1149 -0.0481
vt 0.1184 0.0000
vt 0.1729 0.0000
vt 0.1528 -0.0975
vt 0.1043 -0.0685
vt 0.1149 -0.0481
vt 0.1679 -0.0685
vt 0.1266 -0.1163
vt 0.0859 -0.0816
vt 0.1043 -0.0685
vt 0.1528 -0.0975
vt 0.0859 -0.1271
vt 0.0573 -0.0892
vt 0.0859 -0.0816
vt 0.1266 -0.1163
vt -0.0100 -0.1306
vt -0.0100 -0.0917
vt 0.0573 -0.0892
vt 0.0859 -0.1271
vt -0.1059 -0.1271
vt -0.0773 -0.0892
vt -0.0100 -0.0917
vt -0.0100 -0.1306
vt -0.1466 -0.1163
vt -0.1059 -0.0816
vt -0.0773 -0.0892
vt -0.1059 -0.1271
vt -0.1728 -0.0975
vt -0.1243 -0.0685
vt -0.1059 -0.0816
vt -0.1466 -0.1163
vt -0.1879 -0.0685
vt -0.1349 -0.0481
vt -0.1243 -0.0685
vt -0.1728 -0.0975
vt -0.1929 0.0000
vt -0.1384 0.0000
vt -0.1349 -0.0481
vt -0.1879 -0.0685
vt -0.1349 0.0481
vt -0.0100 0.0000
vt -0.0100 0.0000
vt -0.1384 0.0000
vt -0.1243 0.0685
vt -0.0100 0.0000
vt -0.0100 0.0000
vt -0.1349 0.0481
vt -0.1059 0.0816
vt -0.0100 0.0000
vt -0.0100 0.0000
vt -0.1243 0.0685
vt -0.0773 0.0892
vt -0.0100 0.0000
vt -0.0100 0.0000
vt -0.1059 0.0816
vt -0.0100 0.0917
vt -0.0100 0.0000
vt -0.0100 0.0000
vt -0.0773 0.0892
vt 0.0573 0.0892
vt -0.0100 0.0000
vt -0.0100 0.0000
vt -0.0100 0.0917
vt 0.0859 0.0816
vt -0.0100 0.0000
vt -0.0100 0.0000
vt 0.0573 0.0892
vt 0.1043 0.0685
vt -0.0100 0.0000
vt -0.0100 0.0000
vt 0.0859 0.0816
vt 0.1149 0.0481
vt -0.0100 0.0000
vt -0.0100 0.0000
vt 0.1043 0.0685
vt 0.1184 0.0000
vt -0.0100 0.0000
vt -0.0100 0.0000
vt 0.1149 0.0481
vt 0.1149 -0.0481
vt -0.0100 -0.0000
vt -0.0100 0.0000
vt 0.1184 0.0000
vt 0.1043 -0.0685
vt -0.0100 -0.0000
vt -0.0100 -0.0000
vt 0.1149 -0.0481
vt 0.0859 -0.0816
vt -0.0100 -0.0000
vt -0.0100 -0.0000
vt 0.1043 -0.0685
vt 0.0573 -0.0892
vt -0.0100 -0.0000
vt -0.0100 -0.0000
vt 0.0859 -0.0816
vt -0.0100 -0.0917
vt -0.0100 -0.0000
vt -0.0100 -0.0000
vt 0.0573 -0.0892
vt -0.0773 -0.0892
vt -0.0100 -0.0000
vt -0.0100 -0.0000
vt -0.0100 -0.0917
vt -0.1059 -0.0816
vt -0.0100 -0.0000
vt -0.0100 -0.0000
vt -0.0773 -0.0892
vt -0.1243 -0.0685
vt -0.0100 -0.0000
vt -0.0100 -0.0000
vt -0.1059 -0.0816
vt -0.1349 -0.0481
vt -0.0100 -0.0000
vt -0.0100 -0.0000
vt -0.1243 -0.0685
vt -0.1384 0.0000
vt -0.0100 0.0000
vt -0.0100 -0.0000
vt -0.1349 -0.0481
f 708/1609 728/1610 727/1611 707/1612
f 709/1613 729/1614 728/1615 708/1616
f 710/1617 730/1618 729/1619 709/1620
f 711/1621 731/1622 730/1623 710/1624
f 712/1625 732/1626 731/1627 711/1628
f 713/1629 733/1630 732/1631 712/1632
f 714/1633 734/1634 733/1635 713/1636
f 715/1637 735/1638 734/1639 714/1640
f 716/1641 736/1642 735/1643 715/1644
f 717/1645 737/1646 736/1647 716/1648
f 718/1649 738/1650 737/1651 717/1652
f 719/1653 739/1654 738/1655 718/1656
f 720/1657 740/1658 739/1659 719/1660
f 721/1661 741/1662 740/1663 720/1664
f 722/1665 742/1666 741/1667 721/1668
f 723/1669 743/1670 742/1671 722/1672
f 724/1673 744/1674 743/1675 723/1676
f 725/1677 745/1678 744/1679 724/1680
f 726/1681 746/1682 745/1683 725/1684
f 707/1685 727/1686 746/1687 726/1688
f 728/1689 748/1690 747/1691 727/1692
f 729/1693 749/1694 748/1695 728/1696
f 730/1697 750/1698 749/1699 729/1700
f 731/1701 751/1702 750/1703 730/1704
f 732/1705 752/1706 751/1707 731/1708
f 733/1709 753/1710 752/1711 732/1712
f 734/1713 754/1714 753/1715 733/1716
f 735/1717 755/1718 754/1719 734/1720
f 736/1721 756/1722 755/1723 735/1724
f 737/1725 757/1726 756/1727 736/1728
f 738/1729 758/1730 757/1731 737/1732
f 739/1733 759/1734 758/1735 738/1736
f 740/1737 760/1738 759/1739 739/1740
f 741/1741 761/1742 760/1743 740/1744
f 742/1745 762/1746 761/1747 741/1748
f 743/1749 763/1750 762/1751 742/1752
f 744/1753 764/1754 763/1755 743/1756
f 745/1757 765/1758 764/1759 744/1760
f 746/1761 766/1762 765/1763 745/1764
f 727/1765 747/1766 766/1767 746/1768
f 748/1769 768/1770 767/1771 747/1772
f 749/1773 769/1774 768/1775 748/1776
f 750/1777 770/1778 769/1779 749/1780
f 751/1781 771/1782 770/1783 750/1784
f 752/1785 772/1786 771/1787 751/1788
f 753/1789 773/1790 772/1791 752/1792
f 754/1793 774/1794 773/1795 753/1796
f 755/1797 775/1798 774/1799 754/1800
f 756/1801 776/1802 775/1803 755/1804
f 757/1805 777/1806 776/1807 756/1808
f 758/1809 778/1810 777/1811 757/1812
f 759/1813 779/1814 778/1815 758/1816
f 760/1817 780/1818 779/1819 759/1820
f 761/1821 781/1822 780/1823 760/1824
f 762/1825 782/1826 781/1827 761/1828
f 763/1829 783/1830 782/1831 762/1832
f 764/1833 784/1834 783/1835 763/1836
f 765/1837 785/1838 784/1839 764/1840
f 766/1841 786/1842 785/1843 765/1844
f 747/1845 767/1846 786/1847 766/1848
f 768/1849 788/1850 787/1851 767/1852
f 769/1853 789/1854 788/1855 768/1856
f 770/1857 790/1858 789/1859 769/1860
f 771/1861 791/1862 790/1863 770/1864
f 772/1865 792/1866 791/1867 771/1868
f 773/1869 793/1870 792/1871 772/1872
f 774/1873 794/1874 793/1875 773/1876
f 775/1877 795/1878 794/1879 774/1880
f 776/1881 796/1882 795/1883 775/1884
f 777/1885 797/1886 796/1887 776/1888
f 778/1889 798/1890 797/1891 777/1892
f 779/1893 799/1894 798/1895 778/1896
f 780/1897 800/1898 799/1899 779/1900
f 781/1901 801/1902 800/1903 780/1904
f 782/1905 802/1906 801/1907 781/1908
f 783/1909 803/1910 802/1911 782/1912
f 784/1913 804/1914 803/1915 783/1916
f 785/1917 805/1918 804/1919 784/1920
f 786/1921 806/1922 805/1923 785/1924
f 767/1925 787/1926 806/1927 786/1928
f 788/1929 808/1930 807/1931 787/1932
f 789/1933 809/1934 808/1935 788/1936
f 790/1937 810/1938 809/1939 789/1940
f 791/1941 811/1942 810/1943 790/1944
f 792/1945 812/1946 811/1947 791/1948
f 793/1949 813/1950 812/1951 792/1952
f 794/1953 814/1954 813/1955 793/1956
f 795/1957 815/1958 814/1959 794/1960
f 796/1961 816/1962 815/1963 795/1964
f 797/1965 817/1966 816/1967 796/1968
f 798/1969 818/1970 817/1971 797/1972
f 799/1973 819/1974 818/1975 798/1976
f 800/1977 820/1978 819/1979 799/1980
f 801/1981 821/1982 820/1983 800/1984
f 802/1985 822/1986 821/1987 801/1988
f 803/1989 823/1990 822/1991 802/1992
f 804/1993 824/1994 823/1995 803/1996
f 805/1997 825/1998 824/1999 804/2000
f 806/2001 826/2002 825/2003 805/2004
f 787/2005 807/2006 826/2007 806/2008
f 808/2009 828/2010 827/2011 807/2012
f 809/2013 829/2014 828/2015 808/2016
f 810/2017 830/2018 829/2019 809/2020
f 811/2021 831/2022 830/2023 810/2024
f 812/2025 832/2026 831/2027 811/2028
f 813/2029 833/2030 832/2031 812/2032
f 814/2033 834/2034 833/2035 813/2036
f 815/2037 835/2038 834/2039 814/2040
f 816/2041 836/2042 835/2043 815/2044
f 817/2045 837/2046 836/2047 816/2048
f 818/2049 838/2050 837/2051 817/2052
f 819/2053 839/2054 838/2055 818/2056
f 820/2057 840/2058 839/2059 819/2060
f 821/2061 841/2062 840/2063 820/2064
f 822/2065 842/2066 841/2067 821/2068
f 823/2069 843/2070 842/2071 822/2072
f 824/2073 844/2074 843/2075 823/2076
f 825/2077 845/2078 844/2079 824/2080
f 826/2081 846/2082 845/2083 825/2084
f 807/2085 827/2086 846/2087 826/2088
f 828/2089 848/2090 847/2091 827/2092
f 829/2093 849/2094 848/2095 828/2096
f 830/2097 850/2098 849/2099 829/2100
f 831/2101 851/2102 850/2103 830/2104
f 832/2105 852/2106 851/2107 831/2108
f 833/2109 853/2110 852/2111 832/2112
f 834/2113 854/2114 853/2115 833/2116
f 835/2117 855/2118 854/2119 834/2120
f 836/2121 856/2122 855/2123 835/2124
f 837/2125 857/2126 856/2127 836/2128
f 838/2129 858/2130 857/2131 837/2132
f 839/2133 859/2134 858/2135 838/2136
f 840/2137 860/2138 859/2139 839/2140
f 841/2141 861/2142 860/2143 840/2144
f 842/2145 862/2146 861/2147 841/2148
f 843/2149 863/2150 862/2151 842/2152
f 844/2153 864/2154 863/2155 843/2156
f 845/2157 865/2158 864/2159 844/2160
f 846/2161 866/2162 865/2163 845/2164
f 827/2165 847/2166 866/2167 846/2168
f 848/2169 868/2170 867/2171 847/2172
f 849/2173 869/2174 868/2175 848/2176
f 850/2177 870/2178 869/2179 849/2180
f 851/2181 871/2182 870/2183 850/2184
f 852/2185 872/2186 871/2187 851/2188
f 853/2189 873/2190 872/2191 852/2192
f 854/2193 874/2194 873/2195 853/2196
f 855/2197 875/2198 874/2199 854/2200
f 856/2201 876/2202 875/2203 855/2204
f 857/2205 877/2206 876/2207 856/2208
f 858/2209 878/2210 877/2211 857/2212
f 859/2213 879/2214 878/2215 858/2216
f 860/2217 880/2218 879/2219 859/2220
f 861/2221 881/2222 880/2223 860/2224
f 862/2225 882/2226 881/2227 861/2228
f 863/2229 883/2230 882/2231 862/2232
f 864/2233 884/2234 883/2235 863/2236
f 865/2237 885/2238 884/2239 864/2240
f 866/2241 886/2242 885/2243 865/2244
f 847/2245 867/2246 886/2247 866/2248
f 868/2249 888/2250 887/2251 867/2252
f 869/2253 889/2254 888/2255 868/2256
f 870/2257 890/2258 889/2259 869/2260
f 871/2261 891/2262 890/2263 870/2264
f 872/2265 892/2266 891/2267 871/2268
f 873/2269 893/2270 892/2271 872/2272
f 874/2273 894/2274 893/2275 873/2276
f 875/2277 895/2278 894/2279 874/2280
f 876/2281 896/2282 895/2283 875/2284
f 877/2285 897/2286 896/2287 876/2288
f 878/2289 898/2290 897/2291 877/2292
f 879/2293 899/2294 898/2295 878/2296
f 880/2297 900/2298 899/2299 879/2300
f 881/2301 901/2302 900/2303 880/2304
f 882/2305 902/2306 901/2307 881/2308
f 883/2309 903/2310 902/2311 882/2312
f 884/2313 904/2314 903/2315 883/2316
f 885/2317 905/2318 904/2319 884/2320
f 886/2321 906/2322 905/2323 885/2324
f 867/2325 887/2326 906/2327 886/2328
f 888/2329 908/2330 907/2331 887/2332
f 889/2333 909/2334 908/2335 888/2336
f 890/2337 910/2338 909/2339 889/2340
f 891/2341 911/2342 910/2343 890/2344
f 892/2345 912/2346 911/2347 891/2348
f 893/2349 913/2350 912/2351 892/2352
f 894/2353 914/2354 913/2355 893/2356
f 895/2357 915/2358 914/2359 894/2360
f 896/2361 916/2362 915/2363 895/2364
f 897/2365 917/2366 916/2367 896/2368
f 898/2369 918/2370 917/2371 897/2372
f 899/2373 919/2374 918/2375 898/2376
f 900/2377 920/2378 919/2379 899/2380
f 901/2381 921/2382 920/2383 900/2384
f 902/2385 922/2386 921/2387 901/2388
f 903/2389 923/2390 922/2391 902/2392
f 904/2393 924/2394 923/2395 903/2396
f 905/2397 925/2398 924/2399 904/2400
f 906/2401 926/2402 925/2403 905/2404
f 887/2405 907/2406 926/2407 906/2408
o Pilot_Seat_Cushion
v 0.1395 0.4000 0.1078
v 0.1397 0.4000 0.1115
v 0.1405 0.4000 0.1152
v 0.1417 0.4000 0.1188
v 0.1434 0.4000 0.1221
v 0.1454 0.4000 0.1253
v 0.1479 0.4000 0.1281
v 0.1507 0.4000 0.1306
v 0.1539 0.4000 0.1326
v 0.1572 0.4000 0.1343
v 0.1608 0.4000 0.1355
v 0.1645 0.4000 0.1363
v 0.1713 0.4000 0.1365
v 0.1750 0.4000 0.1363
v 0.1787 0.4000 0.1355
v 0.1823 0.4000 0.1343
v 0.1856 0.4000 0.1326
v 0.1888 0.4000 0.1306
v 0.1916 0.4000 0.1281
v 0.1941 0.4000 0.1253
v 0.1961 0.4000 0.1221
v 0.1978 0.4000 0.1188
v 0.1990 0.4000 0.1152
v 0.1998 0.4000 0.1115
v 0.2000 0.4000 -0.1078
v 0.1998 0.4000 -0.1115
v 0.1990 0.4000 -0.1152
v 0.1978 0.4000 -0.1188
v 0.1961 0.4000 -0.1221
v 0.1941 0.4000 -0.1253
v 0.1916 0.4000 -0.1281
v 0.1888 0.4000 -0.1306
v 0.1856 0.4000 -0.1326
v 0.1823 0.4000 -0.1343
v 0.1787 0.4000 -0.1355
v 0.1750 0.4000 -0.1363
v 0.1682 0.4000 -0.1365
v 0.1645 0.4000 -0.1363
v 0.1608 0.4000 -0.1355
v 0.1572 0.4000 -0.1343
v 0.1539 0.4000 -0.1326
v 0.1507 0.4000 -0.1306
v 0.1479 0.4000 -0.1281
v 0.1454 0.4000 -0.1253
v 0.1434 0.4000 -0.1221
v 0.1417 0.4000 -0.1188
v 0.1405 0.4000 -0.1152
v 0.1397 0.4000 -0.1115
v 0.1755 0.5600 0.1140
v 0.1757 0.5600 0.1178
v 0.1765 0.5600 0.1214
v 0.1777 0.5600 0.1250
v 0.1794 0.5600 0.1284
v 0.1814 0.5600 0.1315
v 0.1839 0.5600 0.1343
v 0.1867 0.5600 0.1368
v 0.1899 0.5600 0.1389
v 0.1932 0.5600 0.1406
v 0.1968 0.5600 0.1418
v 0.2005 0.5600 0.1425
v 0.2073 0.5600 0.1427
v 0.2110 0.5600 0.1425
v 0.2147 0.5600 0.1418
v 0.2183 0.5600 0.1406
v 0.2216 0.5600 0.1389
v 0.2248 0.5600 0.1368
v 0.2276 0.5600 0.1343
v 0.2301 0.5600 0.1315
v 0.2321 0.5600 0.1284
v 0.2338 0.5600 0.1250
v 0.2350 0.5600 0.1214
v 0.2358 0.5600 0.1178
v 0.2360 0.5600 -0.1140
v 0.2358 0.5600 -0.1178
v 0.2350 0.5600 -0.1214
v 0.2338 0.5600 -0.1250
v 0.2321 0.5600 -0.1284
v 0.2301 0.5600 -0.1315
v 0.2276 0.5600 -0.1343
v 0.2248 0.5600 -0.1368
v 0.2216 0.5600 -0.1389
v 0.2183 0.5600 -0.1406
v 0.2147 0.5600 -0.1418
v 0.2110 0.5600 -0.1425
v 0.2042 0.5600 -0.1427
v 0.2005 0.5600 -0.1425
v 0.1968 0.5600 -0.1418
v 0.1932 0.5600 -0.1406
v 0.1899 0.5600 -0.1389
v 0.1867 0.5600 -0.1368
v 0.1839 0.5600 -0.1343
v 0.1814 0.5600 -0.1315
v 0.1794 0.5600 -0.1284
v 0.1777 0.5600 -0.1250
v 0.1765 0.5600 -0.1214
v 0.1757 0.5600 -0.1178
v 0.1755 0.5600 0.1140
v 0.1757 0.5600 0.1178
v 0.1765 0.5600 0.1214
v 0.1777 0.5600 0.1250
v 0.1794 0.5600 0.1284
v 0.1814 0.5600 0.1315
v 0.1839 0.5600 0.1343
v 0.1867 0.5600 0.1368
v 0.1899 0.5600 0.1389
v 0.1932 0.5600 0.1406
v 0.1968 0.5600 0.1418
v 0.2005 0.5600 0.1425
v 0.2073 0.5600 0.1427
v 0.2110 0.5600 0.1425
v 0.2147 0.5600 0.1418
v 0.2183 0.5600 0.1406
v 0.2216 0.5600 0.1389
v 0.2248 0.5600 0.1368
v 0.2276 0.5600 0.1343
v 0.2301 0.5600 0.1315
v 0.2321 0.5600 0.1284
v 0.2338 0.5600 0.1250
v 0.2350 0.5600 0.1214
v 0.2358 0.5600 0.1178
v 0.2360 0.5600 -0.1140
v 0.2358 0.5600 -0.1178
v 0.2350 0.5600 -0.1214
v 0.2338 0.5600 -0.1250
v 0.2321 0.5600 -0.1284
v 0.2301 0.5600 -0.1315
v 0.2276 0.5600 -0.1343
v 0.2248 0.5600 -0.1368
v 0.2216 0.5600 -0.1389
v 0.2183 0.5600 -0.1406
v 0.2147 0.5600 -0.1418
v 0.2110 0.5600 -0.1425
v 0.2042 0.5600 -0.1427
v 0.2005 0.5600 -0.1425
v 0.1968 0.5600 -0.1418
v 0.1932 0.5600 -0.1406
v 0.1899 0.5600 -0.1389
v 0.1867 0.5600 -0.1368
v 0.1839 0.5600 -0.1343
v 0.1814 0.5600 -0.1315
v 0.1794 0.5600 -0.1284
v 0.1777 0.5600 -0.1250
v 0.1765 0.5600 -0.1214
v 0.1757 0.5600 -0.1178
v 0.2126 0.7200 0.1184
v 0.2128 0.7200 0.1221
v 0.2136 0.7200 0.1257
v 0.2147 0.7200 0.1292
v 0.2164 0.7200 0.1325
v 0.2184 0.7200 0.1356
v 0.2209 0.7200 0.1384
v 0.2236 0.7200 0.1408
v 0.2267 0.7200 0.1429
v 0.2300 0.7200 0.1445
v 0.2335 0.7200 0.1457
v 0.2371 0.7200 0.1464
v 0.2438 0.7200 0.1466
v 0.2475 0.7200 0.1464
v 0.2511 0.7200 0.1457
v 0.2546 0.7200 0.1445
v 0.2579 0.7200 0.1429
v 0.2610 0.7200 0.1408
v 0.2637 0.7200 0.1384
v 0.2662 0.7200 0.1356
v 0.2682 0.7200 0.1325
v 0.2699 0.7200 0.1292
v 0.2710 0.7200 0.1257
v 0.2718 0.7200 0.1221
v 0.2720 0.7200 -0.1184
v 0.2718 0.7200 -0.1221
v 0.2710 0.7200 -0.1257
v 0.2699 0.7200 -0.1292
v 0.2682 0.7200 -0.1325
v 0.2662 0.7200 -0.1356
v 0.2637 0.7200 -0.1384
v 0.2610 0.7200 -0.1408
v 0.2579 0.7200 -0.1429
v 0.2546 0.7200 -0.1445
v 0.2511 0.7200 -0.1457
v 0.2475 0.7200 -0.1464
v 0.2408 0.7200 -0.1466
v 0.2371 0.7200 -0.1464
v 0.2335 0.7200 -0.1457
v 0.2300 0.7200 -0.1445
v 0.2267 0.7200 -0.1429
v 0.2236 0.7200 -0.1408
v 0.2209 0.7200 -0.1384
v 0.2184 0.7200 -0.1356
v 0.2164 0.7200 -0.1325
v 0.2147 0.7200 -0.1292
v 0.2136 0.7200 -0.1257
v 0.2128 0.7200 -0.1221
v 0.2126 0.7200 0.1184
v 0.2128 0.7200 0.1221
v 0.2136 0.7200 0.1257
v 0.2147 0.7200 0.1292
v 0.2164 0.7200 0.1325
v 0.2184 0.7200 0.1356
v 0.2209 0.7200 0.1384
v 0.2236 0.7200 0.1408
v 0.2267 0.7200 0.1429
v 0.2300 0.7200 0.1445
v 0.2335 0.7200 0.1457
v 0.2371 0.7200 0.1464
v 0.2438 0.7200 0.1466
v 0.2475 0.7200 0.1464
v 0.2511 0.7200 0.1457
v 0.2546 0.7200 0.1445
v 0.2579 0.7200 0.1429
v 0.2610 0.7200 0.1408
v 0.2637 0.7200 0.1384
v 0.2662 0.7200 0.1356
v 0.2682 0.7200 0.1325
v 0.2699 0.7200 0.1292
v 0.2710 0.7200 0.1257
v 0.2718 0.7200 0.1221
v 0.2720 0.7200 -0.1184
v 0.2718 0.7200 -0.1221
v 0.2710 0.7200 -0.1257
v 0.2699 0.7200 -0.1292
v 0.2682 0.7200 -0.1325
v 0.2662 0.7200 -0.1356
v 0.2637 0.7200 -0.1384
v 0.2610 0.7200 -0.1408
v 0.2579 0.7200 -0.1429
v 0.2546 0.7200 -0.1445
v 0.2511 0.7200 -0.1457
v 0.2475 0.7200 -0.1464
v 0.2408 0.7200 -0.1466
v 0.2371 0.7200 -0.1464
v 0.2335 0.7200 -0.1457
v 0.2300 0.7200 -0.1445
v 0.2267 0.7200 -0.1429
v 0.2236 0.7200 -0.1408
v 0.2209 0.7200 -0.1384
v 0.2184 0.7200 -0.1356
v 0.2164 0.7200 -0.1325
v 0.2147 0.7200 -0.1292
v 0.2136 0.7200 -0.1257
v 0.2128 0.7200 -0.1221
v 0.2508 0.8800 0.1218
v 0.2510 0.8800 0.1254
v 0.2517 0.8800 0.1288
v 0.2529 0.8800 0.1322
v 0.2544 0.8800 0.1354
v 0.2564 0.8800 0.1384
v 0.2588 0.8800 0.1410
v 0.2614 0.8800 0.1434
v 0.2644 0.8800 0.1453
v 0.2676 0.8800 0.1469
v 0.2709 0.8800 0.1481
v 0.2744 0.8800 0.1487
v 0.2808 0.8800 0.1490
v 0.2844 0.8800 0.1487
v 0.2879 0.8800 0.1481
v 0.2912 0.8800 0.1469
v 0.2944 0.8800 0.1453
v 0.2974 0.8800 0.1434
v 0.3000 0.8800 0.1410
v 0.3024 0.8800 0.1384
v 0.3044 0.8800 0.1354
v 0.3059 0.8800 0.1322
v 0.3071 0.8800 0.1288
v 0.3078 0.8800 0.1254
v 0.3080 0.8800 -0.1218
v 0.3078 0.8800 -0.1254
v 0.3071 0.8800 -0.1288
v 0.3059 0.8800 -0.1322
v 0.3044 0.8800 -0.1354
v 0.3024 0.8800 -0.1384
v 0.3000 0.8800 -0.1410
v 0.2974 0.8800 -0.1434
v 0.2944 0.8800 -0.1453
v 0.2912 0.8800 -0.1469
v 0.2879 0.8800 -0.1481
v 0.2844 0.8800 -0.1487
v 0.2780 0.8800 -0.1490
v 0.2744 0.8800 -0.1487
v 0.2709 0.8800 -0.1481
v 0.2676 0.8800 -0.1469
v 0.2644 0.8800 -0.1453
v 0.2614 0.8800 -0.1434
v 0.2588 0.8800 -0.1410
v 0.2564 0.8800 -0.1384
v 0.2544 0.8800 -0.1354
v 0.2529 0.8800 -0.1322
v 0.2517 0.8800 -0.1288
v 0.2510 0.8800 -0.1254
v 0.2508 0.8800 0.1218
v 0.2510 0.8800 0.1254
v 0.2517 0.8800 0.1288
v 0.2529 0.8800 0.1322
v 0.2544 0.8800 0.1354
v 0.2564 0.8800 0.1384
v 0.2588 0.8800 0.1410
v 0.2614 0.8800 0.1434
v 0.2644 0.8800 0.1453
v 0.2676 0.8800 0.1469
v 0.2709 0.8800 0.1481
v 0.2744 0.8800 0.1487
v 0.2808 0.8800 0.1490
v 0.2844 0.8800 0.1487
v 0.2879 0.8800 0.1481
v 0.2912 0.8800 0.1469
v 0.2944 0.8800 0.1453
v 0.2974 0.8800 0.1434
v 0.3000 0.8800 0.1410
v 0.3024 0.8800 0.1384
v 0.3044 0.8800 0.1354
v 0.3059 0.8800 0.1322
v 0.3071 0.8800 0.1288
v 0.3078 0.8800 0.1254
v 0.3080 0.8800 -0.1218
v 0.3078 0.8800 -0.1254
v 0.3071 0.8800 -0.1288
v 0.3059 0.8800 -0.1322
v 0.3044 0.8800 -0.1354
v 0.3024 0.8800 -0.1384
v 0.3000 0.8800 -0.1410
v 0.2974 0.8800 -0.1434
v 0.2944 0.8800 -0.1453
v 0.2912 0.8800 -0.1469
v 0.2879 0.8800 -0.1481
v 0.2844 0.8800 -0.1487
v 0.2780 0.8800 -0.1490
v 0.2744 0.8800 -0.1487
v 0.2709 0.8800 -0.1481
v 0.2676 0.8800 -0.1469
v 0.2644 0.8800 -0.1453
v 0.2614 0.8800 -0.1434
v 0.2588 0.8800 -0.1410
v 0.2564 0.8800 -0.1384
v 0.2544 0.8800 -0.1354
v 0.2529 0.8800 -0.1322
v 0.2517 0.8800 -0.1288
v 0.2510 0.8800 -0.1254
v 0.2800 1.0000 0.1244
v 0.2802 1.0000 0.1278
v 0.2809 1.0000 0.1312
v 0.2820 1.0000 0.1344
v 0.2835 1.0000 0.1375
v 0.2854 1.0000 0.1403
v 0.2877 1.0000 0.1429
v 0.2902 1.0000 0.1451
v 0.2931 1.0000 0.1470
v 0.2961 1.0000 0.1486
v 0.2994 1.0000 0.1496
v 0.3027 1.0000 0.1503
v 0.3089 1.0000 0.1505
v 0.3123 1.0000 0.1503
v 0.3156 1.0000 0.1496
v 0.3189 1.0000 0.1486
v 0.3219 1.0000 0.1470
v 0.3248 1.0000 0.1451
v 0.3273 1.0000 0.1429
v 0.3296 1.0000 0.1403
v 0.3315 1.0000 0.1375
v 0.3330 1.0000 0.1344
v 0.3341 1.0000 0.1312
v 0.3348 1.0000 0.1278
v 0.3350 1.0000 -0.1244
v 0.3348 1.0000 -0.1278
v 0.3341 1.0000 -0.1312
v 0.3330 1.0000 -0.1344
v 0.3315 1.0000 -0.1375
v 0.3296 1.0000 -0.1403
v 0.3273 1.0000 -0.1429
v 0.3248 1.0000 -0.1451
v 0.3219 1.0000 -0.1470
v 0.3189 1.0000 -0.1486
v 0.3156 1.0000 -0.1496
v 0.3123 1.0000 -0.1503
v 0.3061 1.0000 -0.1505
v 0.3027 1.0000 -0.1503
v 0.2994 1.0000 -0.1496
v 0.2961 1.0000 -0.1486
v 0.2931 1.0000 -0.1470
v 0.2902 1.0000 -0.1451
v 0.2877 1.0000 -0.1429
v 0.2854 1.0000 -0.1403
v 0.2835 1.0000 -0.1375
v 0.2820 1.0000 -0.1344
v 0.2809 1.0000 -0.1312
v 0.2802 1.0000 -0.1278
v 0.2800 1.0000 0.1244
v 0.2802 1.0000 0.1278
v 0.2809 1.0000 0.1312
v 0.2820 1.0000 0.1344
v 0.2835 1.0000 0.1375
v 0.2854 1.0000 0.1403
v 0.2877 1.0000 0.1429
v 0.2902 1.0000 0.1451
v 0.2931 1.0000 0.1470
v 0.2961 1.0000 0.1486
v 0.2994 1.0000 0.1496
v 0.3027 1.0000 0.1503
v 0.3089 1.0000 0.1505
v 0.3123 1.0000 0.1503
v 0.3156 1.0000 0.1496
v 0.3189 1.0000 0.1486
v 0.3219 1.0000 0.1470
v 0.3248 1.0000 0.1451
v 0.3273 1.0000 0.1429
v 0.3296 1.0000 0.1403
v 0.3315 1.0000 0.1375
v 0.3330 1.0000 0.1344
v 0.3341 1.0000 0.1312
v 0.3348 1.0000 0.1278
v 0.3350 1.0000 -0.1244
v 0.3348 1.0000 -0.1278
v 0.3341 1.0000 -0.1312
v 0.3330 1.0000 -0.1344
v 0.3315 1.0000 -0.1375
v 0.3296 1.0000 -0.1403
v 0.3273 1.0000 -0.1429
v 0.3248 1.0000 -0.1451
v 0.3219 1.0000 -0.1470
v 0.3189 1.0000 -0.1486
v 0.3156 1.0000 -0.1496
v 0.3123 1.0000 -0.1503
v 0.3061 1.0000 -0.1505
v 0.3027 1.0000 -0.1503
v 0.2994 1.0000 -0.1496
v 0.2961 1.0000 -0.1486
v 0.2931 1.0000 -0.1470
v 0.2902 1.0000 -0.1451
v 0.2877 1.0000 -0.1429
v 0.2854 1.0000 -0.1403
v 0.2835 1.0000 -0.1375
v 0.2820 1.0000 -0.1344
v 0.2809 1.0000 -0.1312
v 0.2802 1.0000 -0.1278
v 0.3002 1.0800 0.1091
v 0.3004 1.0800 0.1124
v 0.3011 1.0800 0.1156
v 0.3021 1.0800 0.1187
v 0.3036 1.0800 0.1216
v 0.3054 1.0800 0.1243
v 0.3075 1.0800 0.1268
v 0.3100 1.0800 0.1290
v 0.3127 1.0800 0.1308
v 0.3157 1.0800 0.1323
v 0.3188 1.0800 0.1333
v 0.3220 1.0800 0.1339
v 0.3279 1.0800 0.1342
v 0.3312 1.0800 0.1339
v 0.3344 1.0800 0.1333
v 0.3375 1.0800 0.1323
v 0.3405 1.0800 0.1308
v 0.3432 1.0800 0.1290
v 0.3457 1.0800 0.1268
v 0.3478 1.0800 0.1243
v 0.3496 1.0800 0.1216
v 0.3511 1.0800 0.1187
v 0.3521 1.0800 0.1156
v 0.3528 1.0800 0.1124
v 0.3530 1.0800 -0.1091
v 0.3528 1.0800 -0.1124
v 0.3521 1.0800 -0.1156
v 0.3511 1.0800 -0.1187
v 0.3496 1.0800 -0.1216
v 0.3478 1.0800 -0.1243
v 0.3457 1.0800 -0.1268
v 0.3432 1.0800 -0.1290
v 0.3405 1.0800 -0.1308
v 0.3375 1.0800 -0.1323
v 0.3344 1.0800 -0.1333
v 0.3312 1.0800 -0.1339
v 0.3253 1.0800 -0.1342
v 0.3220 1.0800 -0.1339
v 0.3188 1.0800 -0.1333
v 0.3157 1.0800 -0.1323
v 0.3127 1.0800 -0.1308
v 0.3100 1.0800 -0.1290
v 0.3075 1.0800 -0.1268
v 0.3054 1.0800 -0.1243
v 0.3036 1.0800 -0.1216
v 0.3021 1.0800 -0.1187
v 0.3011 1.0800 -0.1156
v 0.3004 1.0800 -0.1124
v 0.3266 1.0800 -0.0000
v 0.3002 1.0800 0.1091
v 0.3004 1.0800 0.1124
v 0.3011 1.0800 0.1156
v 0.3021 1.0800 0.1187
v 0.3036 1.0800 0.1216
v 0.3054 1.0800 0.1243
v 0.3075 1.0800 0.1268
v 0.3100 1.0800 0.1290
v 0.3127 1.0800 0.1308
v 0.3157 1.0800 0.1323
v 0.3188 1.0800 0.1333
v 0.3220 1.0800 0.1339
v 0.3279 1.0800 0.1342
v 0.3312 1.0800 0.1339
v 0.3344 1.0800 0.1333
v 0.3375 1.0800 0.1323
v 0.3405 1.0800 0.1308
v 0.3432 1.0800 0.1290
v 0.3457 1.0800 0.1268
v 0.3478 1.0800 0.1243
v 0.3496 1.0800 0.1216
v 0.3511 1.0800 0.1187
v 0.3521 1.0800 0.1156
v 0.3528 1.0800 0.1124
v 0.3530 1.0800 -0.1091
v 0.3528 1.0800 -0.1124
v 0.3521 1.0800 -0.1156
v 0.3511 1.0800 -0.1187
v 0.3496 1.0800 -0.1216
v 0.3478 1.0800 -0.1243
v 0.3457 1.0800 -0.1268
v 0.3432 1.0800 -0.1290
v 0.3405 1.0800 -0.1308
v 0.3375 1.0800 -0.1323
v 0.3344 1.0800 -0.1333
v 0.3312 1.0800 -0.1339
v 0.3253 1.0800 -0.1342
v 0.3220 1.0800 -0.1339
v 0.3188 1.0800 -0.1333
v 0.3157 1.0800 -0.1323
v 0.3127 1.0800 -0.1308
v 0.3100 1.0800 -0.1290
v 0.3075 1.0800 -0.1268
v 0.3054 1.0800 -0.1243
v 0.3036 1.0800 -0.1216
v 0.3021 1.0800 -0.1187
v 0.3011 1.0800 -0.1156
v 0.3004 1.0800 -0.1124
v 0.1698 0.4000 0.0000
v 0.1395 0.4000 0.1078
v 0.1397 0.4000 0.1115
v 0.1405 0.4000 0.1152
v 0.1417 0.4000 0.1188
v 0.1434 0.4000 0.1221
v 0.1454 0.4000 0.1253
v 0.1479 0.4000 0.1281
v 0.1507 0.4000 0.1306
v 0.1539 0.4000 0.1326
v 0.1572 0.4000 0.1343
v 0.1608 0.4000 0.1355
v 0.1645 0.4000 0.1363
v 0.1713 0.4000 0.1365
v 0.1750 0.4000 0.1363
v 0.1787 0.4000 0.1355
v 0.1823 0.4000 0.1343
v 0.1856 0.4000 0.1326
v 0.1888 0.4000 0.1306
v 0.1916 0.4000 0.1281
v 0.1941 0.4000 0.1253
v 0.1961 0.4000 0.1221
v 0.1978 0.4000 0.1188
v 0.1990 0.4000 0.1152
v 0.1998 0.4000 0.1115
v 0.2000 0.4000 -0.1078
v 0.1998 0.4000 -0.1115
v 0.1990 0.4000 -0.1152
v 0.1978 0.4000 -0.1188
v 0.1961 0.4000 -0.1221
v 0.1941 0.4000 -0.1253
v 0.1916 0.4000 -0.1281
v 0.1888 0.4000 -0.1306
v 0.1856 0.4000 -0.1326
v 0.1823 0.4000 -0.1343
v 0.1787 0.4000 -0.1355
v 0.1750 0.4000 -0.1363
v 0.1682 0.4000 -0.1365
v 0.1645 0.4000 -0.1363
v 0.1608 0.4000 -0.1355
v 0.1572 0.4000 -0.1343
v 0.1539 0.4000 -0.1326
v 0.1507 0.4000 -0.1306
v 0.1479 0.4000 -0.1281
v 0.1454 0.4000 -0.1253
v 0.1434 0.4000 -0.1221
v 0.1417 0.4000 -0.1188
v 0.1405 0.4000 -0.1152
v 0.1397 0.4000 -0.1115
vt 0.1078 0.4000
vt 0.1115 0.4000
vt 0.1178 0.5600
vt 0.1140 0.5600
vt 0.1115 0.4000
vt 0.1152 0.4000
vt 0.1214 0.5600
vt 0.1178 0.5600
vt 0.1152 0.4000
vt 0.1188 0.4000
vt 0.1250 0.5600
vt 0.1214 0.5600
vt 0.1188 0.4000
vt 0.1221 0.4000
vt 0.1284 0.5600
vt 0.1250 0.5600
vt 0.1221 0.4000
vt 0.1253 0.4000
vt 0.1315 0.5600
vt 0.1284 0.5600
vt 0.1253 0.4000
vt 0.1281 0.4000
vt 0.1343 0.5600
vt 0.1315 0.5600
vt 0.1479 0.4000
vt 0.1507 0.4000
vt 0.1867 0.5600
vt 0.1839 0.5600
vt 0.1507 0.4000
vt 0.1539 0.4000
vt 0.1899 0.5600
vt 0.1867 0.5600
vt 0.1539 0.4000
vt 0.1572 0.4000
vt 0.1932 0.5600
vt 0.1899 0.5600
vt 0.1572 0.4000
vt 0.1608 0.4000
vt 0.1968 0.5600
vt 0.1932 0.5600
vt 0.1608 0.4000
vt 0.1645 0.4000
vt 0.2005 0.5600
vt 0.1968 0.5600
vt 0.1645 0.4000
vt 0.1713 0.4000
vt 0.2073 0.5600
vt 0.2005 0.5600
vt 0.1713 0.4000
vt 0.1750 0.4000
vt 0.2110 0.5600
vt 0.2073 0.5600
vt 0.1750 0.4000
vt 0.1787 0.4000
vt 0.2147 0.5600
vt 0.2110 0.5600
vt 0.1787 0.4000
vt 0.1823 0.4000
vt 0.2183 0.5600
vt 0.2147 0.5600
vt 0.1823 0.4000
vt 0.1856 0.4000
vt 0.2216 0.5600
vt 0.2183 0.5600
vt 0.1856 0.4000
vt 0.1888 0.4000
vt 0.2248 0.5600
vt 0.2216 0.5600
vt 0.1888 0.4000
vt 0.1916 0.4000
vt 0.2276 0.5600
vt 0.2248 0.5600
vt 0.1281 0.4000
vt 0.1253 0.4000
vt 0.1315 0.5600
vt 0.1343 0.5600
vt 0.1253 0.4000
vt 0.1221 0.4000
vt 0.1284 0.5600
vt 0.1315 0.5600
vt 0.1221 0.4000
vt 0.1188 0.4000
vt 0.1250 0.5600
vt 0.1284 0.5600
vt 0.1188 0.4000
vt 0.1152 0.4000
vt 0.1214 0.5600
vt 0.1250 0.5600
vt 0.1152 0.4000
vt 0.1115 0.4000
vt 0.1178 0.5600
vt 0.1214 0.5600
vt 0.1115 0.4000
vt -0.1078 0.4000
vt -0.1140 0.5600
vt 0.1178 0.5600
vt -0.1078 0.4000
vt -0.1115 0.4000
vt -0.1178 0.5600
vt -0.1140 0.5600
vt -0.1115 0.4000
vt -0.1152 0.4000
vt -0.1214 0.5600
vt -0.1178 0.5600
vt -0.1152 0.4000
vt -0.1188 0.4000
vt -0.1250 0.5600
vt -0.1214 0.5600
vt -0.1188 0.4000
vt -0.1221 0.4000
vt -0.1284 0.5600
vt -0.1250 0.5600
vt -0.1221 0.4000
vt -0.1253 0.4000
vt -0.1315 0.5600
vt -0.1284 0.5600
vt -0.1253 0.4000
vt -0.1281 0.4000
vt -0.1343 0.5600
vt -0.1315 0.5600
vt 0.1916 0.4000
vt 0.1888 0.4000
vt 0.2248 0.5600
vt 0.2276 0.5600
vt 0.1888 0.4000
vt 0.1856 0.4000
vt 0.2216 0.5600
vt 0.2248 0.5600
vt 0.1856 0.4000
vt 0.1823 0.4000
vt 0.2183 0.5600
vt 0.2216 0.5600
vt 0.1823 0.4000
vt 0.1787 0.4000
vt 0.2147 0.5600
vt 0.2183 0.5600
vt 0.1787 0.4000
vt 0.1750 0.4000
vt 0.2110 0.5600
vt 0.2147 0.5600
vt 0.1750 0.4000
vt 0.1682 0.4000
vt 0.2042 0.5600
vt 0.2110 0.5600
vt 0.1682 0.4000
vt 0.1645 0.4000
vt 0.2005 0.5600
vt 0.2042 0.5600
vt 0.1645 0.4000
vt 0.1608 0.4000
vt 0.1968 0.5600
vt 0.2005 0.5600
vt 0.1608 0.4000
vt 0.1572 0.4000
vt 0.1932 0.5600
vt 0.1968 0.5600
vt 0.1572 0.4000
vt 0.1539 0.4000
vt 0.1899 0.5600
vt 0.1932 0.5600
vt 0.1539 0.4000
vt 0.1507 0.4000
vt 0.1867 0.5600
vt 0.1899 0.5600
vt 0.1507 0.4000
vt 0.1479 0.4000
vt 0.1839 0.5600
vt 0.1867 0.5600
vt -0.1281 0.4000
vt -0.1253 0.4000
vt -0.1315 0.5600
vt -0.1343 0.5600
vt -0.1253 0.4000
vt -0.1221 0.4000
vt -0.1284 0.5600
vt -0.1315 0.5600
vt -0.1221 0.4000
vt -0.1188 0.4000
vt -0.1250 0.5600
vt -0.1284 0.5600
vt -0.1188 0.4000
vt -0.1152 0.4000
vt -0.1214 0.5600
vt -0.1250 0.5600
vt -0.1152 0.4000
vt -0.1115 0.4000
vt -0.1178 0.5600
vt -0.1214 0.5600
vt -0.1115 0.4000
vt 0.1078 0.4000
vt 0.1140 0.5600
vt -0.1178 0.5600
vt 0.1140 0.5600
vt 0.1178 0.5600
vt 0.1221 0.7200
vt 0.1184 0.7200
vt 0.1178 0.5600
vt 0.1214 0.5600
vt 0.1257 0.7200
vt 0.1221 0.7200
vt 0.1214 0.5600
vt 0.1250 0.5600
vt 0.1292 0.7200
vt 0.1257 0.7200
vt 0.1250 0.5600
vt 0.1284 0.5600
vt 0.1325 0.7200
vt 0.1292 0.7200
vt 0.1284 0.5600
vt 0.1315 0.5600
vt 0.1356 0.7200
vt 0.1325 0.7200
vt 0.1315 0.5600
vt 0.1343 0.5600
vt 0.1384 0.7200
vt 0.1356 0.7200
vt 0.1839 0.5600
vt 0.1867 0.5600
vt 0.2236 0.7200
vt 0.2209 0.7200
vt 0.1867 0.5600
vt 0.1899 0.5600
vt 0.2267 0.7200
vt 0.2236 0.7200
vt 0.1899 0.5600
vt 0.1932 0.5600
vt 0.2300 0.7200
vt 0.2267 0.7200
vt 0.1932 0.5600
vt 0.1968 0.5600
vt 0.2335 0.7200
vt 0.2300 0.7200
vt 0.1968 0.5600
vt 0.2005 0.5600
vt 0.2371 0.7200
vt 0.2335 0.7200
vt 0.2005 0.5600
vt 0.2073 0.5600
vt 0.2438 0.7200
vt 0.2371 0.7200
vt 0.2073 0.5600
vt 0.2110 0.5600
vt 0.2475 0.7200
vt 0.2438 0.7200
vt 0.2110 0.5600
vt 0.2147 0.5600
vt 0.2511 0.7200
vt 0.2475 0.7200
vt 0.2147 0.5600
vt 0.2183 0.5600
vt 0.2546 0.7200
vt 0.2511 0.7200
vt 0.2183 0.5600
vt 0.2216 0.5600
vt 0.2579 0.7200
vt 0.2546 0.7200
vt 0.2216 0.5600
vt 0.2248 0.5600
vt 0.2610 0.7200
vt 0.2579 0.7200
vt 0.2248 0.5600
vt 0.2276 0.5600
vt 0.2637 0.7200
vt 0.2610 0.7200
vt 0.1343 0.5600
vt 0.1315 0.5600
vt 0.1356 0.7200
vt 0.1384 0.7200
vt 0.1315 0.5600
vt 0.1284 0.5600
vt 0.1325 0.7200
vt 0.1356 0.7200
vt 0.1284 0.5600
vt 0.1250 0.5600
vt 0.1292 0.7200
vt 0.1325 0.7200
vt 0.1250 0.5600
vt 0.1214 0.5600
vt 0.1257 0.7200
vt 0.1292 0.7200
vt 0.1214 0.5600
vt 0.1178 0.5600
vt 0.1221 0.7200
vt 0.1257 0.7200
vt 0.1178 0.5600
vt -0.1140 0.5600
vt -0.1184 0.7200
vt 0.1221 0.7200
vt -0.1140 0.5600
vt -0.1178 0.5600
vt -0.1221 0.7200
vt -0.1184 0.7200
vt -0.1178 0.5600
vt -0.1214 0.5600
vt -0.1257 0.7200
vt -0.1221 0.7200
vt -0.1214 0.5600
vt -0.1250 0.5600
vt -0.1292 0.7200
vt -0.1257 0.7200
vt -0.1250 0.5600
vt -0.1284 0.5600
vt -0.1325 0.7200
vt -0.1292 0.7200
vt -0.1284 0.5600
vt -0.1315 0.5600
vt -0.1356 0.7200
vt -0.1325 0.7200
vt -0.1315 0.5600
vt -0.1343 0.5600
vt -0.1384 0.7200
vt -0.1356 0.7200
vt 0.2276 0.5600
vt 0.2248 0.5600
vt 0.2610 0.7200
vt 0.2637 0.7200
vt 0.2248 0.5600
vt 0.2216 0.5600
vt 0.2579 0.7200
vt 0.2610 0.7200
vt 0.2216 0.5600
vt 0.2183 0.5600
vt 0.2546 0.7200
vt 0.2579 0.7200
vt 0.2183 0.5600
vt 0.2147 0.5600
vt 0.2511 0.7200
vt 0.2546 0.7200
vt 0.2147 0.5600
vt 0.2110 0.5600
vt 0.2475 0.7200
vt 0.2511 0.7200
vt 0.2110 0.5600
vt 0.2042 0.5600
vt 0.2408 0.7200
vt 0.2475 0.7200
vt 0.2042 0.5600
vt 0.2005 0.5600
vt 0.2371 0.7200
vt 0.2408 0.7200
vt 0.2005 0.5600
vt 0.1968 0.5600
vt 0.2335 0.7200
vt 0.2371 0.7200
vt 0.1968 0.5600
vt 0.1932 0.5600
vt 0.2300 0.7200
vt 0.2335 0.7200
vt 0.1932 0.5600
vt 0.1899 0.5600
vt 0.2267 0.7200
vt 0.2300 0.7200
vt 0.1899 0.5600
vt 0.1867 0.5600
vt 0.2236 0.7200
vt 0.2267 0.7200
vt 0.1867 0.5600
vt 0.1839 0.5600
vt 0.2209 0.7200
vt 0.2236 0.7200
vt -0.1343 0.5600
vt -0.1315 0.5600
vt -0.1356 0.7200
vt -0.1384 0.7200
vt -0.1315 0.5600
vt -0.1284 0.5600
vt -0.1325 0.7200
vt -0.1356 0.7200
vt -0.1284 0.5600
vt -0.1250 0.5600
vt -0.1292 0.7200
vt -0.1325 0.7200
vt -0.1250 0.5600
vt -0.1214 0.5600
vt -0.1257 0.7200
vt -0.1292 0.7200
vt -0.1214 0.5600
vt -0.1178 0.5600
vt -0.1221 0.7200
vt -0.1257 0.7200
vt -0.1178 0.5600
vt 0.1140 0.5600
vt 0.1184 0.7200
vt -0.1221 0.7200
vt 0.1184 0.7200
vt 0.1221 0.7200
vt 0.1254 0.8800
vt 0.1218 0.8800
vt 0.1221 0.7200
vt 0.1257 0.7200
vt 0.1288 0.8800
vt 0.1254 0.8800
vt 0.1257 0.7200
vt 0.1292 0.7200
vt 0.1322 0.8800
vt 0.1288 0.8800
vt 0.1292 0.7200
vt 0.1325 0.7200
vt 0.1354 0.8800
vt 0.1322 0.8800
vt 0.1325 0.7200
vt 0.1356 0.7200
vt 0.1384 0.8800
vt 0.1354 0.8800
vt 0.1356 0.7200
vt 0.1384 0.7200
vt 0.1410 0.8800
vt 0.1384 0.8800
vt 0.2209 0.7200
vt 0.2236 0.7200
vt 0.2614 0.8800
vt 0.2588 0.8800
vt 0.2236 0.7200
vt 0.2267 0.7200
vt 0.2644 0.8800
vt 0.2614 0.8800
vt 0.2267 0.7200
vt 0.2300 0.7200
vt 0.2676 0.8800
vt 0.2644 0.8800
vt 0.2300 0.7200
vt 0.2335 0.7200
vt 0.2709 0.8800
vt 0.2676 0.8800
vt 0.2335 0.7200
vt 0.2371 0.7200
vt 0.2744 0.8800
vt 0.2709 0.8800
vt 0.2371 0.7200
vt 0.2438 0.7200
vt 0.2808 0.8800
vt 0.2744 0.8800
vt 0.2438 0.7200
vt 0.2475 0.7200
vt 0.2844 0.8800
vt 0.2808 0.8800
vt 0.2475 0.7200
vt 0.2511 0.7200
vt 0.2879 0.8800
vt 0.2844 0.8800
vt 0.2511 0.7200
vt 0.2546 0.7200
vt 0.2912 0.8800
vt 0.2879 0.8800
vt 0.2546 0.7200
vt 0.2579 0.7200
vt 0.2944 0.8800
vt 0.2912 0.8800
vt 0.2579 0.7200
vt 0.2610 0.7200
vt 0.2974 0.8800
vt 0.2944 0.8800
vt 0.2610 0.7200
vt 0.2637 0.7200
vt 0.3000 0.8800
vt 0.2974 0.8800
vt 0.1384 0.7200
vt 0.1356 0.7200
vt 0.1384 0.8800
vt 0.1410 0.8800
vt 0.1356 0.7200
vt 0.1325 0.7200
vt 0.1354 0.8800
vt 0.1384 0.8800
vt 0.1325 0.7200
vt 0.1292 0.7200
vt 0.1322 0.8800
vt 0.1354 0.8800
vt 0.1292 0.7200
vt 0.1257 0.7200
vt 0.1288 0.8800
vt 0.1322 0.8800
vt 0.1257 0.7200
vt 0.1221 0.7200
vt 0.1254 0.8800
vt 0.1288 0.8800
vt 0.1221 0.7200
vt -0.1184 0.7200
vt -0.1218 0.8800
vt 0.1254 0.8800
vt -0.1184 0.7200
vt -0.1221 0.7200
vt -0.1254 0.8800
vt -0.1218 0.8800
vt -0.1221 0.7200
vt -0.1257 0.7200
vt -0.1288 0.8800
vt -0.1254 0.8800
vt -0.1257 0.7200
vt -0.1292 0.7200
vt -0.1322 0.8800
vt -0.1288 0.8800
vt -0.1292 0.7200
vt -0.1325 0.7200
vt -0.1354 0.8800
vt -0.1322 0.8800
vt -0.1325 0.7200
vt -0.1356 0.7200
vt -0.1384 0.8800
vt -0.1354 0.8800
vt -0.1356 0.7200
vt -0.1384 0.7200
vt -0.1410 0.8800
vt -0.1384 0.8800
vt 0.2637 0.7200
vt 0.2610 0.7200
vt 0.2974 0.8800
vt 0.3000 0.8800
vt 0.2610 0.7200
vt 0.2579 0.7200
vt 0.2944 0.8800
vt 0.2974 0.8800
vt 0.2579 0.7200
vt 0.2546 0.7200
vt 0.2912 0.8800
vt 0.2944 0.8800
vt 0.2546 0.7200
vt 0.2511 0.7200
vt 0.2879 0.8800
vt 0.2912 0.8800
vt 0.2511 0.7200
vt 0.2475 0.7200
vt 0.2844 0.8800
vt 0.2879 0.8800
vt 0.2475 0.7200
vt 0.2408 0.7200
vt 0.2780 0.8800
vt 0.2844 0.8800
vt 0.2408 0.7200
vt 0.2371 0.7200
vt 0.2744 0.8800
vt 0.2780 0.8800
vt 0.2371 0.7200
vt 0.2335 0.7200
vt 0.2709 0.8800
vt 0.2744 0.8800
vt 0.2335 0.7200
vt 0.2300 0.7200
vt 0.2676 0.8800
vt 0.2709 0.8800
vt 0.2300 0.7200
vt 0.2267 0.7200
vt 0.2644 0.8800
vt 0.2676 0.8800
vt 0.2267 0.7200
vt 0.2236 0.7200
vt 0.2614 0.8800
vt 0.2644 0.8800
vt 0.2236 0.7200
vt 0.2209 0.7200
vt 0.2588 0.8800
vt 0.2614 0.8800
vt -0.1384 0.7200
vt -0.1356 0.7200
vt -0.1384 0.8800
vt -0.1410 0.8800
vt -0.1356 0.7200
vt -0.1325 0.7200
vt -0.1354 0.8800
vt -0.1384 0.8800
vt -0.1325 0.7200
vt -0.1292 0.7200
vt -0.1322 0.8800
vt -0.1354 0.8800
vt -0.1292 0.7200
vt -0.1257 0.7200
vt -0.1288 0.8800
vt -0.1322 0.8800
vt -0.1257 0.7200
vt -0.1221 0.7200
vt -0.1254 0.8800
vt -0.1288 0.8800
vt -0.1221 0.7200
vt 0.1184 0.7200
vt 0.1218 0.8800
vt -0.1254 0.8800
vt 0.1218 0.8800
vt 0.1254 0.8800
vt 0.1278 1.0000
vt 0.1244 1.0000
vt 0.1254 0.8800
vt 0.1288 0.8800
vt 0.1312 1.0000
vt 0.1278 1.0000
vt 0.1288 0.8800
vt 0.1322 0.8800
vt 0.1344 1.0000
vt 0.1312 1.0000
vt 0.1322 0.8800
vt 0.1354 0.8800
vt 0.1375 1.0000
vt 0.1344 1.0000
vt 0.1354 0.8800
vt 0.1384 0.8800
vt 0.1403 1.0000
vt 0.1375 1.0000
vt 0.1384 0.8800
vt 0.1410 0.8800
vt 0.1429 1.0000
vt 0.1403 1.0000
vt 0.2588 0.8800
vt 0.2614 0.8800
vt 0.2902 1.0000
vt 0.2877 1.0000
vt 0.2614 0.8800
vt 0.2644 0.8800
vt 0.2931 1.0000
vt 0.2902 1.0000
vt 0.2644 0.8800
vt 0.2676 0.8800
vt 0.2961 1.0000
vt 0.2931 1.0000
vt 0.2676 0.8800
vt 0.2709 0.8800
vt 0.2994 1.0000
vt 0.2961 1.0000
vt 0.2709 0.8800
vt 0.2744 0.8800
vt 0.3027 1.0000
vt 0.2994 1.0000
vt 0.2744 0.8800
vt 0.2808 0.8800
vt 0.3089 1.0000
vt 0.3027 1.0000
vt 0.2808 0.8800
vt 0.2844 0.8800
vt 0.3123 1.0000
vt 0.3089 1.0000
vt 0.2844 0.8800
vt 0.2879 0.8800
vt 0.3156 1.0000
vt 0.3123 1.0000
vt 0.2879 0.8800
vt 0.2912 0.8800
vt 0.3189 1.0000
vt 0.3156 1.0000
vt 0.2912 0.8800
vt 0.2944 0.8800
vt 0.3219 1.0000
vt 0.3189 1.0000
vt 0.2944 0.8800
vt 0.2974 0.8800
vt 0.3248 1.0000
vt 0.3219 1.0000
vt 0.2974 0.8800
vt 0.3000 0.8800
vt 0.3273 1.0000
vt 0.3248 1.0000
vt 0.1410 0.8800
vt 0.1384 0.8800
vt 0.1403 1.0000
vt 0.1429 1.0000
vt 0.1384 0.8800
vt 0.1354 0.8800
vt 0.1375 1.0000
vt 0.1403 1.0000
vt 0.1354 0.8800
vt 0.1322 0.8800
vt 0.1344 1.0000
vt 0.1375 1.0000
vt 0.1322 0.8800
vt 0.1288 0.8800
vt 0.1312 1.0000
vt 0.1344 1.0000
vt 0.1288 0.8800
vt 0.1254 0.8800
vt 0.1278 1.0000
vt 0.1312 1.0000
vt 0.1254 0.8800
vt -0.1218 0.8800
vt -0.1244 1.0000
vt 0.1278 1.0000
vt -0.1218 0.8800
vt -0.1254 0.8800
vt -0.1278 1.0000
vt -0.1244 1.0000
vt -0.1254 0.8800
vt -0.1288 0.8800
vt -0.1312 1.0000
vt -0.1278 1.0000
vt -0.1288 0.8800
vt -0.1322 0.8800
vt -0.1344 1.0000
vt -0.1312 1.0000
vt -0.1322 0.8800
vt -0.1354 0.8800
vt -0.1375 1.0000
vt -0.1344 1.0000
vt -0.1354 0.8800
vt -0.1384 0.8800
vt -0.1403 1.0000
vt -0.1375 1.0000
vt -0.1384 0.8800
vt -0.1410 0.8800
vt -0.1429 1.0000
vt -0.1403 1.0000
vt 0.3000 0.8800
vt 0.2974 0.8800
vt 0.3248 1.0000
vt 0.3273 1.0000
vt 0.2974 0.8800
vt 0.2944 0.8800
vt 0.3219 1.0000
vt 0.3248 1.0000
vt 0.2944 0.8800
vt 0.2912 0.8800
vt 0.3189 1.0000
vt 0.3219 1.0000
vt 0.2912 0.8800
vt 0.2879 0.8800
vt 0.3156 1.0000
vt 0.3189 1.0000
vt 0.2879 0.8800
vt 0.2844 0.8800
vt 0.3123 1.0000
vt 0.3156 1.0000
vt 0.2844 0.8800
vt 0.2780 0.8800
vt 0.3061 1.0000
vt 0.3123 1.0000
vt 0.2780 0.8800
vt 0.2744 0.8800
vt 0.3027 1.0000
vt 0.3061 1.0000
vt 0.2744 0.8800
vt 0.2709 0.8800
vt 0.2994 1.0000
vt 0.3027 1.0000
vt 0.2709 0.8800
vt 0.2676 0.8800
vt 0.2961 1.0000
vt 0.2994 1.0000
vt 0.2676 0.8800
vt 0.2644 0.8800
vt 0.2931 1.0000
vt 0.2961 1.0000
vt 0.2644 0.8800
vt 0.2614 0.8800
vt 0.2902 1.0000
vt 0.2931 1.0000
vt 0.2614 0.8800
vt 0.2588 0.8800
vt 0.2877 1.0000
vt 0.2902 1.0000
vt -0.1410 0.8800
vt -0.1384 0.8800
vt -0.1403 1.0000
vt -0.1429 1.0000
vt -0.1384 0.8800
vt -0.1354 0.8800
vt -0.1375 1.0000
vt -0.1403 1.0000
vt -0.1354 0.8800
vt -0.1322 0.8800
vt -0.1344 1.0000
vt -0.1375 1.0000
vt -0.1322 0.8800
vt -0.1288 0.8800
vt -0.1312 1.0000
vt -0.1344 1.0000
vt -0.1288 0.8800
vt -0.1254 0.8800
vt -0.1278 1.0000
vt -0.1312 1.0000
vt -0.1254 0.8800
vt 0.1218 0.8800
vt 0.1244 1.0000
vt -0.1278 1.0000
vt 0.1244 1.0000
vt 0.1278 1.0000
vt 0.1124 1.0800
vt 0.1091 1.0800
vt 0.1278 1.0000
vt 0.1312 1.0000
vt 0.1156 1.0800
vt 0.1124 1.0800
vt 0.1312 1.0000
vt 0.1344 1.0000
vt 0.1187 1.0800
vt 0.1156 1.0800
vt 0.1344 1.0000
vt 0.1375 1.0000
vt 0.1216 1.0800
vt 0.1187 1.0800
vt 0.1375 1.0000
vt 0.1403 1.0000
vt 0.1243 1.0800
vt 0.1216 1.0800
vt 0.1403 1.0000
vt 0.1429 1.0000
vt 0.1268 1.0800
vt 0.1243 1.0800
vt 0.2877 1.0000
vt 0.2902 1.0000
vt 0.3100 1.0800
vt 0.3075 1.0800
vt 0.2902 1.0000
vt 0.2931 1.0000
vt 0.3127 1.0800
vt 0.3100 1.0800
vt 0.2931 1.0000
vt 0.2961 1.0000
vt 0.3157 1.0800
vt 0.3127 1.0800
vt 0.2961 1.0000
vt 0.2994 1.0000
vt 0.3188 1.0800
vt 0.3157 1.0800
vt 0.2994 1.0000
vt 0.3027 1.0000
vt 0.3220 1.0800
vt 0.3188 1.0800
vt 0.3027 1.0000
vt 0.3089 1.0000
vt 0.3279 1.0800
vt 0.3220 1.0800
vt 0.3089 1.0000
vt 0.3123 1.0000
vt 0.3312 1.0800
vt 0.3279 1.0800
vt 0.3123 1.0000
vt 0.3156 1.0000
vt 0.3344 1.0800
vt 0.3312 1.0800
vt 0.3156 1.0000
vt 0.3189 1.0000
vt 0.3375 1.0800
vt 0.3344 1.0800
vt 0.3189 1.0000
vt 0.3219 1.0000
vt 0.3405 1.0800
vt 0.3375 1.0800
vt 0.3219 1.0000
vt 0.3248 1.0000
vt 0.3432 1.0800
vt 0.3405 1.0800
vt 0.3248 1.0000
vt 0.3273 1.0000
vt 0.3457 1.0800
vt 0.3432 1.0800
vt 0.1429 1.0000
vt 0.1403 1.0000
vt 0.1243 1.0800
vt 0.1268 1.0800
vt 0.1403 1.0000
vt 0.1375 1.0000
vt 0.1216 1.0800
vt 0.1243 1.0800
vt 0.1375 1.0000
vt 0.1344 1.0000
vt 0.1187 1.0800
vt 0.1216 1.0800
vt 0.1344 1.0000
vt 0.1312 1.0000
vt 0.1156 1.0800
vt 0.1187 1.0800
vt 0.1312 1.0000
vt 0.1278 1.0000
vt 0.1124 1.0800
vt 0.1156 1.0800
vt 0.1278 1.0000
vt -0.1244 1.0000
vt -0.1091 1.0800
vt 0.1124 1.0800
vt -0.1244 1.0000
vt -0.1278 1.0000
vt -0.1124 1.0800
vt -0.1091 1.0800
vt -0.1278 1.0000
vt -0.1312 1.0000
vt -0.1156 1.0800
vt -0.1124 1.0800
vt -0.1312 1.0000
vt -0.1344 1.0000
vt -0.1187 1.0800
vt -0.1156 1.0800
vt -0.1344 1.0000
vt -0.1375 1.0000
vt -0.1216 1.0800
vt -0.1187 1.0800
vt -0.1375 1.0000
vt -0.1403 1.0000
vt -0.1243 1.0800
vt -0.1216 1.0800
vt -0.1403 1.0000
vt -0.1429 1.0000
vt -0.1268 1.0800
vt -0.1243 1.0800
vt 0.3273 1.0000
vt 0.3248 1.0000
vt 0.3432 1.0800
vt 0.3457 1.0800
vt 0.3248 1.0000
vt 0.3219 1.0000
vt 0.3405 1.0800
vt 0.3432 1.0800
vt 0.3219 1.0000
vt 0.3189 1.0000
vt 0.3375 1.0800
vt 0.3405 1.0800
vt 0.3189 1.0000
vt 0.3156 1.0000
vt 0.3344 1.0800
vt 0.3375 1.0800
vt 0.3156 1.0000
vt 0.3123 1.0000
vt 0.3312 1.0800
vt 0.3344 1.0800
vt 0.3123 1.0000
vt 0.3061 1.0000
vt 0.3253 1.0800
vt 0.3312 1.0800
vt 0.3061 1.0000
vt 0.3027 1.0000
vt 0.3220 1.0800
vt 0.3253 1.0800
vt 0.3027 1.0000
vt 0.2994 1.0000
vt 0.3188 1.0800
vt 0.3220 1.0800
vt 0.2994 1.0000
vt 0.2961 1.0000
vt 0.3157 1.0800
vt 0.3188 1.0800
vt 0.2961 1.0000
vt 0.2931 1.0000
vt 0.3127 1.0800
vt 0.3157 1.0800
vt 0.2931 1.0000
vt 0.2902 1.0000
vt 0.3100 1.0800
vt 0.3127 1.0800
vt 0.2902 1.0000
vt 0.2877 1.0000
vt 0.3075 1.0800
vt 0.3100 1.0800
vt -0.1429 1.0000
vt -0.1403 1.0000
vt -0.1243 1.0800
vt -0.1268 1.0800
vt -0.1403 1.0000
vt -0.1375 1.0000
vt -0.1216 1.0800
vt -0.1243 1.0800
vt -0.1375 1.0000
vt -0.1344 1.0000
vt -0.1187 1.0800
vt -0.1216 1.0800
vt -0.1344 1.0000
vt -0.1312 1.0000
vt -0.1156 1.0800
vt -0.1187 1.0800
vt -0.1312 1.0000
vt -0.1278 1.0000
vt -0.1124 1.0800
vt -0.1156 1.0800
vt -0.1278 1.0000
vt 0.1244 1.0000
vt 0.1091 1.0800
vt -0.1124 1.0800
vt 0.3002 0.1091
vt 0.3004 0.1124
vt 0.3266 -0.0000
vt 0.3004 0.1124
vt 0.3011 0.1156
vt 0.3266 -0.0000
vt 0.3011 0.1156
vt 0.3021 0.1187
vt 0.3266 -0.0000
vt 0.3021 0.1187
vt 0.3036 0.1216
vt 0.3266 -0.0000
vt 0.3036 0.1216
vt 0.3054 0.1243
vt 0.3266 -0.0000
vt 0.3054 0.1243
vt 0.3075 0.1268
vt 0.3266 -0.0000
vt 0.3075 0.1268
vt 0.3100 0.1290
vt 0.3266 -0.0000
vt 0.3100 0.1290
vt 0.3127 0.1308
vt 0.3266 -0.0000
vt 0.3127 0.1308
vt 0.3157 0.1323
vt 0.3266 -0.0000
vt 0.3157 0.1323
vt 0.3188 0.1333
vt 0.3266 -0.0000
vt 0.3188 0.1333
vt 0.3220 0.1339
vt 0.3266 -0.0000
vt 0.3220 0.1339
vt 0.3279 0.1342
vt 0.3266 -0.0000
vt 0.3279 0.1342
vt 0.3312 0.1339
vt 0.3266 -0.0000
vt 0.3312 0.1339
vt 0.3344 0.1333
vt 0.3266 -0.0000
vt 0.3344 0.1333
vt 0.3375 0.1323
vt 0.3266 -0.0000
vt 0.3375 0.1323
vt 0.3405 0.1308
vt 0.3266 -0.0000
vt 0.3405 0.1308
vt 0.3432 0.1290
vt 0.3266 -0.0000
vt 0.3432 0.1290
vt 0.3457 0.1268
vt 0.3266 -0.0000
vt 0.3457 0.1268
vt 0.3478 0.1243
vt 0.3266 -0.0000
vt 0.3478 0.1243
vt 0.3496 0.1216
vt 0.3266 -0.0000
vt 0.3496 0.1216
vt 0.3511 0.1187
vt 0.3266 -0.0000
vt 0.3511 0.1187
vt 0.3521 0.1156
vt 0.3266 -0.0000
vt 0.3521 0.1156
vt 0.3528 0.1124
vt 0.3266 -0.0000
vt 0.3528 0.1124
vt 0.3530 -0.1091
vt 0.3266 -0.0000
vt 0.3530 -0.1091
vt 0.3528 -0.1124
vt 0.3266 -0.0000
vt 0.3528 -0.1124
vt 0.3521 -0.1156
vt 0.3266 -0.0000
vt 0.3521 -0.1156
vt 0.3511 -0.1187
vt 0.3266 -0.0000
vt 0.3511 -0.1187
vt 0.3496 -0.1216
vt 0.3266 -0.0000
vt 0.3496 -0.1216
vt 0.3478 -0.1243
vt 0.3266 -0.0000
vt 0.3478 -0.1243
vt 0.3457 -0.1268
vt 0.3266 -0.0000
vt 0.3457 -0.1268
vt 0.3432 -0.1290
vt 0.3266 -0.0000
vt 0.3432 -0.1290
vt 0.3405 -0.1308
vt 0.3266 -0.0000
vt 0.3405 -0.1308
vt 0.3375 -0.1323
vt 0.3266 -0.0000
vt 0.3375 -0.1323
vt 0.3344 -0.1333
vt 0.3266 -0.0000
vt 0.3344 -0.1333
vt 0.3312 -0.1339
vt 0.3266 -0.0000
vt 0.3312 -0.1339
vt 0.3253 -0.1342
vt 0.3266 -0.0000
vt 0.3253 -0.1342
vt 0.3220 -0.1339
vt 0.3266 -0.0000
vt 0.3220 -0.1339
vt 0.3188 -0.1333
vt 0.3266 -0.0000
vt 0.3188 -0.1333
vt 0.3157 -0.1323
vt 0.3266 -0.0000
vt 0.3157 -0.1323
vt 0.3127 -0.1308
vt 0.3266 -0.0000
vt 0.3127 -0.1308
vt 0.3100 -0.1290
vt 0.3266 -0.0000
vt 0.3100 -0.1290
vt 0.3075 -0.1268
vt 0.3266 -0.0000
vt 0.3075 -0.1268
vt 0.3054 -0.1243
vt 0.3266 -0.0000
vt 0.3054 -0.1243
vt 0.3036 -0.1216
vt 0.3266 -0.0000
vt 0.3036 -0.1216
vt 0.3021 -0.1187
vt 0.3266 -0.0000
vt 0.3021 -0.1187
vt 0.3011 -0.1156
vt 0.3266 -0.0000
vt 0.3011 -0.1156
vt 0.3004 -0.1124
vt 0.3266 -0.0000
vt 0.3004 -0.1124
vt 0.3002 0.1091
vt 0.3266 -0.0000
vt 0.1397 0.1115
vt 0.1395 0.1078
vt 0.1698 0.0000
vt 0.1405 0.1152
vt 0.1397 0.1115
vt 0.1698 0.0000
vt 0.1417 0.1188
vt 0.1405 0.1152
vt 0.1698 0.0000
vt 0.1434 0.1221
vt 0.1417 0.1188
vt 0.1698 0.0000
vt 0.1454 0.1253
vt 0.1434 0.1221
vt 0.1698 0.0000
vt 0.1479 0.1281
vt 0.1454 0.1253
vt 0.1698 0.0000
vt 0.1507 0.1306
vt 0.1479 0.1281
vt 0.1698 0.0000
vt 0.1539 0.1326
vt 0.1507 0.1306
vt 0.1698 0.0000
vt 0.1572 0.1343
vt 0.1539 0.1326
vt 0.1698 0.0000
vt 0.1608 0.1355
vt 0.1572 0.1343
vt 0.1698 0.0000
vt 0.1645 0.1363
vt 0.1608 0.1355
vt 0.1698 0.0000
vt 0.1713 0.1365
vt 0.1645 0.1363
vt 0.1698 0.0000
vt 0.1750 0.1363
vt 0.1713 0.1365
vt 0.1698 0.0000
vt 0.1787 0.1355
vt 0.1750 0.1363
vt 0.1698 0.0000
vt 0.1823 0.1343
vt 0.1787 0.1355
vt 0.1698 0.0000
vt 0.1856 0.1326
vt 0.1823 0.1343
vt 0.1698 0.0000
vt 0.1888 0.1306
vt 0.1856 0.1326
vt 0.1698 0.0000
vt 0.1916 0.1281
vt 0.1888 0.1306
vt 0.1698 0.0000
vt 0.1941 0.1253
vt 0.1916 0.1281
vt 0.1698 0.0000
vt 0.1961 0.1221
vt 0.1941 0.1253
vt 0.1698 0.0000
vt 0.1978 0.1188
vt 0.1961 0.1221
vt 0.1698 0.0000
vt 0.1990 0.1152
vt 0.1978 0.1188
vt 0.1698 0.0000
vt 0.1998 0.1115
vt 0.1990 0.1152
vt 0.1698 0.0000
vt 0.2000 -0.1078
vt 0.1998 0.1115
vt 0.1698 0.0000
vt 0.1998 -0.1115
vt 0.2000 -0.1078
vt 0.1698 0.0000
vt 0.1990 -0.1152
vt 0.1998 -0.1115
vt 0.1698 0.0000
vt 0.1978 -0.1188
vt 0.1990 -0.1152
vt 0.1698 0.0000
vt 0.1961 -0.1221
vt 0.1978 -0.1188
vt 0.1698 0.0000
vt 0.1941 -0.1253
vt 0.1961 -0.1221
vt 0.1698 0.0000
vt 0.1916 -0.1281
vt 0.1941 -0.1253
vt 0.1698 0.0000
vt 0.1888 -0.1306
vt 0.1916 -0.1281
vt 0.1698 0.0000
vt 0.1856 -0.1326
vt 0.1888 -0.1306
vt 0.1698 0.0000
vt 0.1823 -0.1343
vt 0.1856 -0.1326
vt 0.1698 0.0000
vt 0.1787 -0.1355
vt 0.1823 -0.1343
vt 0.1698 0.0000
vt 0.1750 -0.1363
vt 0.1787 -0.1355
vt 0.1698 0.0000
vt 0.1682 -0.1365
vt 0.1750 -0.1363
vt 0.1698 0.0000
vt 0.1645 -0.1363
vt 0.1682 -0.1365
vt 0.1698 0.0000
vt 0.1608 -0.1355
vt 0.1645 -0.1363
vt 0.1698 0.0000
vt 0.1572 -0.1343
vt 0.1608 -0.1355
vt 0.1698 0.0000
vt 0.1539 -0.1326
vt 0.1572 -0.1343
vt 0.1698 0.0000
vt 0.1507 -0.1306
vt 0.1539 -0.1326
vt 0.1698 0.0000
vt 0.1479 -0.1281
vt 0.1507 -0.1306
vt 0.1698 0.0000
vt 0.1454 -0.1253
vt 0.1479 -0.1281
vt 0.1698 0.0000
vt 0.1434 -0.1221
vt 0.1454 -0.1253
vt 0.1698 0.0000
vt 0.1417 -0.1188
vt 0.1434 -0.1221
vt 0.1698 0.0000
vt 0.1405 -0.1152
vt 0.1417 -0.1188
vt 0.1698 0.0000
vt 0.1397 -0.1115
vt 0.1405 -0.1152
vt 0.1698 0.0000
vt 0.1395 0.1078
vt 0.1397 -0.1115
vt 0.1698 0.0000
f 927/2409 928/2410 976/2411 975/2412
f 928/2413 929/2414 977/2415 976/2416
f 929/2417 930/2418 978/2419 977/2420
f 930/2421 931/2422 979/2423 978/2424
f 931/2425 932/2426 980/2427 979/2428
f 932/2429 933/2430 981/2431 980/2432
f 933/2433 934/2434 982/2435 981/2436
f 934/2437 935/2438 983/2439 982/2440
f 935/2441 936/2442 984/2443 983/2444
f 936/2445 937/2446 985/2447 984/2448
f 937/2449 938/2450 986/2451 985/2452
f 938/2453 939/2454 987/2455 986/2456
f 939/2457 940/2458 988/2459 987/2460
f 940/2461 941/2462 989/2463 988/2464
f 941/2465 942/2466 990/2467 989/2468
f 942/2469 943/2470 991/2471 990/2472
f 943/2473 944/2474 992/2475 991/2476
f 944/2477 945/2478 993/2479 992/2480
f 945/2481 946/2482 994/2483 993/2484
f 946/2485 947/2486 995/2487 994/2488
f 947/2489 948/2490 996/2491 995/2492
f 948/2493 949/2494 997/2495 996/2496
f 949/2497 950/2498 998/2499 997/2500
f 950/2501 951/2502 999/2503 998/2504
f 951/2505 952/2506 1000/2507 999/2508
f 952/2509 953/2510 1001/2511 1000/2512
f 953/2513 954/2514 1002/2515 1001/2516
f 954/2517 955/2518 1003/2519 1002/2520
f 955/2521 956/2522 1004/2523 1003/2524
f 956/2525 957/2526 1005/2527 1004/2528
f 957/2529 958/2530 1006/2531 1005/2532
f 958/2533 959/2534 1007/2535 1006/2536
f 959/2537 960/2538 1008/2539 1007/2540
f 960/2541 961/2542 1009/2543 1008/2544
f 961/2545 962/2546 1010/2547 1009/2548
f 962/2549 963/2550 1011/2551 1010/2552
f 963/2553 964/2554 1012/2555 1011/2556
f 964/2557 965/2558 1013/2559 1012/2560
f 965/2561 966/2562 1014/2563 1013/2564
f 966/2565 967/2566 1015/2567 1014/2568
f 967/2569 968/2570 1016/2571 1015/2572
f 968/2573 969/2574 1017/2575 1016/2576
f 969/2577 970/2578 1018/2579 1017/2580
f 970/2581 971/2582 1019/2583 1018/2584
f 971/2585 972/2586 1020/2587 1019/2588
f 972/2589 973/2590 1021/2591 1020/2592
f 973/2593 974/2594 1022/2595 1021/2596
f 974/2597 927/2598 975/2599 1022/2600
f 1023/2601 1024/2602 1072/2603 1071/2604
f 1024/2605 1025/2606 1073/2607 1072/2608
f 1025/2609 1026/2610 1074/2611 1073/2612
f 1026/2613 1027/2614 1075/2615 1074/2616
f 1027/2617 1028/2618 1076/2619 1075/2620
f 1028/2621 1029/2622 1077/2623 1076/2624
f 1029/2625 1030/2626 1078/2627 1077/2628
f 1030/2629 1031/2630 1079/2631 1078/2632
f 1031/2633 1032/2634 1080/2635 1079/2636
f 1032/2637 1033/2638 1081/2639 1080/2640
f 1033/2641 1034/2642 1082/2643 1081/2644
f 1034/2645 1035/2646 1083/2647 1082/2648
f 1035/2649 1036/2650 1084/2651 1083/2652
f 1036/2653 1037/2654 1085/2655 1084/2656
f 1037/2657 1038/2658 1086/2659 1085/2660
f 1038/2661 1039/2662 1087/2663 1086/2664
f 1039/2665 1040/2666 1088/2667 1087/2668
f 1040/2669 1041/2670 1089/2671 1088/2672
f 1041/2673 1042/2674 1090/2675 1089/2676
f 1042/2677 1043/2678 1091/2679 1090/2680
f 1043/2681 1044/2682 1092/2683 1091/2684
f 1044/2685 1045/2686 1093/2687 1092/2688
f 1045/2689 1046/2690 1094/2691 1093/2692
f 1046/2693 1047/2694 1095/2695 1094/2696
f 1047/2697 1048/2698 1096/2699 1095/2700
f 1048/2701 1049/2702 1097/2703 1096/2704
f 1049/2705 1050/2706 1098/2707 1097/2708
f 1050/2709 1051/2710 1099/2711 1098/2712
f 1051/2713 1052/2714 1100/2715 1099/2716
f 1052/2717 1053/2718 1101/2719 1100/2720
f 1053/2721 1054/2722 1102/2723 1101/2724
f 1054/2725 1055/2726 1103/2727 1102/2728
f 1055/2729 1056/2730 1104/2731 1103/2732
f 1056/2733 1057/2734 1105/2735 1104/2736
f 1057/2737 1058/2738 1106/2739 1105/2740
f 1058/2741 1059/2742 1107/2743 1106/2744
f 1059/2745 1060/2746 1108/2747 1107/2748
f 1060/2749 1061/2750 1109/2751 1108/2752
f 1061/2753 1062/2754 1110/2755 1109/2756
f 1062/2757 1063/2758 1111/2759 1110/2760
f 1063/2761 1064/2762 1112/2763 1111/2764
f 1064/2765 1065/2766 1113/2767 1112/2768
f 1065/2769 1066/2770 1114/2771 1113/2772
f 1066/2773 1067/2774 1115/2775 1114/2776
f 1067/2777 1068/2778 1116/2779 1115/2780
f 1068/2781 1069/2782 1117/2783 1116/2784
f 1069/2785 1070/2786 1118/2787 1117/2788
f 1070/2789 1023/2790 1071/2791 1118/2792
f 1119/2793 1120/2794 1168/2795 1167/2796
f 1120/2797 1121/2798 1169/2799 1168/2800
f 1121/2801 1122/2802 1170/2803 1169/2804
f 1122/2805 1123/2806 1171/2807 1170/2808
f 1123/2809 1124/2810 1172/2811 1171/2812
f 1124/2813 1125/2814 1173/2815 1172/2816
f 1125/2817 1126/2818 1174/2819 1173/2820
f 1126/2821 1127/2822 1175/2823 1174/2824
f 1127/2825 1128/2826 1176/2827 1175/2828
f 1128/2829 1129/2830 1177/2831 1176/2832
f 1129/2833 1130/2834 1178/2835 1177/2836
f 1130/2837 1131/2838 1179/2839 1178/2840
f 1131/2841 1132/2842 1180/2843 1179/2844
f 1132/2845 1133/2846 1181/2847 1180/2848
f 1133/2849 1134/2850 1182/2851 1181/2852
f 1134/2853 1135/2854 1183/2855 1182/2856
f 1135/2857 1136/2858 1184/2859 1183/2860
f 1136/2861 1137/2862 1185/2863 1184/2864
f 1137/2865 1138/2866 1186/2867 1185/2868
f 1138/2869 1139/2870 1187/2871 1186/2872
f 1139/2873 1140/2874 1188/2875 1187/2876
f 1140/2877 1141/2878 1189/2879 1188/2880
f 1141/2881 1142/2882 1190/2883 1189/2884
f 1142/2885 1143/2886 1191/2887 1190/2888
f 1143/2889 1144/2890 1192/2891 1191/2892
f 1144/2893 1145/2894 1193/2895 1192/2896
f 1145/2897 1146/2898 1194/2899 1193/2900
f 1146/2901 1147/2902 1195/2903 1194/2904
f 1147/2905 1148/2906 1196/2907 1195/2908
f 1148/2909 1149/2910 1197/2911 1196/2912
f 1149/2913 1150/2914 1198/2915 1197/2916
f 1150/2917 1151/2918 1199/2919 1198/2920
f 1151/2921 1152/2922 1200/2923 1199/2924
f 1152/2925 1153/2926 1201/2927 1200/2928
f 1153/2929 1154/2930 1202/2931 1201/2932
f 1154/2933 1155/2934 1203/2935 1202/2936
f 1155/2937 1156/2938 1204/2939 1203/2940
f 1156/2941 1157/2942 1205/2943 1204/2944
f 1157/2945 1158/2946 1206/2947 1205/2948
f 1158/2949 1159/2950 1207/2951 1206/2952
f 1159/2953 1160/2954 1208/2955 1207/2956
f 1160/2957 1161/2958 1209/2959 1208/2960
f 1161/2961 1162/2962 1210/2963 1209/2964
f 1162/2965 1163/2966 1211/2967 1210/2968
f 1163/2969 1164/2970 1212/2971 1211/2972
f 1164/2973 1165/2974 1213/2975 1212/2976
f 1165/2977 1166/2978 1214/2979 1213/2980
f 1166/2981 1119/2982 1167/2983 1214/2984
f 1215/2985 1216/2986 1264/2987 1263/2988
f 1216/2989 1217/2990 1265/2991 1264/2992
f 1217/2993 1218/2994 1266/2995 1265/2996
f 1218/2997 1219/2998 1267/2999 1266/3000
f 1219/3001 1220/3002 1268/3003 1267/3004
f 1220/3005 1221/3006 1269/3007 1268/3008
f 1221/3009 1222/3010 1270/3011 1269/3012
f 1222/3013 1223/3014 1271/3015 1270/3016
f 1223/3017 1224/3018 1272/3019 1271/3020
f 1224/3021 1225/3022 1273/3023 1272/3024
f 1225/3025 1226/3026 1274/3027 1273/3028
f 1226/3029 1227/3030 1275/3031 1274/3032
f 1227/3033 1228/3034 1276/3035 1275/3036
f 1228/3037 1229/3038 1277/3039 1276/3040
f 1229/3041 1230/3042 1278/3043 1277/3044
f 1230/3045 1231/3046 1279/3047 1278/3048
f 1231/3049 1232/3050 1280/3051 1279/3052
f 1232/3053 1233/3054 1281/3055 1280/3056
f 1233/3057 1234/3058 1282/3059 1281/3060
f 1234/3061 1235/3062 1283/3063 1282/3064
f 1235/3065 1236/3066 1284/3067 1283/3068
f 1236/3069 1237/3070 1285/3071 1284/3072
f 1237/3073 1238/3074 1286/3075 1285/3076
f 1238/3077 1239/3078 1287/3079 1286/3080
f 1239/3081 1240/3082 1288/3083 1287/3084
f 1240/3085 1241/3086 1289/3087 1288/3088
f 1241/3089 1242/3090 1290/3091 1289/3092
f 1242/3093 1243/3094 1291/3095 1290/3096
f 1243/3097 1244/3098 1292/3099 1291/3100
f 1244/3101 1245/3102 1293/3103 1292/3104
f 1245/3105 1246/3106 1294/3107 1293/3108
f 1246/3109 1247/3110 1295/3111 1294/3112
f 1247/3113 1248/3114 1296/3115 1295/3116
f 1248/3117 1249/3118 1297/3119 1296/3120
f 1249/3121 1250/3122 1298/3123 1297/3124
f 1250/3125 1251/3126 1299/3127 1298/3128
f 1251/3129 1252/3130 1300/3131 1299/3132
f 1252/3133 1253/3134 1301/3135 1300/3136
f 1253/3137 1254/3138 1302/3139 1301/3140
f 1254/3141 1255/3142 1303/3143 1302/3144
f 1255/3145 1256/3146 1304/3147 1303/3148
f 1256/3149 1257/3150 1305/3151 1304/3152
f 1257/3153 1258/3154 1306/3155 1305/3156
f 1258/3157 1259/3158 1307/3159 1306/3160
f 1259/3161 1260/3162 1308/3163 1307/3164
f 1260/3165 1261/3166 1309/3167 1308/3168
f 1261/3169 1262/3170 1310/3171 1309/3172
f 1262/3173 1215/3174 1263/3175 1310/3176
f 1311/3177 1312/3178 1360/3179 1359/3180
f 1312/3181 1313/3182 1361/3183 1360/3184
f 1313/3185 1314/3186 1362/3187 1361/3188
f 1314/3189 1315/3190 1363/3191 1362/3192
f 1315/3193 1316/3194 1364/3195 1363/3196
f 1316/3197 1317/3198 1365/3199 1364/3200
f 1317/3201 1318/3202 1366/3203 1365/3204
f 1318/3205 1319/3206 1367/3207 1366/3208
f 1319/3209 1320/3210 1368/3211 1367/3212
f 1320/3213 1321/3214 1369/3215 1368/3216
f 1321/3217 1322/3218 1370/3219 1369/3220
f 1322/3221 1323/3222 1371/3223 1370/3224
f 1323/3225 1324/3226 1372/3227 1371/3228
f 1324/3229 1325/3230 1373/3231 1372/3232
f 1325/3233 1326/3234 1374/3235 1373/3236
f 1326/3237 1327/3238 1375/3239 1374/3240
f 1327/3241 1328/3242 1376/3243 1375/3244
f 1328/3245 1329/3246 1377/3247 1376/3248
f 1329/3249 1330/3250 1378/3251 1377/3252
f 1330/3253 1331/3254 1379/3255 1378/3256
f 1331/3257 1332/3258 1380/3259 1379/3260
f 1332/3261 1333/3262 1381/3263 1380/3264
f 1333/3265 1334/3266 1382/3267 1381/3268
f 1334/3269 1335/3270 1383/3271 1382/3272
f 1335/3273 1336/3274 1384/3275 1383/3276
f 1336/3277 1337/3278 1385/3279 1384/3280
f 1337/3281 1338/3282 1386/3283 1385/3284
f 1338/3285 1339/3286 1387/3287 1386/3288
f 1339/3289 1340/3290 1388/3291 1387/3292
f 1340/3293 1341/3294 1389/3295 1388/3296
f 1341/3297 1342/3298 1390/3299 1389/3300
f 1342/3301 1343/3302 1391/3303 1390/3304
f 1343/3305 1344/3306 1392/3307 1391/3308
f 1344/3309 1345/3310 1393/3311 1392/3312
f 1345/3313 1346/3314 1394/3315 1393/3316
f 1346/3317 1347/3318 1395/3319 1394/3320
f 1347/3321 1348/3322 1396/3323 1395/3324
f 1348/3325 1349/3326 1397/3327 1396/3328
f 1349/3329 1350/3330 1398/3331 1397/3332
f 1350/3333 1351/3334 1399/3335 1398/3336
f 1351/3337 1352/3338 1400/3339 1399/3340
f 1352/3341 1353/3342 1401/3343 1400/3344
f 1353/3345 1354/3346 1402/3347 1401/3348
f 1354/3349 1355/3350 1403/3351 1402/3352
f 1355/3353 1356/3354 1404/3355 1403/3356
f 1356/3357 1357/3358 1405/3359 1404/3360
f 1357/3361 1358/3362 1406/3363 1405/3364
f 1358/3365 1311/3366 1359/3367 1406/3368
f 1408/3369 1409/3370 1407/3371
f 1409/3372 1410/3373 1407/3374
f 1410/3375 1411/3376 1407/3377
f 1411/3378 1412/3379 1407/3380
f 1412/3381 1413/3382 1407/3383
f 1413/3384 1414/3385 1407/3386
f 1414/3387 1415/3388 1407/3389
f 1415/3390 1416/3391 1407/3392
f 1416/3393 1417/3394 1407/3395
f 1417/3396 1418/3397 1407/3398
f 1418/3399 1419/3400 1407/3401
f 1419/3402 1420/3403 1407/3404
f 1420/3405 1421/3406 1407/3407
f 1421/3408 1422/3409 1407/3410
f 1422/3411 1423/3412 1407/3413
f 1423/3414 1424/3415 1407/3416
f 1424/3417 1425/3418 1407/3419
f 1425/3420 1426/3421 1407/3422
f 1426/3423 1427/3424 1407/3425
f 1427/3426 1428/3427 1407/3428
f 1428/3429 1429/3430 1407/3431
f 1429/3432 1430/3433 1407/3434
f 1430/3435 1431/3436 1407/3437
f 1431/3438 1432/3439 1407/3440
f 1432/3441 1433/3442 1407/3443
f 1433/3444 1434/3445 1407/3446
f 1434/3447 1435/3448 1407/3449
f 1435/3450 1436/3451 1407/3452
f 1436/3453 1437/3454 1407/3455
f 1437/3456 1438/3457 1407/3458
f 1438/3459 1439/3460 1407/3461
f 1439/3462 1440/3463 1407/3464
f 1440/3465 1441/3466 1407/3467
f 1441/3468 1442/3469 1407/3470
f 1442/3471 1443/3472 1407/3473
f 1443/3474 1444/3475 1407/3476
f 1444/3477 1445/3478 1407/3479
f 1445/3480 1446/3481 1407/3482
f 1446/3483 1447/3484 1407/3485
f 1447/3486 1448/3487 1407/3488
f 1448/3489 1449/3490 1407/3491
f 1449/3492 1450/3493 1407/3494
f 1450/3495 1451/3496 1407/3497
f 1451/3498 1452/3499 1407/3500
f 1452/3501 1453/3502 1407/3503
f 1453/3504 1454/3505 1407/3506
f 1454/3507 1455/3508 1407/3509
f 1455/3510 1408/3511 1407/3512
f 1458/3513 1457/3514 1456/3515
f 1459/3516 1458/3517 1456/3518
f 1460/3519 1459/3520 1456/3521
f 1461/3522 1460/3523 1456/3524
f 1462/3525 1461/3526 1456/3527
f 1463/3528 1462/3529 1456/3530
f 1464/3531 1463/3532 1456/3533
f 1465/3534 1464/3535 1456/3536
f 1466/3537 1465/3538 1456/3539
f 1467/3540 1466/3541 1456/3542
f 1468/3543 1467/3544 1456/3545
f 1469/3546 1468/3547 1456/3548
f 1470/3549 1469/3550 1456/3551
f 1471/3552 1470/3553 1456/3554
f 1472/3555 1471/3556 1456/3557
f 1473/3558 1472/3559 1456/3560
f 1474/3561 1473/3562 1456/3563
f 1475/3564 1474/3565 1456/3566
f 1476/3567 1475/3568 1456/3569
f 1477/3570 1476/3571 1456/3572
f 1478/3573 1477/3574 1456/3575
f 1479/3576 1478/3577 1456/3578
f 1480/3579 1479/3580 1456/3581
f 1481/3582 1480/3583 1456/3584
f 1482/3585 1481/3586 1456/3587
f 1483/3588 1482/3589 1456/3590
f 1484/3591 1483/3592 1456/3593
f 1485/3594 1484/3595 1456/3596
f 1486/3597 1485/3598 1456/3599
f 1487/3600 1486/3601 1456/3602
f 1488/3603 1487/3604 1456/3605
f 1489/3606 1488/3607 1456/3608
f 1490/3609 1489/3610 1456/3611
f 1491/3612 1490/3613 1456/3614
f 1492/3615 1491/3616 1456/3617
f 1493/3618 1492/3619 1456/3620
f 1494/3621 1493/3622 1456/3623
f 1495/3624 1494/3625 1456/3626
f 1496/3627 1495/3628 1456/3629
f 1497/3630 1496/3631 1456/3632
f 1498/3633 1497/3634 1456/3635
f 1499/3636 1498/3637 1456/3638
f 1500/3639 1499/3640 1456/3641
f 1501/3642 1500/3643 1456/3644
f 1502/3645 1501/3646 1456/3647
f 1503/3648 1502/3649 1456/3650
f 1504/3651 1503/3652 1456/3653
f 1457/3654 1504/3655 1456/3656
o Pilot_Seat_Head_L
v 0.3379 1.1090 -0.1038
v 0.3379 1.1090 -0.1038
v 0.3379 1.1090 -0.1038
v 0.3379 1.1090 -0.1038
v 0.3379 1.1090 -0.1038
v 0.3379 1.1090 -0.1038
v 0.3379 1.1090 -0.1038
v 0.3379 1.1090 -0.1038
v 0.3379 1.1090 -0.1038
v 0.3379 1.1090 -0.1038
v 0.3204 1.1143 -0.1088
v 0.3092 1.1141 -0.0660
v 0.3113 1.1132 -0.0593
v 0.3374 1.1069 -0.0518
v 0.3428 1.1060 -0.0564
v 0.3559 1.1058 -0.0986
v 0.3671 1.1060 -0.1414
v 0.3650 1.1069 -0.1481
v 0.3389 1.1132 -0.1556
v 0.3336 1.1141 -0.1510
v 0.3177 1.1182 -0.1096
v 0.3044 1.1179 -0.0587
v 0.3069 1.1169 -0.0507
v 0.3380 1.1094 -0.0418
v 0.3443 1.1083 -0.0472
v 0.3600 1.1081 -0.0974
v 0.3733 1.1083 -0.1483
v 0.3708 1.1094 -0.1563
v 0.3397 1.1169 -0.1652
v 0.3334 1.1179 -0.1598
v 0.3169 1.1241 -0.1098
v 0.3022 1.1238 -0.0539
v 0.3049 1.1227 -0.0451
v 0.3391 1.1144 -0.0353
v 0.3461 1.1133 -0.0413
v 0.3632 1.1130 -0.0965
v 0.3779 1.1133 -0.1524
v 0.3752 1.1144 -0.1612
v 0.3410 1.1227 -0.1710
v 0.3340 1.1238 -0.1650
v 0.3173 1.1327 -0.1097
v 0.3017 1.1324 -0.0504
v 0.3046 1.1311 -0.0411
v 0.3409 1.1224 -0.0307
v 0.3483 1.1212 -0.0371
v 0.3665 1.1209 -0.0956
v 0.3820 1.1212 -0.1549
v 0.3791 1.1224 -0.1642
v 0.3429 1.1311 -0.1746
v 0.3355 1.1324 -0.1682
v 0.3191 1.1451 -0.1092
v 0.3029 1.1448 -0.0477
v 0.3059 1.1435 -0.0380
v 0.3435 1.1345 -0.0272
v 0.3512 1.1332 -0.0338
v 0.3701 1.1329 -0.0945
v 0.3863 1.1332 -0.1560
v 0.3833 1.1345 -0.1657
v 0.3456 1.1435 -0.1765
v 0.3380 1.1448 -0.1699
v 0.3229 1.1649 -0.1081
v 0.3064 1.1646 -0.0453
v 0.3095 1.1633 -0.0354
v 0.3479 1.1541 -0.0244
v 0.3557 1.1527 -0.0312
v 0.3750 1.1524 -0.0931
v 0.3915 1.1527 -0.1559
v 0.3884 1.1541 -0.1658
v 0.3500 1.1633 -0.1768
v 0.3422 1.1646 -0.1701
v 0.3458 1.2688 -0.1015
v 0.3292 1.2685 -0.0383
v 0.3323 1.2671 -0.0284
v 0.3709 1.2579 -0.0173
v 0.3788 1.2565 -0.0241
v 0.3982 1.2562 -0.0865
v 0.4148 1.2565 -0.1497
v 0.4117 1.2579 -0.1596
v 0.3731 1.2671 -0.1707
v 0.3652 1.2685 -0.1639
v 0.3690 1.3726 -0.0949
v 0.3525 1.3723 -0.0321
v 0.3556 1.3709 -0.0222
v 0.3940 1.3617 -0.0112
v 0.4018 1.3604 -0.0179
v 0.4211 1.3601 -0.0799
v 0.4376 1.3604 -0.1427
v 0.4345 1.3617 -0.1526
v 0.3961 1.3709 -0.1636
v 0.3883 1.3723 -0.1568
v 0.3739 1.3921 -0.0935
v 0.3577 1.3918 -0.0320
v 0.3607 1.3905 -0.0223
v 0.3984 1.3815 -0.0115
v 0.4060 1.3802 -0.0181
v 0.4249 1.3799 -0.0788
v 0.4411 1.3802 -0.1403
v 0.4381 1.3815 -0.1500
v 0.4005 1.3905 -0.1608
v 0.3928 1.3918 -0.1542
v 0.3775 1.4041 -0.0924
v 0.3620 1.4038 -0.0331
v 0.3649 1.4026 -0.0238
v 0.4011 1.3939 -0.0134
v 0.4085 1.3926 -0.0198
v 0.4267 1.3923 -0.0783
v 0.4423 1.3926 -0.1376
v 0.4394 1.3939 -0.1469
v 0.4031 1.4026 -0.1573
v 0.3957 1.4038 -0.1509
v 0.3808 1.4120 -0.0915
v 0.3661 1.4117 -0.0356
v 0.3688 1.4106 -0.0268
v 0.4030 1.4023 -0.0170
v 0.4100 1.4012 -0.0230
v 0.4271 1.4009 -0.0782
v 0.4418 1.4012 -0.1341
v 0.4391 1.4023 -0.1429
v 0.4049 1.4106 -0.1527
v 0.3979 1.4117 -0.1467
v 0.3840 1.4169 -0.0905
v 0.3707 1.4167 -0.0397
v 0.3732 1.4156 -0.0317
v 0.4043 1.4081 -0.0228
v 0.4106 1.4071 -0.0282
v 0.4263 1.4068 -0.0784
v 0.4396 1.4071 -0.1293
v 0.4371 1.4081 -0.1373
v 0.4060 1.4156 -0.1462
v 0.3997 1.4167 -0.1408
v 0.3881 1.4192 -0.0894
v 0.3769 1.4190 -0.0466
v 0.3790 1.4181 -0.0399
v 0.4051 1.4118 -0.0324
v 0.4104 1.4109 -0.0370
v 0.4236 1.4107 -0.0792
v 0.4348 1.4109 -0.1220
v 0.4327 1.4118 -0.1287
v 0.4066 1.4181 -0.1362
v 0.4012 1.4190 -0.1316
v 0.4061 1.4160 -0.0842
v 0.4061 1.4160 -0.0842
v 0.4061 1.4160 -0.0842
v 0.4061 1.4160 -0.0842
v 0.4061 1.4160 -0.0842
v 0.4061 1.4160 -0.0842
v 0.4061 1.4160 -0.0842
v 0.4061 1.4160 -0.0842
v 0.4061 1.4160 -0.0842
v 0.4061 1.4160 -0.0842
vt 0.3379 -0.1038
vt 0.3092 -0.0660
vt 0.3204 -0.1088
vt 0.3379 -0.1038
vt 0.3379 -0.1038
vt 0.3113 -0.0593
vt 0.3092 -0.0660
vt 0.3379 -0.1038
vt 0.3379 -0.1038
vt 0.3374 -0.0518
vt 0.3113 -0.0593
vt 0.3379 -0.1038
vt 0.3379 -0.1038
vt 0.3428 -0.0564
vt 0.3374 -0.0518
vt 0.3379 -0.1038
vt 0.3379 -0.1038
vt 0.3559 -0.0986
vt 0.3428 -0.0564
vt 0.3379 -0.1038
vt 0.3379 -0.1038
vt 0.3671 -0.1414
vt 0.3559 -0.0986
vt 0.3379 -0.1038
vt 0.3379 -0.1038
vt 0.3650 -0.1481
vt 0.3671 -0.1414
vt 0.3379 -0.1038
vt 0.3379 -0.1038
vt 0.3389 -0.1556
vt 0.3650 -0.1481
vt 0.3379 -0.1038
vt 0.3379 -0.1038
vt 0.3336 -0.1510
vt 0.3389 -0.1556
vt 0.3379 -0.1038
vt 0.3379 -0.1038
vt 0.3204 -0.1088
vt 0.3336 -0.1510
vt 0.3379 -0.1038
vt -0.0660 1.1141
vt -0.0587 1.1179
vt -0.1096 1.1182
vt -0.1088 1.1143
vt 0.3113 -0.0593
vt 0.3069 -0.0507
vt 0.3044 -0.0587
vt 0.3092 -0.0660
vt 0.3374 -0.0518
vt 0.3380 -0.0418
vt 0.3069 -0.0507
vt 0.3113 -0.0593
vt 0.3428 -0.0564
vt 0.3443 -0.0472
vt 0.3380 -0.0418
vt 0.3374 -0.0518
vt 0.3559 -0.0986
vt 0.3600 -0.0974
vt 0.3443 -0.0472
vt 0.3428 -0.0564
vt 0.3671 -0.1414
vt 0.3733 -0.1483
vt 0.3600 -0.0974
vt 0.3559 -0.0986
vt 0.3650 -0.1481
vt 0.3708 -0.1563
vt 0.3733 -0.1483
vt 0.3671 -0.1414
vt 0.3389 -0.1556
vt 0.3397 -0.1652
vt 0.3708 -0.1563
vt 0.3650 -0.1481
vt 0.3336 -0.1510
vt 0.3334 -0.1598
vt 0.3397 -0.1652
vt 0.3389 -0.1556
vt -0.1088 1.1143
vt -0.1096 1.1182
vt -0.1598 1.1179
vt -0.1510 1.1141
vt -0.0587 1.1179
vt -0.0539 1.1238
vt -0.1098 1.1241
vt -0.1096 1.1182
vt -0.0507 1.1169
vt -0.0451 1.1227
vt -0.0539 1.1238
vt -0.0587 1.1179
vt 0.3380 -0.0418
vt 0.3391 -0.0353
vt 0.3049 -0.0451
vt 0.3069 -0.0507
vt 0.3443 -0.0472
vt 0.3461 -0.0413
vt 0.3391 -0.0353
vt 0.3380 -0.0418
vt -0.0974 1.1081
vt -0.0965 1.1130
vt -0.0413 1.1133
vt -0.0472 1.1083
vt -0.1483 1.1083
vt -0.1524 1.1133
vt -0.0965 1.1130
vt -0.0974 1.1081
vt 0.3708 -0.1563
vt 0.3752 -0.1612
vt 0.3779 -0.1524
vt 0.3733 -0.1483
vt 0.3397 -0.1652
vt 0.3410 -0.1710
vt 0.3752 -0.1612
vt 0.3708 -0.1563
vt 0.3334 1.1179
vt 0.3340 1.1238
vt 0.3410 1.1227
vt 0.3397 1.1169
vt -0.1096 1.1182
vt -0.1098 1.1241
vt -0.1650 1.1238
vt -0.1598 1.1179
vt -0.0539 1.1238
vt -0.0504 1.1324
vt -0.1097 1.1327
vt -0.1098 1.1241
vt -0.0451 1.1227
vt -0.0411 1.1311
vt -0.0504 1.1324
vt -0.0539 1.1238
vt 0.3391 1.1144
vt 0.3409 1.1224
vt 0.3046 1.1311
vt 0.3049 1.1227
vt 0.3461 1.1133
vt 0.3483 1.1212
vt 0.3409 1.1224
vt 0.3391 1.1144
vt -0.0965 1.1130
vt -0.0956 1.1209
vt -0.0371 1.1212
vt -0.0413 1.1133
vt -0.1524 1.1133
vt -0.1549 1.1212
vt -0.0956 1.1209
vt -0.0965 1.1130
vt -0.1612 1.1144
vt -0.1642 1.1224
vt -0.1549 1.1212
vt -0.1524 1.1133
vt 0.3410 1.1227
vt 0.3429 1.1311
vt 0.3791 1.1224
vt 0.3752 1.1144
vt 0.3340 1.1238
vt 0.3355 1.1324
vt 0.3429 1.1311
vt 0.3410 1.1227
vt -0.1098 1.1241
vt -0.1097 1.1327
vt -0.1682 1.1324
vt -0.1650 1.1238
vt -0.0504 1.1324
vt -0.0477 1.1448
vt -0.1092 1.1451
vt -0.1097 1.1327
vt -0.0411 1.1311
vt -0.0380 1.1435
vt -0.0477 1.1448
vt -0.0504 1.1324
vt 0.3409 1.1224
vt 0.3435 1.1345
vt 0.3059 1.1435
vt 0.3046 1.1311
vt 0.3483 1.1212
vt 0.3512 1.1332
vt 0.3435 1.1345
vt 0.3409 1.1224
vt -0.0956 1.1209
vt -0.0945 1.1329
vt -0.0338 1.1332
vt -0.0371 1.1212
vt -0.1549 1.1212
vt -0.1560 1.1332
vt -0.0945 1.1329
vt -0.0956 1.1209
vt -0.1642 1.1224
vt -0.1657 1.1345
vt -0.1560 1.1332
vt -0.1549 1.1212
vt 0.3429 1.1311
vt 0.3456 1.1435
vt 0.3833 1.1345
vt 0.3791 1.1224
vt 0.3355 1.1324
vt 0.3380 1.1448
vt 0.3456 1.1435
vt 0.3429 1.1311
vt -0.1097 1.1327
vt -0.1092 1.1451
vt -0.1699 1.1448
vt -0.1682 1.1324
vt -0.0477 1.1448
vt -0.0453 1.1646
vt -0.1081 1.1649
vt -0.1092 1.1451
vt -0.0380 1.1435
vt -0.0354 1.1633
vt -0.0453 1.1646
vt -0.0477 1.1448
vt 0.3435 1.1345
vt 0.3479 1.1541
vt 0.3095 1.1633
vt 0.3059 1.1435
vt 0.3512 1.1332
vt 0.3557 1.1527
vt 0.3479 1.1541
vt 0.3435 1.1345
vt -0.0945 1.1329
vt -0.0931 1.1524
vt -0.0312 1.1527
vt -0.0338 1.1332
vt -0.1560 1.1332
vt -0.1559 1.1527
vt -0.0931 1.1524
vt -0.0945 1.1329
vt -0.1657 1.1345
vt -0.1658 1.1541
vt -0.1559 1.1527
vt -0.1560 1.1332
vt 0.3456 1.1435
vt 0.3500 1.1633
vt 0.3884 1.1541
vt 0.3833 1.1345
vt 0.3380 1.1448
vt 0.3422 1.1646
vt 0.3500 1.1633
vt 0.3456 1.1435
vt -0.1092 1.1451
vt -0.1081 1.1649
vt -0.1701 1.1646
vt -0.1699 1.1448
vt -0.0453 1.1646
vt -0.0383 1.2685
vt -0.1015 1.2688
vt -0.1081 1.1649
vt -0.0354 1.1633
vt -0.0284 1.2671
vt -0.0383 1.2685
vt -0.0453 1.1646
vt 0.3479 1.1541
vt 0.3709 1.2579
vt 0.3323 1.2671
vt 0.3095 1.1633
vt 0.3557 1.1527
vt 0.3788 1.2565
vt 0.3709 1.2579
vt 0.3479 1.1541
vt -0.0931 1.1524
vt -0.0865 1.2562
vt -0.0241 1.2565
vt -0.0312 1.1527
vt -0.1559 1.1527
vt -0.1497 1.2565
vt -0.0865 1.2562
vt -0.0931 1.1524
vt -0.1658 1.1541
vt -0.1596 1.2579
vt -0.1497 1.2565
vt -0.1559 1.1527
vt 0.3500 1.1633
vt 0.3731 1.2671
vt 0.4117 1.2579
vt 0.3884 1.1541
vt 0.3422 1.1646
vt 0.3652 1.2685
vt 0.3731 1.2671
vt 0.3500 1.1633
vt -0.1081 1.1649
vt -0.1015 1.2688
vt -0.1639 1.2685
vt -0.1701 1.1646
vt -0.0383 1.2685
vt -0.0321 1.3723
vt -0.0949 1.3726
vt -0.1015 1.2688
vt -0.0284 1.2671
vt -0.0222 1.3709
vt -0.0321 1.3723
vt -0.0383 1.2685
vt 0.3709 1.2579
vt 0.3940 1.3617
vt 0.3556 1.3709
vt 0.3323 1.2671
vt 0.3788 1.2565
vt 0.4018 1.3604
vt 0.3940 1.3617
vt 0.3709 1.2579
vt -0.0865 1.2562
vt -0.0799 1.3601
vt -0.0179 1.3604
vt -0.0241 1.2565
vt -0.1497 1.2565
vt -0.1427 1.3604
vt -0.0799 1.3601
vt -0.0865 1.2562
vt -0.1596 1.2579
vt -0.1526 1.3617
vt -0.1427 1.3604
vt -0.1497 1.2565
vt 0.3731 1.2671
vt 0.3961 1.3709
vt 0.4345 1.3617
vt 0.4117 1.2579
vt 0.3652 1.2685
vt 0.3883 1.3723
vt 0.3961 1.3709
vt 0.3731 1.2671
vt -0.1015 1.2688
vt -0.0949 1.3726
vt -0.1568 1.3723
vt -0.1639 1.2685
vt -0.0321 1.3723
vt -0.0320 1.3918
vt -0.0935 1.3921
vt -0.0949 1.3726
vt -0.0222 1.3709
vt -0.0223 1.3905
vt -0.0320 1.3918
vt -0.0321 1.3723
vt 0.3940 1.3617
vt 0.3984 1.3815
vt 0.3607 1.3905
vt 0.3556 1.3709
vt 0.4018 1.3604
vt 0.4060 1.3802
vt 0.3984 1.3815
vt 0.3940 1.3617
vt -0.0799 1.3601
vt -0.0788 1.3799
vt -0.0181 1.3802
vt -0.0179 1.3604
vt -0.1427 1.3604
vt -0.1403 1.3802
vt -0.0788 1.3799
vt -0.0799 1.3601
vt -0.1526 1.3617
vt -0.1500 1.3815
vt -0.1403 1.3802
vt -0.1427 1.3604
vt 0.3961 1.3709
vt 0.4005 1.3905
vt 0.4381 1.3815
vt 0.4345 1.3617
vt 0.3883 1.3723
vt 0.3928 1.3918
vt 0.4005 1.3905
vt 0.3961 1.3709
vt -0.0949 1.3726
vt -0.0935 1.3921
vt -0.1542 1.3918
vt -0.1568 1.3723
vt -0.0320 1.3918
vt -0.0331 1.4038
vt -0.0924 1.4041
vt -0.0935 1.3921
vt -0.0223 1.3905
vt -0.0238 1.4026
vt -0.0331 1.4038
vt -0.0320 1.3918
vt 0.3984 1.3815
vt 0.4011 1.3939
vt 0.3649 1.4026
vt 0.3607 1.3905
vt 0.4060 1.3802
vt 0.4085 1.3926
vt 0.4011 1.3939
vt 0.3984 1.3815
vt -0.0788 1.3799
vt -0.0783 1.3923
vt -0.0198 1.3926
vt -0.0181 1.3802
vt -0.1403 1.3802
vt -0.1376 1.3926
vt -0.0783 1.3923
vt -0.0788 1.3799
vt -0.1500 1.3815
vt -0.1469 1.3939
vt -0.1376 1.3926
vt -0.1403 1.3802
vt 0.4005 1.3905
vt 0.4031 1.4026
vt 0.4394 1.3939
vt 0.4381 1.3815
vt 0.3928 1.3918
vt 0.3957 1.4038
vt 0.4031 1.4026
vt 0.4005 1.3905
vt -0.0935 1.3921
vt -0.0924 1.4041
vt -0.1509 1.4038
vt -0.1542 1.3918
vt -0.0331 1.4038
vt -0.0356 1.4117
vt -0.0915 1.4120
vt -0.0924 1.4041
vt -0.0238 1.4026
vt -0.0268 1.4106
vt -0.0356 1.4117
vt -0.0331 1.4038
vt 0.4011 1.3939
vt 0.4030 1.4023
vt 0.3688 1.4106
vt 0.3649 1.4026
vt 0.4085 1.3926
vt 0.4100 1.4012
vt 0.4030 1.4023
vt 0.4011 1.3939
vt -0.0783 1.3923
vt -0.0782 1.4009
vt -0.0230 1.4012
vt -0.0198 1.3926
vt -0.1376 1.3926
vt -0.1341 1.4012
vt -0.0782 1.4009
vt -0.0783 1.3923
vt -0.1469 1.3939
vt -0.1429 1.4023
vt -0.1341 1.4012
vt -0.1376 1.3926
vt 0.4031 1.4026
vt 0.4049 1.4106
vt 0.4391 1.4023
vt 0.4394 1.3939
vt 0.3957 1.4038
vt 0.3979 1.4117
vt 0.4049 1.4106
vt 0.4031 1.4026
vt -0.0924 1.4041
vt -0.0915 1.4120
vt -0.1467 1.4117
vt -0.1509 1.4038
vt -0.0356 1.4117
vt -0.0397 1.4167
vt -0.0905 1.4169
vt -0.0915 1.4120
vt 0.3688 -0.0268
vt 0.3732 -0.0317
vt 0.3707 -0.0397
vt 0.3661 -0.0356
vt 0.4030 -0.0170
vt 0.4043 -0.0228
vt 0.3732 -0.0317
vt 0.3688 -0.0268
vt 0.4100 1.4012
vt 0.4106 1.4071
vt 0.4043 1.4081
vt 0.4030 1.4023
vt -0.0782 1.4009
vt -0.0784 1.4068
vt -0.0282 1.4071
vt -0.0230 1.4012
vt -0.1341 1.4012
vt -0.1293 1.4071
vt -0.0784 1.4068
vt -0.0782 1.4009
vt -0.1429 1.4023
vt -0.1373 1.4081
vt -0.1293 1.4071
vt -0.1341 1.4012
vt 0.4049 -0.1527
vt 0.4060 -0.1462
vt 0.4371 -0.1373
vt 0.4391 -0.1429
vt 0.3979 -0.1467
vt 0.3997 -0.1408
vt 0.4060 -0.1462
vt 0.4049 -0.1527
vt -0.0915 1.4120
vt -0.0905 1.4169
vt -0.1408 1.4167
vt -0.1467 1.4117
vt 0.3707 -0.0397
vt 0.3769 -0.0466
vt 0.3881 -0.0894
vt 0.3840 -0.0905
vt 0.3732 -0.0317
vt 0.3790 -0.0399
vt 0.3769 -0.0466
vt 0.3707 -0.0397
vt 0.4043 -0.0228
vt 0.4051 -0.0324
vt 0.3790 -0.0399
vt 0.3732 -0.0317
vt 0.4106 -0.0282
vt 0.4104 -0.0370
vt 0.4051 -0.0324
vt 0.4043 -0.0228
vt -0.0784 1.4068
vt -0.0792 1.4107
vt -0.0370 1.4109
vt -0.0282 1.4071
vt -0.1293 1.4071
vt -0.1220 1.4109
vt -0.0792 1.4107
vt -0.0784 1.4068
vt 0.4371 -0.1373
vt 0.4327 -0.1287
vt 0.4348 -0.1220
vt 0.4396 -0.1293
vt 0.4060 -0.1462
vt 0.4066 -0.1362
vt 0.4327 -0.1287
vt 0.4371 -0.1373
vt 0.3997 -0.1408
vt 0.4012 -0.1316
vt 0.4066 -0.1362
vt 0.4060 -0.1462
vt 0.3840 -0.0905
vt 0.3881 -0.0894
vt 0.4012 -0.1316
vt 0.3997 -0.1408
vt 0.3769 -0.0466
vt 0.4061 -0.0842
vt 0.4061 -0.0842
vt 0.3881 -0.0894
vt 0.3790 -0.0399
vt 0.4061 -0.0842
vt 0.4061 -0.0842
vt 0.3769 -0.0466
vt 0.4051 -0.0324
vt 0.4061 -0.0842
vt 0.4061 -0.0842
vt 0.3790 -0.0399
vt 0.4104 -0.0370
vt 0.4061 -0.0842
vt 0.4061 -0.0842
vt 0.4051 -0.0324
vt 0.4236 -0.0792
vt 0.4061 -0.0842
vt 0.4061 -0.0842
vt 0.4104 -0.0370
vt 0.4348 -0.1220
vt 0.4061 -0.0842
vt 0.4061 -0.0842
vt 0.4236 -0.0792
vt 0.4327 -0.1287
vt 0.4061 -0.0842
vt 0.4061 -0.0842
vt 0.4348 -0.1220
vt 0.4066 -0.1362
vt 0.4061 -0.0842
vt 0.4061 -0.0842
vt 0.4327 -0.1287
vt 0.4012 -0.1316
vt 0.4061 -0.0842
vt 0.4061 -0.0842
vt 0.4066 -0.1362
vt 0.3881 -0.0894
vt 0.4061 -0.0842
vt 0.4061 -0.0842
vt 0.4012 -0.1316
f 1506/3657 1516/3658 1515/3659 1505/3660
f 1507/3661 1517/3662 1516/3663 1506/3664
f 1508/3665 1518/3666 1517/3667 1507/3668
f 1509/3669 1519/3670 1518/3671 1508/3672
f 1510/3673 1520/3674 1519/3675 1509/3676
f 1511/3677 1521/3678 1520/3679 1510/3680
f 1512/3681 1522/3682 1521/3683 1511/3684
f 1513/3685 1523/3686 1522/3687 1512/3688
f 1514/3689 1524/3690 1523/3691 1513/3692
f 1505/3693 1515/3694 1524/3695 1514/3696
f 1516/3697 1526/3698 1525/3699 1515/3700
f 1517/3701 1527/3702 1526/3703 1516/3704
f 1518/3705 1528/3706 1527/3707 1517/3708
f 1519/3709 1529/3710 1528/3711 1518/3712
f 1520/3713 1530/3714 1529/3715 1519/3716
f 1521/3717 1531/3718 1530/3719 1520/3720
f 1522/3721 1532/3722 1531/3723 1521/3724
f 1523/3725 1533/3726 1532/3727 1522/3728
f 1524/3729 1534/3730 1533/3731 1523/3732
f 1515/3733 1525/3734 1534/3735 1524/3736
f 1526/3737 1536/3738 1535/3739 1525/3740
f 1527/3741 1537/3742 1536/3743 1526/3744
f 1528/3745 1538/3746 1537/3747 1527/3748
f 1529/3749 1539/3750 1538/3751 1528/3752
f 1530/3753 1540/3754 1539/3755 1529/3756
f 1531/3757 1541/3758 1540/3759 1530/3760
f 1532/3761 1542/3762 1541/3763 1531/3764
f 1533/3765 1543/3766 1542/3767 1532/3768
f 1534/3769 1544/3770 1543/3771 1533/3772
f 1525/3773 1535/3774 1544/3775 1534/3776
f 1536/3777 1546/3778 1545/3779 1535/3780
f 1537/3781 1547/3782 1546/3783 1536/3784
f 1538/3785 1548/3786 1547/3787 1537/3788
f 1539/3789 1549/3790 1548/3791 1538/3792
f 1540/3793 1550/3794 1549/3795 1539/3796
f 1541/3797 1551/3798 1550/3799 1540/3800
f 1542/3801 1552/3802 1551/3803 1541/3804
f 1543/3805 1553/3806 1552/3807 1542/3808
f 1544/3809 1554/3810 1553/3811 1543/3812
f 1535/3813 1545/3814 1554/3815 1544/3816
f 1546/3817 1556/3818 1555/3819 1545/3820
f 1547/3821 1557/3822 1556/3823 1546/3824
f 1548/3825 1558/3826 1557/3827 1547/3828
f 1549/3829 1559/3830 1558/3831 1548/3832
f 1550/3833 1560/3834 1559/3835 1549/3836
f 1551/3837 1561/3838 1560/3839 1550/3840
f 1552/3841 1562/3842 1561/3843 1551/3844
f 1553/3845 1563/3846 1562/3847 1552/3848
f 1554/3849 1564/3850 1563/3851 1553/3852
f 1545/3853 1555/3854 1564/3855 1554/3856
f 1556/3857 1566/3858 1565/3859 1555/3860
f 1557/3861 1567/3862 1566/3863 1556/3864
f 1558/3865 1568/3866 1567/3867 1557/3868
f 1559/3869 1569/3870 1568/3871 1558/3872
f 1560/3873 1570/3874 1569/3875 1559/3876
f 1561/3877 1571/3878 1570/3879 1560/3880
f 1562/3881 1572/3882 1571/3883 1561/3884
f 1563/3885 1573/3886 1572/3887 1562/3888
f 1564/3889 1574/3890 1573/3891 1563/3892
f 1555/3893 1565/3894 1574/3895 1564/3896
f 1566/3897 1576/3898 1575/3899 1565/3900
f 1567/3901 1577/3902 1576/3903 1566/3904
f 1568/3905 1578/3906 1577/3907 1567/3908
f 1569/3909 1579/3910 1578/3911 1568/3912
f 1570/3913 1580/3914 1579/3915 1569/3916
f 1571/3917 1581/3918 1580/3919 1570/3920
f 1572/3921 1582/3922 1581/3923 1571/3924
f 1573/3925 1583/3926 1582/3927 1572/3928
f 1574/3929 1584/3930 1583/3931 1573/3932
f 1565/3933 1575/3934 1584/3935 1574/3936
f 1576/3937 1586/3938 1585/3939 1575/3940
f 1577/3941 1587/3942 1586/3943 1576/3944
f 1578/3945 1588/3946 1587/3947 1577/3948
f 1579/3949 1589/3950 1588/3951 1578/3952
f 1580/3953 1590/3954 1589/3955 1579/3956
f 1581/3957 1591/3958 1590/3959 1580/3960
f 1582/3961 1592/3962 1591/3963 1581/3964
f 1583/3965 1593/3966 1592/3967 1582/3968
f 1584/3969 1594/3970 1593/3971 1583/3972
f 1575/3973 1585/3974 1594/3975 1584/3976
f 1586/3977 1596/3978 1595/3979 1585/3980
f 1587/3981 1597/3982 1596/3983 1586/3984
f 1588/3985 1598/3986 1597/3987 1587/3988
f 1589/3989 1599/3990 1598/3991 1588/3992
f 1590/3993 1600/3994 1599/3995 1589/3996
f 1591/3997 1601/3998 1600/3999 1590/4000
f 1592/4001 1602/4002 1601/4003 1591/4004
f 1593/4005 1603/4006 1602/4007 1592/4008
f 1594/4009 1604/4010 1603/4011 1593/4012
f 1585/4013 1595/4014 1604/4015 1594/4016
f 1596/4017 1606/4018 1605/4019 1595/4020
f 1597/4021 1607/4022 1606/4023 1596/4024
f 1598/4025 1608/4026 1607/4027 1597/4028
f 1599/4029 1609/4030 1608/4031 1598/4032
f 1600/4033 1610/4034 1609/4035 1599/4036
f 1601/4037 1611/4038 1610/4039 1600/4040
f 1602/4041 1612/4042 1611/4043 1601/4044
f 1603/4045 1613/4046 1612/4047 1602/4048
f 1604/4049 1614/4050 1613/4051 1603/4052
f 1595/4053 1605/4054 1614/4055 1604/4056
f 1606/4057 1616/4058 1615/4059 1605/4060
f 1607/4061 1617/4062 1616/4063 1606/4064
f 1608/4065 1618/4066 1617/4067 1607/4068
f 1609/4069 1619/4070 1618/4071 1608/4072
f 1610/4073 1620/4074 1619/4075 1609/4076
f 1611/4077 1621/4078 1620/4079 1610/4080
f 1612/4081 1622/4082 1621/4083 1611/4084
f 1613/4085 1623/4086 1622/4087 1612/4088
f 1614/4089 1624/4090 1623/4091 1613/4092
f 1605/4093 1615/4094 1624/4095 1614/4096
f 1616/4097 1626/4098 1625/4099 1615/4100
f 1617/4101 1627/4102 1626/4103 1616/4104
f 1618/4105 1628/4106 1627/4107 1617/4108
f 1619/4109 1629/4110 1628/4111 1618/4112
f 1620/4113 1630/4114 1629/4115 1619/4116
f 1621/4117 1631/4118 1630/4119 1620/4120
f 1622/4121 1632/4122 1631/4123 1621/4124
f 1623/4125 1633/4126 1632/4127 1622/4128
f 1624/4129 1634/4130 1633/4131 1623/4132
f 1615/4133 1625/4134 1634/4135 1624/4136
f 1626/4137 1636/4138 1635/4139 1625/4140
f 1627/4141 1637/4142 1636/4143 1626/4144
f 1628/4145 1638/4146 1637/4147 1627/4148
f 1629/4149 1639/4150 1638/4151 1628/4152
f 1630/4153 1640/4154 1639/4155 1629/4156
f 1631/4157 1641/4158 1640/4159 1630/4160
f 1632/4161 1642/4162 1641/4163 1631/4164
f 1633/4165 1643/4166 1642/4167 1632/4168
f 1634/4169 1644/4170 1643/4171 1633/4172
f 1625/4173 1635/4174 1644/4175 1634/4176
f 1636/4177 1646/4178 1645/4179 1635/4180
f 1637/4181 1647/4182 1646/4183 1636/4184
f 1638/4185 1648/4186 1647/4187 1637/4188
f 1639/4189 1649/4190 1648/4191 1638/4192
f 1640/4193 1650/4194 1649/4195 1639/4196
f 1641/4197 1651/4198 1650/4199 1640/4200
f 1642/4201 1652/4202 1651/4203 1641/4204
f 1643/4205 1653/4206 1652/4207 1642/4208
f 1644/4209 1654/4210 1653/4211 1643/4212
f 1635/4213 1645/4214 1654/4215 1644/4216
o Pilot_Seat_Head_R
v 0.3379 1.1090 0.1038
v 0.3379 1.1090 0.1038
v 0.3379 1.1090 0.1038
v 0.3379 1.1090 0.1038
v 0.3379 1.1090 0.1038
v 0.3379 1.1090 0.1038
v 0.3379 1.1090 0.1038
v 0.3379 1.1090 0.1038
v 0.3379 1.1090 0.1038
v 0.3379 1.1090 0.1038
v 0.3204 1.1143 0.1088
v 0.3336 1.1141 0.1510
v 0.3389 1.1132 0.1556
v 0.3650 1.1069 0.1481
v 0.3671 1.1060 0.1414
v 0.3559 1.1058 0.0986
v 0.3428 1.1060 0.0564
v 0.3374 1.1069 0.0518
v 0.3113 1.1132 0.0593
v 0.3092 1.1141 0.0660
v 0.3177 1.1182 0.1096
v 0.3334 1.1179 0.1598
v 0.3397 1.1169 0.1652
v 0.3708 1.1094 0.1563
v 0.3733 1.1083 0.1483
v 0.3600 1.1081 0.0975
v 0.3443 1.1083 0.0472
v 0.3380 1.1094 0.0418
v 0.3069 1.1169 0.0507
v 0.3044 1.1179 0.0587
v 0.3169 1.1241 0.1098
v 0.3340 1.1238 0.1650
v 0.3410 1.1227 0.1710
v 0.3752 1.1144 0.1612
v 0.3779 1.1133 0.1524
v 0.3632 1.1130 0.0965
v 0.3461 1.1133 0.0413
v 0.3391 1.1144 0.0353
v 0.3049 1.1227 0.0451
v 0.3022 1.1238 0.0539
v 0.3173 1.1327 0.1097
v 0.3355 1.1324 0.1682
v 0.3429 1.1311 0.1746
v 0.3791 1.1224 0.1642
v 0.3820 1.1212 0.1549
v 0.3665 1.1209 0.0956
v 0.3483 1.1212 0.0371
v 0.3409 1.1224 0.0307
v 0.3046 1.1311 0.0411
v 0.3017 1.1324 0.0504
v 0.3191 1.1451 0.1092
v 0.3380 1.1448 0.1699
v 0.3456 1.1435 0.1765
v 0.3833 1.1345 0.1657
v 0.3863 1.1332 0.1560
v 0.3701 1.1329 0.0945
v 0.3512 1.1332 0.0338
v 0.3435 1.1345 0.0272
v 0.3059 1.1435 0.0380
v 0.3029 1.1448 0.0477
v 0.3229 1.1649 0.1081
v 0.3422 1.1646 0.1701
v 0.3500 1.1633 0.1768
v 0.3884 1.1541 0.1658
v 0.3915 1.1527 0.1559
v 0.3750 1.1524 0.0931
v 0.3557 1.1527 0.0312
v 0.3479 1.1541 0.0244
v 0.3095 1.1633 0.0354
v 0.3064 1.1646 0.0453
v 0.3458 1.2688 0.1015
v 0.3652 1.2685 0.1639
v 0.3731 1.2671 0.1707
v 0.4117 1.2579 0.1596
v 0.4148 1.2565 0.1497
v 0.3982 1.2562 0.0865
v 0.3788 1.2565 0.0241
v 0.3709 1.2579 0.0173
v 0.3323 1.2671 0.0284
v 0.3292 1.2685 0.0383
v 0.3690 1.3726 0.0949
v 0.3883 1.3723 0.1568
v 0.3961 1.3709 0.1636
v 0.4345 1.3617 0.1526
v 0.4376 1.3604 0.1427
v 0.4211 1.3601 0.0799
v 0.4018 1.3604 0.0179
v 0.3940 1.3617 0.0112
v 0.3556 1.3709 0.0222
v 0.3525 1.3723 0.0321
v 0.3739 1.3921 0.0935
v 0.3928 1.3918 0.1542
v 0.4005 1.3905 0.1608
v 0.4381 1.3815 0.1500
v 0.4411 1.3802 0.1403
v 0.4249 1.3799 0.0788
v 0.4060 1.3802 0.0181
v 0.3984 1.3815 0.0115
v 0.3607 1.3905 0.0223
v 0.3577 1.3918 0.0320
v 0.3775 1.4041 0.0924
v 0.3957 1.4038 0.1509
v 0.4031 1.4026 0.1573
v 0.4394 1.3939 0.1469
v 0.4423 1.3926 0.1376
v 0.4267 1.3923 0.0783
v 0.4085 1.3926 0.0198
v 0.4011 1.3939 0.0134
v 0.3649 1.4026 0.0238
v 0.3620 1.4038 0.0331
v 0.3808 1.4120 0.0915
v 0.3979 1.4117 0.1467
v 0.4049 1.4106 0.1527
v 0.4391 1.4023 0.1429
v 0.4418 1.4012 0.1341
v 0.4271 1.4009 0.0782
v 0.4100 1.4012 0.0230
v 0.4030 1.4023 0.0170
v 0.3688 1.4106 0.0268
v 0.3661 1.4117 0.0356
v 0.3840 1.4169 0.0905
v 0.3997 1.4167 0.1408
v 0.4060 1.4156 0.1462
v 0.4371 1.4081 0.1373
v 0.4396 1.4071 0.1293
v 0.4263 1.4068 0.0784
v 0.4106 1.4071 0.0282
v 0.4043 1.4081 0.0228
v 0.3732 1.4156 0.0317
v 0.3707 1.4167 0.0397
v 0.3881 1.4192 0.0894
v 0.4012 1.4190 0.1316
v 0.4066 1.4181 0.1362
v 0.4327 1.4118 0.1287
v 0.4348 1.4109 0.1220
v 0.4236 1.4107 0.0792
v 0.4104 1.4109 0.0370
v 0.4051 1.4118 0.0324
v 0.3790 1.4181 0.0399
v 0.3769 1.4190 0.0466
v 0.4061 1.4160 0.0842
v 0.4061 1.4160 0.0842
v 0.4061 1.4160 0.0842
v 0.4061 1.4160 0.0842
v 0.4061 1.4160 0.0842
v 0.4061 1.4160 0.0842
v 0.4061 1.4160 0.0842
v 0.4061 1.4160 0.0842
v 0.4061 1.4160 0.0842
v 0.4061 1.4160 0.0842
vt 0.3379 0.1038
vt 0.3336 0.1510
vt 0.3204 0.1088
vt 0.3379 0.1038
vt 0.3379 0.1038
vt 0.3389 0.1556
vt 0.3336 0.1510
vt 0.3379 0.1038
vt 0.3379 0.1038
vt 0.3650 0.1481
vt 0.3389 0.1556
vt 0.3379 0.1038
vt 0.3379 0.1038
vt 0.3671 0.1414
vt 0.3650 0.1481
vt 0.3379 0.1038
vt 0.3379 0.1038
vt 0.3559 0.0986
vt 0.3671 0.1414
vt 0.3379 0.1038
vt 0.3379 0.1038
vt 0.3428 0.0564
vt 0.3559 0.0986
vt 0.3379 0.1038
vt 0.3379 0.1038
vt 0.3374 0.0518
vt 0.3428 0.0564
vt 0.3379 0.1038
vt 0.3379 0.1038
vt 0.3113 0.0593
vt 0.3374 0.0518
vt 0.3379 0.1038
vt 0.3379 0.1038
vt 0.3092 0.0660
vt 0.3113 0.0593
vt 0.3379 0.1038
vt 0.3379 0.1038
vt 0.3204 0.1088
vt 0.3092 0.0660
vt 0.3379 0.1038
vt 0.1510 1.1141
vt 0.1598 1.1179
vt 0.1096 1.1182
vt 0.1088 1.1143
vt 0.3389 0.1556
vt 0.3397 0.1652
vt 0.3334 0.1598
vt 0.3336 0.1510
vt 0.3650 0.1481
vt 0.3708 0.1563
vt 0.3397 0.1652
vt 0.3389 0.1556
vt 0.3671 0.1414
vt 0.3733 0.1483
vt 0.3708 0.1563
vt 0.3650 0.1481
vt 0.3559 0.0986
vt 0.3600 0.0975
vt 0.3733 0.1483
vt 0.3671 0.1414
vt 0.3428 0.0564
vt 0.3443 0.0472
vt 0.3600 0.0975
vt 0.3559 0.0986
vt 0.3374 0.0518
vt 0.3380 0.0418
vt 0.3443 0.0472
vt 0.3428 0.0564
vt 0.3113 0.0593
vt 0.3069 0.0507
vt 0.3380 0.0418
vt 0.3374 0.0518
vt 0.3092 0.0660
vt 0.3044 0.0587
vt 0.3069 0.0507
vt 0.3113 0.0593
vt 0.1088 1.1143
vt 0.1096 1.1182
vt 0.0587 1.1179
vt 0.0660 1.1141
vt 0.1598 1.1179
vt 0.1650 1.1238
vt 0.1098 1.1241
vt 0.1096 1.1182
vt 0.3397 1.1169
vt 0.3410 1.1227
vt 0.3340 1.1238
vt 0.3334 1.1179
vt 0.3708 0.1563
vt 0.3752 0.1612
vt 0.3410 0.1710
vt 0.3397 0.1652
vt 0.3733 0.1483
vt 0.3779 0.1524
vt 0.3752 0.1612
vt 0.3708 0.1563
vt 0.0975 1.1081
vt 0.0965 1.1130
vt 0.1524 1.1133
vt 0.1483 1.1083
vt 0.0472 1.1083
vt 0.0413 1.1133
vt 0.0965 1.1130
vt 0.0975 1.1081
vt 0.3380 0.0418
vt 0.3391 0.0353
vt 0.3461 0.0413
vt 0.3443 0.0472
vt 0.3069 0.0507
vt 0.3049 0.0451
vt 0.3391 0.0353
vt 0.3380 0.0418
vt 0.0587 1.1179
vt 0.0539 1.1238
vt 0.0451 1.1227
vt 0.0507 1.1169
vt 0.1096 1.1182
vt 0.1098 1.1241
vt 0.0539 1.1238
vt 0.0587 1.1179
vt 0.1650 1.1238
vt 0.1682 1.1324
vt 0.1097 1.1327
vt 0.1098 1.1241
vt 0.3410 1.1227
vt 0.3429 1.1311
vt 0.3355 1.1324
vt 0.3340 1.1238
vt 0.3752 1.1144
vt 0.3791 1.1224
vt 0.3429 1.1311
vt 0.3410 1.1227
vt 0.1524 1.1133
vt 0.1549 1.1212
vt 0.1642 1.1224
vt 0.1612 1.1144
vt 0.0965 1.1130
vt 0.0956 1.1209
vt 0.1549 1.1212
vt 0.1524 1.1133
vt 0.0413 1.1133
vt 0.0371 1.1212
vt 0.0956 1.1209
vt 0.0965 1.1130
vt 0.3391 1.1144
vt 0.3409 1.1224
vt 0.3483 1.1212
vt 0.3461 1.1133
vt 0.3049 1.1227
vt 0.3046 1.1311
vt 0.3409 1.1224
vt 0.3391 1.1144
vt 0.0539 1.1238
vt 0.0504 1.1324
vt 0.0411 1.1311
vt 0.0451 1.1227
vt 0.1098 1.1241
vt 0.1097 1.1327
vt 0.0504 1.1324
vt 0.0539 1.1238
vt 0.1682 1.1324
vt 0.1699 1.1448
vt 0.1092 1.1451
vt 0.1097 1.1327
vt 0.3429 1.1311
vt 0.3456 1.1435
vt 0.3380 1.1448
vt 0.3355 1.1324
vt 0.3791 1.1224
vt 0.3833 1.1345
vt 0.3456 1.1435
vt 0.3429 1.1311
vt 0.1549 1.1212
vt 0.1560 1.1332
vt 0.1657 1.1345
vt 0.1642 1.1224
vt 0.0956 1.1209
vt 0.0945 1.1329
vt 0.1560 1.1332
vt 0.1549 1.1212
vt 0.0371 1.1212
vt 0.0338 1.1332
vt 0.0945 1.1329
vt 0.0956 1.1209
vt 0.3409 1.1224
vt 0.3435 1.1345
vt 0.3512 1.1332
vt 0.3483 1.1212
vt 0.3046 1.1311
vt 0.3059 1.1435
vt 0.3435 1.1345
vt 0.3409 1.1224
vt 0.0504 1.1324
vt 0.0477 1.1448
vt 0.0380 1.1435
vt 0.0411 1.1311
vt 0.1097 1.1327
vt 0.1092 1.1451
vt 0.0477 1.1448
vt 0.0504 1.1324
vt 0.1699 1.1448
vt 0.1701 1.1646
vt 0.1081 1.1649
vt 0.1092 1.1451
vt 0.3456 1.1435
vt 0.3500 1.1633
vt 0.3422 1.1646
vt 0.3380 1.1448
vt 0.3833 1.1345
vt 0.3884 1.1541
vt 0.3500 1.1633
vt 0.3456 1.1435
vt 0.1560 1.1332
vt 0.1559 1.1527
vt 0.1658 1.1541
vt 0.1657 1.1345
vt 0.0945 1.1329
vt 0.0931 1.1524
vt 0.1559 1.1527
vt 0.1560 1.1332
vt 0.0338 1.1332
vt 0.0312 1.1527
vt 0.0931 1.1524
vt 0.0945 1.1329
vt 0.3435 1.1345
vt 0.3479 1.1541
vt 0.3557 1.1527
vt 0.3512 1.1332
vt 0.3059 1.1435
vt 0.3095 1.1633
vt 0.3479 1.1541
vt 0.3435 1.1345
vt 0.0477 1.1448
vt 0.0453 1.1646
vt 0.0354 1.1633
vt 0.0380 1.1435
vt 0.1092 1.1451
vt 0.1081 1.1649
vt 0.0453 1.1646
vt 0.0477 1.1448
vt 0.1701 1.1646
vt 0.1639 1.2685
vt 0.1015 1.2688
vt 0.1081 1.1649
vt 0.3500 1.1633
vt 0.3731 1.2671
vt 0.3652 1.2685
vt 0.3422 1.1646
vt 0.3884 1.1541
vt 0.4117 1.2579
vt 0.3731 1.2671
vt 0.3500 1.1633
vt 0.1559 1.1527
vt 0.1497 1.2565
vt 0.1596 1.2579
vt 0.1658 1.1541
vt 0.0931 1.1524
vt 0.0865 1.2562
vt 0.1497 1.2565
vt 0.1559 1.1527
vt 0.0312 1.1527
vt 0.0241 1.2565
vt 0.0865 1.2562
vt 0.0931 1.1524
vt 0.3479 1.1541
vt 0.3709 1.2579
vt 0.3788 1.2565
vt 0.3557 1.1527
vt 0.3095 1.1633
vt 0.3323 1.2671
vt 0.3709 1.2579
vt 0.3479 1.1541
vt 0.0453 1.1646
vt 0.0383 1.2685
vt 0.0284 1.2671
vt 0.0354 1.1633
vt 0.1081 1.1649
vt 0.1015 1.2688
vt 0.0383 1.2685
vt 0.0453 1.1646
vt 0.1639 1.2685
vt 0.1568 1.3723
vt 0.0949 1.3726
vt 0.1015 1.2688
vt 0.3731 1.2671
vt 0.3961 1.3709
vt 0.3883 1.3723
vt 0.3652 1.2685
vt 0.4117 1.2579
vt 0.4345 1.3617
vt 0.3961 1.3709
vt 0.3731 1.2671
vt 0.1497 1.2565
vt 0.1427 1.3604
vt 0.1526 1.3617
vt 0.1596 1.2579
vt 0.0865 1.2562
vt 0.0799 1.3601
vt 0.1427 1.3604
vt 0.1497 1.2565
vt 0.0241 1.2565
vt 0.0179 1.3604
vt 0.0799 1.3601
vt 0.0865 1.2562
vt 0.3709 1.2579
vt 0.3940 1.3617
vt 0.4018 1.3604
vt 0.3788 1.2565
vt 0.3323 1.2671
vt 0.3556 1.3709
vt 0.3940 1.3617
vt 0.3709 1.2579
vt 0.0383 1.2685
vt 0.0321 1.3723
vt 0.0222 1.3709
vt 0.0284 1.2671
vt 0.1015 1.2688
vt 0.0949 1.3726
vt 0.0321 1.3723
vt 0.0383 1.2685
vt 0.1568 1.3723
vt 0.1542 1.3918
vt 0.0935 1.3921
vt 0.0949 1.3726
vt 0.3961 1.3709
vt 0.4005 1.3905
vt 0.3928 1.3918
vt 0.3883 1.3723
vt 0.4345 1.3617
vt 0.4381 1.3815
vt 0.4005 1.3905
vt 0.3961 1.3709
vt 0.1427 1.3604
vt 0.1403 1.3802
vt 0.1500 1.3815
vt 0.1526 1.3617
vt 0.0799 1.3601
vt 0.0788 1.3799
vt 0.1403 1.3802
vt 0.1427 1.3604
vt 0.0179 1.3604
vt 0.0181 1.3802
vt 0.0788 1.3799
vt 0.0799 1.3601
vt 0.3940 1.3617
vt 0.3984 1.3815
vt 0.4060 1.3802
vt 0.4018 1.3604
vt 0.3556 1.3709
vt 0.3607 1.3905
vt 0.3984 1.3815
vt 0.3940 1.3617
vt 0.0321 1.3723
vt 0.0320 1.3918
vt 0.0223 1.3905
vt 0.0222 1.3709
vt 0.0949 1.3726
vt 0.0935 1.3921
vt 0.0320 1.3918
vt 0.0321 1.3723
vt 0.1542 1.3918
vt 0.1509 1.4038
vt 0.0924 1.4041
vt 0.0935 1.3921
vt 0.4005 1.3905
vt 0.4031 1.4026
vt 0.3957 1.4038
vt 0.3928 1.3918
vt 0.4381 1.3815
vt 0.4394 1.3939
vt 0.4031 1.4026
vt 0.4005 1.3905
vt 0.1403 1.3802
vt 0.1376 1.3926
vt 0.1469 1.3939
vt 0.1500 1.3815
vt 0.0788 1.3799
vt 0.0783 1.3923
vt 0.1376 1.3926
vt 0.1403 1.3802
vt 0.0181 1.3802
vt 0.0198 1.3926
vt 0.0783 1.3923
vt 0.0788 1.3799
vt 0.3984 1.3815
vt 0.4011 1.3939
vt 0.4085 1.3926
vt 0.4060 1.3802
vt 0.3607 1.3905
vt 0.3649 1.4026
vt 0.4011 1.3939
vt 0.3984 1.3815
vt 0.0320 1.3918
vt 0.0331 1.4038
vt 0.0238 1.4026
vt 0.0223 1.3905
vt 0.0935 1.3921
vt 0.0924 1.4041
vt 0.0331 1.4038
vt 0.0320 1.3918
vt 0.1509 1.4038
vt 0.1467 1.4117
vt 0.0915 1.4120
vt 0.0924 1.4041
vt 0.4031 1.4026
vt 0.4049 1.4106
vt 0.3979 1.4117
vt 0.3957 1.4038
vt 0.4394 1.3939
vt 0.4391 1.4023
vt 0.4049 1.4106
vt 0.4031 1.4026
vt 0.1376 1.3926
vt 0.1341 1.4012
vt 0.1429 1.4023
vt 0.1469 1.3939
vt 0.0783 1.3923
vt 0.0782 1.4009
vt 0.1341 1.4012
vt 0.1376 1.3926
vt 0.0198 1.3926
vt 0.0230 1.4012
vt 0.0782 1.4009
vt 0.0783 1.3923
vt 0.4011 1.3939
vt 0.4030 1.4023
vt 0.4100 1.4012
vt 0.4085 1.3926
vt 0.3649 1.4026
vt 0.3688 1.4106
vt 0.4030 1.4023
vt 0.4011 1.3939
vt 0.0331 1.4038
vt 0.0356 1.4117
vt 0.0268 1.4106
vt 0.0238 1.4026
vt 0.0924 1.4041
vt 0.0915 1.4120
vt 0.0356 1.4117
vt 0.0331 1.4038
vt 0.1467 1.4117
vt 0.1408 1.4167
vt 0.0905 1.4169
vt 0.0915 1.4120
vt 0.4049 0.1527
vt 0.4060 0.1462
vt 0.3997 0.1408
vt 0.3979 0.1467
vt 0.4391 0.1429
vt 0.4371 0.1373
vt 0.4060 0.1462
vt 0.4049 0.1527
vt 0.1341 1.4012
vt 0.1293 1.4071
vt 0.1373 1.4081
vt 0.1429 1.4023
vt 0.0782 1.4009
vt 0.0784 1.4068
vt 0.1293 1.4071
vt 0.1341 1.4012
vt 0.0230 1.4012
vt 0.0282 1.4071
vt 0.0784 1.4068
vt 0.0782 1.4009
vt 0.4030 1.4023
vt 0.4043 1.4081
vt 0.4106 1.4071
vt 0.4100 1.4012
vt 0.3688 0.0268
vt 0.3732 0.0317
vt 0.4043 0.0228
vt 0.4030 0.0170
vt 0.3661 0.0356
vt 0.3707 0.0397
vt 0.3732 0.0317
vt 0.3688 0.0268
vt 0.0915 1.4120
vt 0.0905 1.4169
vt 0.0397 1.4167
vt 0.0356 1.4117
vt 0.3997 0.1408
vt 0.4012 0.1316
vt 0.3881 0.0894
vt 0.3840 0.0905
vt 0.4060 0.1462
vt 0.4066 0.1362
vt 0.4012 0.1316
vt 0.3997 0.1408
vt 0.4371 0.1373
vt 0.4327 0.1287
vt 0.4066 0.1362
vt 0.4060 0.1462
vt 0.4396 0.1293
vt 0.4348 0.1220
vt 0.4327 0.1287
vt 0.4371 0.1373
vt 0.0784 1.4068
vt 0.0792 1.4107
vt 0.1220 1.4109
vt 0.1293 1.4071
vt 0.0282 1.4071
vt 0.0370 1.4109
vt 0.0792 1.4107
vt 0.0784 1.4068
vt 0.4043 0.0228
vt 0.4051 0.0324
vt 0.4104 0.0370
vt 0.4106 0.0282
vt 0.3732 0.0317
vt 0.3790 0.0399
vt 0.4051 0.0324
vt 0.4043 0.0228
vt 0.3707 0.0397
vt 0.3769 0.0466
vt 0.3790 0.0399
vt 0.3732 0.0317
vt 0.3840 0.0905
vt 0.3881 0.0894
vt 0.3769 0.0466
vt 0.3707 0.0397
vt 0.4012 0.1316
vt 0.4061 0.0842
vt 0.4061 0.0842
vt 0.3881 0.0894
vt 0.4066 0.1362
vt 0.4061 0.0842
vt 0.4061 0.0842
vt 0.4012 0.1316
vt 0.4327 0.1287
vt 0.4061 0.0842
vt 0.4061 0.0842
vt 0.4066 0.1362
vt 0.4348 0.1220
vt 0.4061 0.0842
vt 0.4061 0.0842
vt 0.4327 0.1287
vt 0.4236 0.0792
vt 0.4061 0.0842
vt 0.4061 0.0842
vt 0.4348 0.1220
vt 0.4104 0.0370
vt 0.4061 0.0842
vt 0.4061 0.0842
vt 0.4236 0.0792
vt 0.4051 0.0324
vt 0.4061 0.0842
vt 0.4061 0.0842
vt 0.4104 0.0370
vt 0.3790 0.0399
vt 0.4061 0.0842
vt 0.4061 0.0842
vt 0.4051 0.0324
vt 0.3769 0.0466
vt 0.4061 0.0842
vt 0.4061 0.0842
vt 0.3790 0.0399
vt 0.3881 0.0894
vt 0.4061 0.0842
vt 0.4061 0.0842
vt 0.3769 0.0466
f 1656/4217 1666/4218 1665/4219 1655/4220
f 1657/4221 1667/4222 1666/4223 1656/4224
f 1658/4225 1668/4226 1667/4227 1657/4228
f 1659/4229 1669/4230 1668/4231 1658/4232
f 1660/4233 1670/4234 1669/4235 1659/4236
f 1661/4237 1671/4238 1670/4239 1660/4240
f 1662/4241 1672/4242 1671/4243 1661/4244
f 1663/4245 1673/4246 1672/4247 1662/4248
f 1664/4249 1674/4250 1673/4251 1663/4252
f 1655/4253 1665/4254 1674/4255 1664/4256
f 1666/4257 1676/4258 1675/4259 1665/4260
f 1667/4261 1677/4262 1676/4263 1666/4264
f 1668/4265 1678/4266 1677/4267 1667/4268
f 1669/4269 1679/4270 1678/4271 1668/4272
f 1670/4273 1680/4274 1679/4275 1669/4276
f 1671/4277 1681/4278 1680/4279 1670/4280
f 1672/4281 1682/4282 1681/4283 1671/4284
f 1673/4285 1683/4286 1682/4287 1672/4288
f 1674/4289 1684/4290 1683/4291 1673/4292
f 1665/4293 1675/4294 1684/4295 1674/4296
f 1676/4297 1686/4298 1685/4299 1675/4300
f 1677/4301 1687/4302 1686/4303 1676/4304
f 1678/4305 1688/4306 1687/4307 1677/4308
f 1679/4309 1689/4310 1688/4311 1678/4312
f 1680/4313 1690/4314 1689/4315 1679/4316
f 1681/4317 1691/4318 1690/4319 1680/4320
f 1682/4321 1692/4322 1691/4323 1681/4324
f 1683/4325 1693/4326 1692/4327 1682/4328
f 1684/4329 1694/4330 1693/4331 1683/4332
f 1675/4333 1685/4334 1694/4335 1684/4336
f 1686/4337 1696/4338 1695/4339 1685/4340
f 1687/4341 1697/4342 1696/4343 1686/4344
f 1688/4345 1698/4346 1697/4347 1687/4348
f 1689/4349 1699/4350 1698/4351 1688/4352
f 1690/4353 1700/4354 1699/4355 1689/4356
f 1691/4357 1701/4358 1700/4359 1690/4360
f 1692/4361 1702/4362 1701/4363 1691/4364
f 1693/4365 1703/4366 1702/4367 1692/4368
f 1694/4369 1704/4370 1703/4371 1693/4372
f 1685/4373 1695/4374 1704/4375 1694/4376
f 1696/4377 1706/4378 1705/4379 1695/4380
f 1697/4381 1707/4382 1706/4383 1696/4384
f 1698/4385 1708/4386 1707/4387 1697/4388
f 1699/4389 1709/4390 1708/4391 1698/4392
f 1700/4393 1710/4394 1709/4395 1699/4396
f 1701/4397 1711/4398 1710/4399 1700/4400
f 1702/4401 1712/4402 1711/4403 1701/4404
f 1703/4405 1713/4406 1712/4407 1702/4408
f 1704/4409 1714/4410 1713/4411 1703/4412
f 1695/4413 1705/4414 1714/4415 1704/4416
f 1706/4417 1716/4418 1715/4419 1705/4420
f 1707/4421 1717/4422 1716/4423 1706/4424
f 1708/4425 1718/4426 1717/4427 1707/4428
f 1709/4429 1719/4430 1718/4431 1708/4432
f 1710/4433 1720/4434 1719/4435 1709/4436
f 1711/4437 1721/4438 1720/4439 1710/4440
f 1712/4441 1722/4442 1721/4443 1711/4444
f 1713/4445 1723/4446 1722/4447 1712/4448
f 1714/4449 1724/4450 1723/4451 1713/4452
f 1705/4453 1715/4454 1724/4455 1714/4456
f 1716/4457 1726/4458 1725/4459 1715/4460
f 1717/4461 1727/4462 1726/4463 1716/4464
f 1718/4465 1728/4466 1727/4467 1717/4468
f 1719/4469 1729/4470 1728/4471 1718/4472
f 1720/4473 1730/4474 1729/4475 1719/4476
f 1721/4477 1731/4478 1730/4479 1720/4480
f 1722/4481 1732/4482 1731/4483 1721/4484
f 1723/4485 1733/4486 1732/4487 1722/4488
f 1724/4489 1734/4490 1733/4491 1723/4492
f 1715/4493 1725/4494 1734/4495 1724/4496
f 1726/4497 1736/4498 1735/4499 1725/4500
f 1727/4501 1737/4502 1736/4503 1726/4504
f 1728/4505 1738/4506 1737/4507 1727/4508
f 1729/4509 1739/4510 1738/4511 1728/4512
f 1730/4513 1740/4514 1739/4515 1729/4516
f 1731/4517 1741/4518 1740/4519 1730/4520
f 1732/4521 1742/4522 1741/4523 1731/4524
f 1733/4525 1743/4526 1742/4527 1732/4528
f 1734/4529 1744/4530 1743/4531 1733/4532
f 1725/4533 1735/4534 1744/4535 1734/4536
f 1736/4537 1746/4538 1745/4539 1735/4540
f 1737/4541 1747/4542 1746/4543 1736/4544
f 1738/4545 1748/4546 1747/4547 1737/4548
f 1739/4549 1749/4550 1748/4551 1738/4552
f 1740/4553 1750/4554 1749/4555 1739/4556
f 1741/4557 1751/4558 1750/4559 1740/4560
f 1742/4561 1752/4562 1751/4563 1741/4564
f 1743/4565 1753/4566 1752/4567 1742/4568
f 1744/4569 1754/4570 1753/4571 1743/4572
f 1735/4573 1745/4574 1754/4575 1744/4576
f 1746/4577 1756/4578 1755/4579 1745/4580
f 1747/4581 1757/4582 1756/4583 1746/4584
f 1748/4585 1758/4586 1757/4587 1747/4588
f 1749/4589 1759/4590 1758/4591 1748/4592
f 1750/4593 1760/4594 1759/4595 1749/4596
f 1751/4597 1761/4598 1760/4599 1750/4600
f 1752/4601 1762/4602 1761/4603 1751/4604
f 1753/4605 1763/4606 1762/4607 1752/4608
f 1754/4609 1764/4610 1763/4611 1753/4612
f 1745/4613 1755/4614 1764/4615 1754/4616
f 1756/4617 1766/4618 1765/4619 1755/4620
f 1757/4621 1767/4622 1766/4623 1756/4624
f 1758/4625 1768/4626 1767/4627 1757/4628
f 1759/4629 1769/4630 1768/4631 1758/4632
f 1760/4633 1770/4634 1769/4635 1759/4636
f 1761/4637 1771/4638 1770/4639 1760/4640
f 1762/4641 1772/4642 1771/4643 1761/4644
f 1763/4645 1773/4646 1772/4647 1762/4648
f 1764/4649 1774/4650 1773/4651 1763/4652
f 1755/4653 1765/4654 1774/4655 1764/4656
f 1766/4657 1776/4658 1775/4659 1765/4660
f 1767/4661 1777/4662 1776/4663 1766/4664
f 1768/4665 1778/4666 1777/4667 1767/4668
f 1769/4669 1779/4670 1778/4671 1768/4672
f 1770/4673 1780/4674 1779/4675 1769/4676
f 1771/4677 1781/4678 1780/4679 1770/4680
f 1772/4681 1782/4682 1781/4683 1771/4684
f 1773/4685 1783/4686 1782/4687 1772/4688
f 1774/4689 1784/4690 1783/4691 1773/4692
f 1765/4693 1775/4694 1784/4695 1774/4696
f 1776/4697 1786/4698 1785/4699 1775/4700
f 1777/4701 1787/4702 1786/4703 1776/4704
f 1778/4705 1788/4706 1787/4707 1777/4708
f 1779/4709 1789/4710 1788/4711 1778/4712
f 1780/4713 1790/4714 1789/4715 1779/4716
f 1781/4717 1791/4718 1790/4719 1780/4720
f 1782/4721 1792/4722 1791/4723 1781/4724
f 1783/4725 1793/4726 1792/4727 1782/4728
f 1784/4729 1794/4730 1793/4731 1783/4732
f 1775/4733 1785/4734 1794/4735 1784/4736
f 1786/4737 1796/4738 1795/4739 1785/4740
f 1787/4741 1797/4742 1796/4743 1786/4744
f 1788/4745 1798/4746 1797/4747 1787/4748
f 1789/4749 1799/4750 1798/4751 1788/4752
f 1790/4753 1800/4754 1799/4755 1789/4756
f 1791/4757 1801/4758 1800/4759 1790/4760
f 1792/4761 1802/4762 1801/4763 1791/4764
f 1793/4765 1803/4766 1802/4767 1792/4768
f 1794/4769 1804/4770 1803/4771 1793/4772
f 1785/4773 1795/4774 1804/4775 1794/4776
o Pilot_Seat_HeadBracket
v 0.3870 1.0400 0.0000
v 0.3870 1.0400 0.0000
v 0.3870 1.0400 0.0000
v 0.3870 1.0400 0.0000
v 0.3870 1.0400 0.0000
v 0.3870 1.0400 0.0000
v 0.3870 1.0400 -0.0000
v 0.3870 1.0400 -0.0000
v 0.3870 1.0400 -0.0000
v 0.3870 1.0400 -0.0000
v 0.3693 1.0414 0.0000
v 0.3703 1.0414 0.1104
v 0.3738 1.0414 0.1246
v 0.4002 1.0414 0.1246
v 0.4037 1.0414 0.1104
v 0.4047 1.0414 0.0000
v 0.4037 1.0414 -0.1104
v 0.4002 1.0414 -0.1246
v 0.3738 1.0414 -0.1246
v 0.3703 1.0414 -0.1104
v 0.3667 1.0464 0.0000
v 0.3678 1.0464 0.1267
v 0.3719 1.0464 0.1429
v 0.4021 1.0464 0.1429
v 0.4062 1.0464 0.1267
v 0.4073 1.0464 0.0000
v 0.4062 1.0464 -0.1267
v 0.4021 1.0464 -0.1429
v 0.3719 1.0464 -0.1429
v 0.3678 1.0464 -0.1267
v 0.3660 1.0800 0.0000
v 0.3671 1.0800 0.1313
v 0.3713 1.0800 0.1481
v 0.4027 1.0800 0.1481
v 0.4069 1.0800 0.1313
v 0.4080 1.0800 0.0000
v 0.4069 1.0800 -0.1313
v 0.4027 1.0800 -0.1481
v 0.3713 1.0800 -0.1481
v 0.3671 1.0800 -0.1313
v 0.3667 1.1136 0.0000
v 0.3678 1.1136 0.1267
v 0.3719 1.1136 0.1429
v 0.4021 1.1136 0.1429
v 0.4062 1.1136 0.1267
v 0.4073 1.1136 0.0000
v 0.4062 1.1136 -0.1267
v 0.4021 1.1136 -0.1429
v 0.3719 1.1136 -0.1429
v 0.3678 1.1136 -0.1267
v 0.3693 1.1186 0.0000
v 0.3703 1.1186 0.1104
v 0.3738 1.1186 0.1246
v 0.4002 1.1186 0.1246
v 0.4037 1.1186 0.1104
v 0.4047 1.1186 0.0000
v 0.4037 1.1186 -0.1104
v 0.4002 1.1186 -0.1246
v 0.3738 1.1186 -0.1246
v 0.3703 1.1186 -0.1104
v 0.3870 1.1200 0.0000
v 0.3870 1.1200 0.0000
v 0.3870 1.1200 0.0000
v 0.3870 1.1200 0.0000
v 0.3870 1.1200 0.0000
v 0.3870 1.1200 0.0000
v 0.3870 1.1200 -0.0000
v 0.3870 1.1200 -0.0000
v 0.3870 1.1200 -0.0000
v 0.3870 1.1200 -0.0000
vt 0.3870 0.0000
vt 0.3703 0.1104
vt 0.3693 0.0000
vt 0.3870 0.0000
vt 0.3870 0.0000
vt 0.3738 0.1246
vt 0.3703 0.1104
vt 0.3870 0.0000
vt 0.3870 0.0000
vt 0.4002 0.1246
vt 0.3738 0.1246
vt 0.3870 0.0000
vt 0.3870 0.0000
vt 0.4037 0.1104
vt 0.4002 0.1246
vt 0.3870 0.0000
vt 0.3870 0.0000
vt 0.4047 0.0000
vt 0.4037 0.1104
vt 0.3870 0.0000
vt 0.3870 -0.0000
vt 0.4037 -0.1104
vt 0.4047 0.0000
vt 0.3870 0.0000
vt 0.3870 -0.0000
vt 0.4002 -0.1246
vt 0.4037 -0.1104
vt 0.3870 -0.0000
vt 0.3870 -0.0000
vt 0.3738 -0.1246
vt 0.4002 -0.1246
vt 0.3870 -0.0000
vt 0.3870 -0.0000
vt 0.3703 -0.1104
vt 0.3738 -0.1246
vt 0.3870 -0.0000
vt 0.3870 0.0000
vt 0.3693 0.0000
vt 0.3703 -0.1104
vt 0.3870 -0.0000
vt 0.1104 1.0414
vt 0.1267 1.0464
vt 0.0000 1.0464
vt 0.0000 1.0414
vt 0.3738 0.1246
vt 0.3719 0.1429
vt 0.3678 0.1267
vt 0.3703 0.1104
vt 0.4002 0.1246
vt 0.4021 0.1429
vt 0.3719 0.1429
vt 0.3738 0.1246
vt 0.4037 0.1104
vt 0.4062 0.1267
vt 0.4021 0.1429
vt 0.4002 0.1246
vt 0.0000 1.0414
vt 0.0000 1.0464
vt 0.1267 1.0464
vt 0.1104 1.0414
vt -0.1104 1.0414
vt -0.1267 1.0464
vt 0.0000 1.0464
vt 0.0000 1.0414
vt 0.4002 -0.1246
vt 0.4021 -0.1429
vt 0.4062 -0.1267
vt 0.4037 -0.1104
vt 0.3738 -0.1246
vt 0.3719 -0.1429
vt 0.4021 -0.1429
vt 0.4002 -0.1246
vt 0.3703 -0.1104
vt 0.3678 -0.1267
vt 0.3719 -0.1429
vt 0.3738 -0.1246
vt 0.0000 1.0414
vt 0.0000 1.0464
vt -0.1267 1.0464
vt -0.1104 1.0414
vt 0.1267 1.0464
vt 0.1313 1.0800
vt 0.0000 1.0800
vt 0.0000 1.0464
vt 0.1429 1.0464
vt 0.1481 1.0800
vt 0.1313 1.0800
vt 0.1267 1.0464
vt 0.4021 1.0464
vt 0.4027 1.0800
vt 0.3713 1.0800
vt 0.3719 1.0464
vt 0.1267 1.0464
vt 0.1313 1.0800
vt 0.1481 1.0800
vt 0.1429 1.0464
vt 0.0000 1.0464
vt 0.0000 1.0800
vt 0.1313 1.0800
vt 0.1267 1.0464
vt -0.1267 1.0464
vt -0.1313 1.0800
vt 0.0000 1.0800
vt 0.0000 1.0464
vt -0.1429 1.0464
vt -0.1481 1.0800
vt -0.1313 1.0800
vt -0.1267 1.0464
vt 0.3719 1.0464
vt 0.3713 1.0800
vt 0.4027 1.0800
vt 0.4021 1.0464
vt -0.1267 1.0464
vt -0.1313 1.0800
vt -0.1481 1.0800
vt -0.1429 1.0464
vt 0.0000 1.0464
vt 0.0000 1.0800
vt -0.1313 1.0800
vt -0.1267 1.0464
vt 0.1313 1.0800
vt 0.1267 1.1136
vt 0.0000 1.1136
vt 0.0000 1.0800
vt 0.1481 1.0800
vt 0.1429 1.1136
vt 0.1267 1.1136
vt 0.1313 1.0800
vt 0.4027 1.0800
vt 0.4021 1.1136
vt 0.3719 1.1136
vt 0.3713 1.0800
vt 0.1313 1.0800
vt 0.1267 1.1136
vt 0.1429 1.1136
vt 0.1481 1.0800
vt 0.0000 1.0800
vt 0.0000 1.1136
vt 0.1267 1.1136
vt 0.1313 1.0800
vt -0.1313 1.0800
vt -0.1267 1.1136
vt 0.0000 1.1136
vt 0.0000 1.0800
vt -0.1481 1.0800
vt -0.1429 1.1136
vt -0.1267 1.1136
vt -0.1313 1.0800
vt 0.3713 1.0800
vt 0.3719 1.1136
vt 0.4021 1.1136
vt 0.4027 1.0800
vt -0.1313 1.0800
vt -0.1267 1.1136
vt -0.1429 1.1136
vt -0.1481 1.0800
vt 0.0000 1.0800
vt 0.0000 1.1136
vt -0.1267 1.1136
vt -0.1313 1.0800
vt 0.1267 1.1136
vt 0.1104 1.1186
vt 0.0000 1.1186
vt 0.0000 1.1136
vt 0.3719 0.1429
vt 0.3738 0.1246
vt 0.3703 0.1104
vt 0.3678 0.1267
vt 0.4021 0.1429
vt 0.4002 0.1246
vt 0.3738 0.1246
vt 0.3719 0.1429
vt 0.4062 0.1267
vt 0.4037 0.1104
vt 0.4002 0.1246
vt 0.4021 0.1429
vt 0.0000 1.1136
vt 0.0000 1.1186
vt 0.1104 1.1186
vt 0.1267 1.1136
vt -0.1267 1.1136
vt -0.1104 1.1186
vt 0.0000 1.1186
vt 0.0000 1.1136
vt 0.4021 -0.1429
vt 0.4002 -0.1246
vt 0.4037 -0.1104
vt 0.4062 -0.1267
vt 0.3719 -0.1429
vt 0.3738 -0.1246
vt 0.4002 -0.1246
vt 0.4021 -0.1429
vt 0.3678 -0.1267
vt 0.3703 -0.1104
vt 0.3738 -0.1246
vt 0.3719 -0.1429
vt 0.0000 1.1136
vt 0.0000 1.1186
vt -0.1104 1.1186
vt -0.1267 1.1136
vt 0.3703 0.1104
vt 0.3870 0.0000
vt 0.3870 0.0000
vt 0.3693 0.0000
vt 0.3738 0.1246
vt 0.3870 0.0000
vt 0.3870 0.0000
vt 0.3703 0.1104
vt 0.4002 0.1246
vt 0.3870 0.0000
vt 0.3870 0.0000
vt 0.3738 0.1246
vt 0.4037 0.1104
vt 0.3870 0.0000
vt 0.3870 0.0000
vt 0.4002 0.1246
vt 0.4047 0.0000
vt 0.3870 0.0000
vt 0.3870 0.0000
vt 0.4037 0.1104
vt 0.4037 -0.1104
vt 0.3870 -0.0000
vt 0.3870 0.0000
vt 0.4047 0.0000
vt 0.4002 -0.1246
vt 0.3870 -0.0000
vt 0.3870 -0.0000
vt 0.4037 -0.1104
vt 0.3738 -0.1246
vt 0.3870 -0.0000
vt 0.3870 -0.0000
vt 0.4002 -0.1246
vt 0.3703 -0.1104
vt 0.3870 -0.0000
vt 0.3870 -0.0000
vt 0.3738 -0.1246
vt 0.3693 0.0000
vt 0.3870 0.0000
vt 0.3870 -0.0000
vt 0.3703 -0.1104
f 1806/4777 1816/4778 1815/4779 1805/4780
f 1807/4781 1817/4782 1816/4783 1806/4784
f 1808/4785 1818/4786 1817/4787 1807/4788
f 1809/4789 1819/4790 1818/4791 1808/4792
f 1810/4793 1820/4794 1819/4795 1809/4796
f 1811/4797 1821/4798 1820/4799 1810/4800
f 1812/4801 1822/4802 1821/4803 1811/4804
f 1813/4805 1823/4806 1822/4807 1812/4808
f 1814/4809 1824/4810 1823/4811 1813/4812
f 1805/4813 1815/4814 1824/4815 1814/4816
f 1816/4817 1826/4818 1825/4819 1815/4820
f 1817/4821 1827/4822 1826/4823 1816/4824
f 1818/4825 1828/4826 1827/4827 1817/4828
f 1819/4829 1829/4830 1828/4831 1818/4832
f 1820/4833 1830/4834 1829/4835 1819/4836
f 1821/4837 1831/4838 1830/4839 1820/4840
f 1822/4841 1832/4842 1831/4843 1821/4844
f 1823/4845 1833/4846 1832/4847 1822/4848
f 1824/4849 1834/4850 1833/4851 1823/4852
f 1815/4853 1825/4854 1834/4855 1824/4856
f 1826/4857 1836/4858 1835/4859 1825/4860
f 1827/4861 1837/4862 1836/4863 1826/4864
f 1828/4865 1838/4866 1837/4867 1827/4868
f 1829/4869 1839/4870 1838/4871 1828/4872
f 1830/4873 1840/4874 1839/4875 1829/4876
f 1831/4877 1841/4878 1840/4879 1830/4880
f 1832/4881 1842/4882 1841/4883 1831/4884
f 1833/4885 1843/4886 1842/4887 1832/4888
f 1834/4889 1844/4890 1843/4891 1833/4892
f 1825/4893 1835/4894 1844/4895 1834/4896
f 1836/4897 1846/4898 1845/4899 1835/4900
f 1837/4901 1847/4902 1846/4903 1836/4904
f 1838/4905 1848/4906 1847/4907 1837/4908
f 1839/4909 1849/4910 1848/4911 1838/4912
f 1840/4913 1850/4914 1849/4915 1839/4916
f 1841/4917 1851/4918 1850/4919 1840/4920
f 1842/4921 1852/4922 1851/4923 1841/4924
f 1843/4925 1853/4926 1852/4927 1842/4928
f 1844/4929 1854/4930 1853/4931 1843/4932
f 1835/4933 1845/4934 1854/4935 1844/4936
f 1846/4937 1856/4938 1855/4939 1845/4940
f 1847/4941 1857/4942 1856/4943 1846/4944
f 1848/4945 1858/4946 1857/4947 1847/4948
f 1849/4949 1859/4950 1858/4951 1848/4952
f 1850/4953 1860/4954 1859/4955 1849/4956
f 1851/4957 1861/4958 1860/4959 1850/4960
f 1852/4961 1862/4962 1861/4963 1851/4964
f 1853/4965 1863/4966 1862/4967 1852/4968
f 1854/4969 1864/4970 1863/4971 1853/4972
f 1845/4973 1855/4974 1864/4975 1854/4976
f 1856/4977 1866/4978 1865/4979 1855/4980
f 1857/4981 1867/4982 1866/4983 1856/4984
f 1858/4985 1868/4986 1867/4987 1857/4988
f 1859/4989 1869/4990 1868/4991 1858/4992
f 1860/4993 1870/4994 1869/4995 1859/4996
f 1861/4997 1871/4998 1870/4999 1860/5000
f 1862/5001 1872/5002 1871/5003 1861/5004
f 1863/5005 1873/5006 1872/5007 1862/5008
f 1864/5009 1874/5010 1873/5011 1863/5012
f 1855/5013 1865/5014 1874/5015 1864/5016
o Pilot_Seat_BackFace
v 0.2174 0.1530 -0.2610
v 0.2174 0.1530 0.2610
v 0.5100 1.4200 0.2610
v 0.5100 1.4200 -0.2610
vt 1.0000 1.0000
vt 0.0000 1.0000
vt 0.0000 0.0000
vt 1.0000 0.0000
f 1878/5017 1877/5018 1876/5019 1875/5020
o Pilot_Harness_L
v 0.3574 1.0865 -0.1314
v 0.3466 1.0865 -0.0846
v 0.3466 1.0935 -0.0846
v 0.3574 1.0935 -0.1314
v 0.2953 0.8765 -0.1435
v 0.3047 0.8765 -0.0965
v 0.3047 0.8835 -0.0965
v 0.2953 0.8835 -0.1435
v 0.2507 0.6365 -0.1112
v 0.2733 0.6365 -0.0688
v 0.2733 0.6435 -0.0688
v 0.2507 0.6435 -0.1112
v 0.1402 0.4465 -0.0619
v 0.1598 0.4465 -0.0181
v 0.1598 0.4535 -0.0181
v 0.1402 0.4535 -0.0619
vt -0.1314 1.0865
vt -0.0846 1.0865
vt -0.0965 0.8765
vt -0.1314 1.0865
vt -0.0965 0.8765
vt -0.1435 0.8765
vt 0.3466 1.0865
vt 0.3466 1.0935
vt 0.3047 0.8835
vt 0.3466 1.0865
vt 0.3047 0.8835
vt 0.3047 0.8765
vt -0.0846 1.0935
vt -0.1314 1.0935
vt -0.1435 0.8835
vt -0.0846 1.0935
vt -0.1435 0.8835
vt -0.0965 0.8835
vt 0.3574 1.0935
vt 0.3574 1.0865
vt 0.2953 0.8765
vt 0.3574 1.0935
vt 0.2953 0.8765
vt 0.2953 0.8835
vt -0.1435 0.8765
vt -0.0965 0.8765
vt -0.0688 0.6365
vt -0.1435 0.8765
vt -0.0688 0.6365
vt -0.1112 0.6365
vt 0.3047 0.8765
vt 0.3047 0.8835
vt 0.2733 0.6435
vt 0.3047 0.8765
vt 0.2733 0.6435
vt 0.2733 0.6365
vt -0.0965 0.8835
vt -0.1435 0.8835
vt -0.1112 0.6435
vt -0.0965 0.8835
vt -0.1112 0.6435
vt -0.0688 0.6435
vt 0.2953 0.8835
vt 0.2953 0.8765
vt 0.2507 0.6365
vt 0.2953 0.8835
vt 0.2507 0.6365
vt 0.2507 0.6435
vt -0.1112 0.6365
vt -0.0688 0.6365
vt -0.0181 0.4465
vt -0.1112 0.6365
vt -0.0181 0.4465
vt -0.0619 0.4465
vt 0.2733 0.6365
vt 0.2733 0.6435
vt 0.1598 0.4535
vt 0.2733 0.6365
vt 0.1598 0.4535
vt 0.1598 0.4465
vt -0.0688 0.6435
vt -0.1112 0.6435
vt -0.0619 0.4535
vt -0.0688 0.6435
vt -0.0619 0.4535
vt -0.0181 0.4535
vt 0.2507 0.6435
vt 0.2507 0.6365
vt 0.1402 0.4465
vt 0.2507 0.6435
vt 0.1402 0.4465
vt 0.1402 0.4535
vt -0.1314 1.0865
vt -0.0846 1.0865
vt -0.0846 1.0935
vt -0.1314 1.0865
vt -0.0846 1.0935
vt -0.1314 1.0935
vt -0.0619 0.4535
vt -0.0181 0.4535
vt -0.0181 0.4465
vt -0.0619 0.4535
vt -0.0181 0.4465
vt -0.0619 0.4465
f 1879/5021 1880/5022 1884/5023
f 1879/5024 1884/5025 1883/5026
f 1880/5027 1881/5028 1885/5029
f 1880/5030 1885/5031 1884/5032
f 1881/5033 1882/5034 1886/5035
f 1881/5036 1886/5037 1885/5038
f 1882/5039 1879/5040 1883/5041
f 1882/5042 1883/5043 1886/5044
f 1883/5045 1884/5046 1888/5047
f 1883/5048 1888/5049 1887/5050
f 1884/5051 1885/5052 1889/5053
f 1884/5054 1889/5055 1888/5056
f 1885/5057 1886/5058 1890/5059
f 1885/5060 1890/5061 1889/5062
f 1886/5063 1883/5064 1887/5065
f 1886/5066 1887/5067 1890/5068
f 1887/5069 1888/5070 1892/5071
f 1887/5072 1892/5073 1891/5074
f 1888/5075 1889/5076 1893/5077
f 1888/5078 1893/5079 1892/5080
f 1889/5081 1890/5082 1894/5083
f 1889/5084 1894/5085 1893/5086
f 1890/5087 1887/5088 1891/5089
f 1890/5090 1891/5091 1894/5092
f 1879/5093 1880/5094 1881/5095
f 1879/5096 1881/5097 1882/5098
f 1894/5099 1893/5100 1892/5101
f 1894/5102 1892/5103 1891/5104
o Pilot_Harness_R
v 0.3466 1.0865 0.0846
v 0.3574 1.0865 0.1314
v 0.3574 1.0935 0.1314
v 0.3466 1.0935 0.0846
v 0.3047 0.8765 0.0965
v 0.2953 0.8765 0.1435
v 0.2953 0.8835 0.1435
v 0.3047 0.8835 0.0965
v 0.2733 0.6365 0.0688
v 0.2507 0.6365 0.1112
v 0.2507 0.6435 0.1112
v 0.2733 0.6435 0.0688
v 0.1598 0.4465 0.0181
v 0.1402 0.4465 0.0619
v 0.1402 0.4535 0.0619
v 0.1598 0.4535 0.0181
vt 0.1435 0.8765
vt 0.1314 1.0865
vt 0.0846 1.0865
vt 0.0965 0.8765
vt 0.1435 0.8765
vt 0.0846 1.0865
vt 0.2953 0.8835
vt 0.3574 1.0935
vt 0.3574 1.0865
vt 0.2953 0.8765
vt 0.2953 0.8835
vt 0.3574 1.0865
vt 0.0965 0.8835
vt 0.0846 1.0935
vt 0.1314 1.0935
vt 0.1435 0.8835
vt 0.0965 0.8835
vt 0.1314 1.0935
vt 0.3047 0.8765
vt 0.3466 1.0865
vt 0.3466 1.0935
vt 0.3047 0.8835
vt 0.3047 0.8765
vt 0.3466 1.0935
vt 0.1112 0.6365
vt 0.1435 0.8765
vt 0.0965 0.8765
vt 0.0688 0.6365
vt 0.1112 0.6365
vt 0.0965 0.8765
vt 0.2507 0.6435
vt 0.2953 0.8835
vt 0.2953 0.8765
vt 0.2507 0.6365
vt 0.2507 0.6435
vt 0.2953 0.8765
vt 0.0688 0.6435
vt 0.0965 0.8835
vt 0.1435 0.8835
vt 0.1112 0.6435
vt 0.0688 0.6435
vt 0.1435 0.8835
vt 0.2733 0.6365
vt 0.3047 0.8765
vt 0.3047 0.8835
vt 0.2733 0.6435
vt 0.2733 0.6365
vt 0.3047 0.8835
vt 0.0619 0.4465
vt 0.1112 0.6365
vt 0.0688 0.6365
vt 0.0181 0.4465
vt 0.0619 0.4465
vt 0.0688 0.6365
vt 0.1402 0.4535
vt 0.2507 0.6435
vt 0.2507 0.6365
vt 0.1402 0.4465
vt 0.1402 0.4535
vt 0.2507 0.6365
vt 0.0181 0.4535
vt 0.0688 0.6435
vt 0.1112 0.6435
vt 0.0619 0.4535
vt 0.0181 0.4535
vt 0.1112 0.6435
vt 0.1598 0.4465
vt 0.2733 0.6365
vt 0.2733 0.6435
vt 0.1598 0.4535
vt 0.1598 0.4465
vt 0.2733 0.6435
vt 0.1314 1.0935
vt 0.1314 1.0865
vt 0.0846 1.0865
vt 0.0846 1.0935
vt 0.1314 1.0935
vt 0.0846 1.0865
vt 0.0619 0.4465
vt 0.0619 0.4535
vt 0.0181 0.4535
vt 0.0181 0.4465
vt 0.0619 0.4465
vt 0.0181 0.4535
f 1900/5105 1896/5106 1895/5107
f 1899/5108 1900/5109 1895/5110
f 1901/5111 1897/5112 1896/5113
f 1900/5114 1901/5115 1896/5116
f 1902/5117 1898/5118 1897/5119
f 1901/5120 1902/5121 1897/5122
f 1899/5123 1895/5124 1898/5125
f 1902/5126 1899/5127 1898/5128
f 1904/5129 1900/5130 1899/5131
f 1903/5132 1904/5133 1899/5134
f 1905/5135 1901/5136 1900/5137
f 1904/5138 1905/5139 1900/5140
f 1906/5141 1902/5142 1901/5143
f 1905/5144 1906/5145 1901/5146
f 1903/5147 1899/5148 1902/5149
f 1906/5150 1903/5151 1902/5152
f 1908/5153 1904/5154 1903/5155
f 1907/5156 1908/5157 1903/5158
f 1909/5159 1905/5160 1904/5161
f 1908/5162 1909/5163 1904/5164
f 1910/5165 1906/5166 1905/5167
f 1909/5168 1910/5169 1905/5170
f 1907/5171 1903/5172 1906/5173
f 1910/5174 1907/5175 1906/5176
f 1897/5177 1896/5178 1895/5179
f 1898/5180 1897/5181 1895/5182
f 1908/5183 1909/5184 1910/5185
f 1907/5186 1908/5187 1910/5188
